datetime,open,high,low,close,volume
2026-07-07T19:05:00+00:00,29183.980000000003,29218.100000000002,29142.230000000003,29145.850000000002,26958
2026-07-07T19:10:00+00:00,29145.850000000002,29157.100000000002,29126.850000000002,29142.100000000002,22321
2026-07-07T19:15:00+00:00,29142.100000000002,29143.480000000003,29078.600000000002,29114.850000000002,22772
2026-07-07T19:20:00+00:00,29114.850000000002,29132.230000000003,29100.480000000003,29119.980000000003,28562
2026-07-07T19:25:00+00:00,29119.980000000003,29136.730000000003,29088.480000000003,29128.980000000003,24142
2026-07-07T19:30:00+00:00,29128.980000000003,29179.230000000003,29123.230000000003,29176.600000000002,32993
2026-07-07T19:35:00+00:00,29176.600000000002,29177.730000000003,29125.480000000003,29131.350000000002,25358
2026-07-07T19:40:00+00:00,29131.350000000002,29135.980000000003,29111.600000000002,29117.850000000002,20450
2026-07-07T19:45:00+00:00,29117.850000000002,29149.730000000003,29114.230000000003,29145.850000000002,22021
2026-07-07T19:50:00+00:00,29145.850000000002,29178.100000000002,29126.850000000002,29177.100000000002,26805
2026-07-07T19:55:00+00:00,29177.100000000002,29207.730000000003,29169.9,29203.350000000002,27928
2026-07-07T20:00:00+00:00,29203.350000000002,29227.58,29195.33,29226.83,12563
2026-07-07T20:05:00+00:00,29226.83,29244.83,29218.2,29233.83,7027
2026-07-07T20:10:00+00:00,29233.83,29237.2,29221.2,29224.83,5424
2026-07-07T20:15:00+00:00,29224.83,29229.2,29201.15,29210.83,4325
2026-07-07T20:20:00+00:00,29210.83,29221.83,29209.95,29221.83,2993
2026-07-07T20:25:00+00:00,29221.83,29231.33,29214.33,29223.83,2545
2026-07-07T20:30:00+00:00,29223.83,29232.2,29220.83,29225.95,2866
2026-07-07T20:35:00+00:00,29225.95,29231.58,29221.83,29226.45,2460
2026-07-07T20:40:00+00:00,29226.45,29230.45,29223.2,29223.7,2181
2026-07-07T20:45:00+00:00,29223.7,29227.58,29219.83,29225.95,1927
2026-07-07T20:50:00+00:00,29225.95,29229.33,29221.7,29226.08,1986
2026-07-07T20:55:00+00:00,29226.08,29230.2,29223.45,29227.280000000002,1893
2026-07-07T22:00:00+00:00,29227.280000000002,29227.280000000002,29133.480000000003,29169.780000000002,6683
2026-07-07T22:05:00+00:00,29169.780000000002,29188.530000000002,29164.230000000003,29178.530000000002,3547
2026-07-07T22:10:00+00:00,29178.530000000002,29189.16,29173.66,29188.91,2827
2026-07-07T22:15:00+00:00,29188.91,29199.530000000002,29187.230000000003,29191.41,2053
2026-07-07T22:20:00+00:00,29191.41,29200.91,29184.980000000003,29190.530000000002,2050
2026-07-07T22:25:00+00:00,29190.530000000002,29190.530000000002,29178.530000000002,29186.280000000002,1964
2026-07-07T22:30:00+00:00,29186.280000000002,29204.41,29177.41,29200.91,2652
2026-07-07T22:35:00+00:00,29200.91,29206.280000000002,29198.230000000003,29206.280000000002,1750
2026-07-07T22:40:00+00:00,29206.280000000002,29211.91,29190.030000000002,29196.91,2328
2026-07-07T22:45:00+00:00,29196.91,29208.16,29185.730000000003,29203.66,2159
2026-07-07T22:50:00+00:00,29203.66,29207.030000000002,29194.41,29195.16,1417
2026-07-07T22:55:00+00:00,29195.16,29207.41,29189.66,29196.16,2282
2026-07-07T23:00:00+00:00,29196.16,29207.41,29177.91,29185.91,2181
2026-07-07T23:05:00+00:00,29185.91,29208.280000000002,29182.980000000003,29185.030000000002,2859
2026-07-07T23:10:00+00:00,29185.030000000002,29192.280000000002,29170.280000000002,29191.030000000002,2475
2026-07-07T23:15:00+00:00,29191.030000000002,29219.41,29186.980000000003,29217.41,2322
2026-07-07T23:20:00+00:00,29217.41,29218.530000000002,29203.480000000003,29207.41,2115
2026-07-07T23:25:00+00:00,29207.41,29213.280000000002,29204.030000000002,29209.91,1861
2026-07-07T23:30:00+00:00,29209.91,29220.41,29194.030000000002,29198.16,2139
2026-07-07T23:35:00+00:00,29198.16,29198.66,29160.030000000002,29169.41,3063
2026-07-07T23:40:00+00:00,29169.41,29171.030000000002,29152.780000000002,29157.780000000002,2868
2026-07-07T23:45:00+00:00,29157.780000000002,29173.16,29139.41,29149.480000000003,6838
2026-07-07T23:50:00+00:00,29149.480000000003,29157.780000000002,29124.730000000003,29134.66,3383
2026-07-07T23:55:00+00:00,29134.66,29136.280000000002,29106.480000000003,29114.280000000002,4104
2026-07-08T00:00:00+00:00,29114.280000000002,29149.66,29079.91,29149.66,10867
2026-07-08T00:05:00+00:00,29149.66,29223.530000000002,29145.730000000003,29214.41,14460
2026-07-08T00:10:00+00:00,29214.41,29239.530000000002,29189.230000000003,29228.91,12852
2026-07-08T00:15:00+00:00,29228.91,29254.66,29204.66,29229.780000000002,12005
2026-07-08T00:20:00+00:00,29229.780000000002,29279.16,29215.66,29277.66,10542
2026-07-08T00:25:00+00:00,29277.66,29291.280000000002,29250.480000000003,29267.230000000003,7914
2026-07-08T00:30:00+00:00,29267.230000000003,29267.530000000002,29228.91,29236.91,10718
2026-07-08T00:35:00+00:00,29236.91,29293.41,29221.480000000003,29290.280000000002,7794
2026-07-08T00:40:00+00:00,29290.280000000002,29329.530000000002,29288.41,29329.530000000002,6522
2026-07-08T00:45:00+00:00,29329.530000000002,29351.16,29325.530000000002,29337.280000000002,7527
2026-07-08T00:50:00+00:00,29337.280000000002,29348.030000000002,29332.16,29344.280000000002,6703
2026-07-08T00:55:00+00:00,29344.280000000002,29360.030000000002,29338.530000000002,29356.41,5032
2026-07-08T01:00:00+00:00,29356.41,29362.280000000002,29335.030000000002,29336.280000000002,6552
2026-07-08T01:05:00+00:00,29336.280000000002,29340.41,29308.41,29323.530000000002,7826
2026-07-08T01:10:00+00:00,29323.530000000002,29371.030000000002,29323.530000000002,29363.91,6493
2026-07-08T01:15:00+00:00,29363.91,29368.030000000002,29333.91,29344.280000000002,5447
2026-07-08T01:20:00+00:00,29344.280000000002,29346.530000000002,29312.16,29317.91,6124
2026-07-08T01:25:00+00:00,29317.91,29326.780000000002,29294.780000000002,29299.41,5997
2026-07-08T01:30:00+00:00,29299.41,29307.91,29266.780000000002,29280.66,8893
2026-07-08T01:35:00+00:00,29280.66,29284.91,29240.91,29268.66,8287
2026-07-08T01:40:00+00:00,29268.66,29285.280000000002,29252.030000000002,29271.780000000002,8636
2026-07-08T01:45:00+00:00,29271.780000000002,29298.530000000002,29270.780000000002,29283.66,8751
2026-07-08T01:50:00+00:00,29283.66,29290.41,29246.980000000003,29249.280000000002,7486
2026-07-08T01:55:00+00:00,29249.280000000002,29261.91,29240.530000000002,29249.91,9347
2026-07-08T02:00:00+00:00,29249.91,29256.280000000002,29215.91,29222.16,8734
2026-07-08T02:05:00+00:00,29222.16,29230.41,29202.91,29220.030000000002,9072
2026-07-08T02:10:00+00:00,29220.030000000002,29234.16,29201.66,29210.16,7414
2026-07-08T02:15:00+00:00,29210.16,29243.91,29205.41,29238.280000000002,7053
2026-07-08T02:20:00+00:00,29238.280000000002,29255.91,29222.16,29253.280000000002,6532
2026-07-08T02:25:00+00:00,29253.280000000002,29272.16,29232.91,29235.16,6678
2026-07-08T02:30:00+00:00,29235.16,29241.030000000002,29213.16,29225.030000000002,8207
2026-07-08T02:35:00+00:00,29225.030000000002,29233.16,29213.41,29231.780000000002,5852
2026-07-08T02:40:00+00:00,29231.780000000002,29270.16,29230.16,29270.030000000002,5218
2026-07-08T02:45:00+00:00,29270.030000000002,29288.530000000002,29268.530000000002,29275.91,6578
2026-07-08T02:50:00+00:00,29275.91,29280.780000000002,29259.16,29275.780000000002,6272
2026-07-08T02:55:00+00:00,29275.780000000002,29282.91,29265.16,29274.41,5526
2026-07-08T03:00:00+00:00,29274.41,29298.16,29274.41,29295.030000000002,5435
2026-07-08T03:05:00+00:00,29295.030000000002,29299.780000000002,29281.16,29297.780000000002,4219
2026-07-08T03:10:00+00:00,29297.780000000002,29308.780000000002,29295.16,29301.530000000002,5000
2026-07-08T03:15:00+00:00,29301.530000000002,29310.66,29290.16,29293.16,4946
2026-07-08T03:20:00+00:00,29293.16,29319.780000000002,29289.030000000002,29314.91,4192
2026-07-08T03:25:00+00:00,29314.91,29332.91,29313.780000000002,29329.030000000002,4403
2026-07-08T03:30:00+00:00,29329.030000000002,29345.530000000002,29316.41,29323.66,6398
2026-07-08T03:35:00+00:00,29323.66,29330.66,29311.41,29318.41,4873
2026-07-08T03:40:00+00:00,29318.41,29319.41,29295.480000000003,29301.780000000002,3876
2026-07-08T03:45:00+00:00,29301.780000000002,29307.16,29288.66,29295.66,5282
2026-07-08T03:50:00+00:00,29295.66,29302.530000000002,29281.530000000002,29285.91,4980
2026-07-08T03:55:00+00:00,29285.91,29287.030000000002,29278.41,29280.530000000002,5007
2026-07-08T04:00:00+00:00,29280.530000000002,29286.91,29265.41,29273.66,5527
2026-07-08T04:05:00+00:00,29273.66,29282.66,29263.530000000002,29278.030000000002,5391
2026-07-08T04:10:00+00:00,29278.030000000002,29278.280000000002,29246.780000000002,29256.16,4979
2026-07-08T04:15:00+00:00,29256.16,29261.66,29244.41,29247.41,5357
2026-07-08T04:20:00+00:00,29247.41,29278.030000000002,29241.780000000002,29272.91,5062
2026-07-08T04:25:00+00:00,29272.91,29274.91,29252.280000000002,29255.030000000002,5141
2026-07-08T04:30:00+00:00,29255.030000000002,29259.530000000002,29216.91,29225.66,5972
2026-07-08T04:35:00+00:00,29225.66,29233.16,29204.91,29218.030000000002,7089
2026-07-08T04:40:00+00:00,29218.030000000002,29233.030000000002,29207.41,29222.66,7591
2026-07-08T04:45:00+00:00,29222.66,29235.280000000002,29208.41,29211.16,7243
2026-07-08T04:50:00+00:00,29211.16,29218.41,29197.16,29198.780000000002,5187
2026-07-08T04:55:00+00:00,29198.780000000002,29230.530000000002,29189.780000000002,29229.16,7316
2026-07-08T05:00:00+00:00,29229.16,29249.16,29213.16,29229.030000000002,8565
2026-07-08T05:05:00+00:00,29229.030000000002,29260.280000000002,29227.280000000002,29241.91,7425
2026-07-08T05:10:00+00:00,29241.91,29243.530000000002,29219.780000000002,29221.780000000002,7573
2026-07-08T05:15:00+00:00,29221.780000000002,29245.530000000002,29212.780000000002,29230.280000000002,8605
2026-07-08T05:20:00+00:00,29230.280000000002,29237.16,29201.530000000002,29203.280000000002,6495
2026-07-08T05:25:00+00:00,29203.280000000002,29219.66,29192.780000000002,29198.280000000002,6411
2026-07-08T05:30:00+00:00,29198.280000000002,29198.41,29162.66,29182.16,6838
2026-07-08T05:35:00+00:00,29182.16,29194.530000000002,29168.030000000002,29169.530000000002,7530
2026-07-08T05:40:00+00:00,29169.530000000002,29191.66,29159.91,29166.16,7046
2026-07-08T05:45:00+00:00,29166.16,29166.91,29127.980000000003,29129.780000000002,5169
2026-07-08T05:50:00+00:00,29129.780000000002,29152.530000000002,29125.66,29151.66,6064
2026-07-08T05:55:00+00:00,29151.66,29176.66,29151.16,29160.91,6681
2026-07-08T06:00:00+00:00,29160.91,29171.530000000002,29142.91,29167.280000000002,7674
2026-07-08T06:05:00+00:00,29167.280000000002,29176.91,29152.530000000002,29167.66,5432
2026-07-08T06:10:00+00:00,29167.66,29174.16,29144.530000000002,29158.16,5282
2026-07-08T06:15:00+00:00,29158.16,29166.280000000002,29148.16,29153.41,6029
2026-07-08T06:20:00+00:00,29153.41,29169.16,29134.530000000002,29166.280000000002,5935
2026-07-08T06:25:00+00:00,29166.280000000002,29171.66,29134.280000000002,29135.030000000002,6345
2026-07-08T06:30:00+00:00,29135.030000000002,29144.780000000002,29112.280000000002,29117.41,6774
2026-07-08T06:35:00+00:00,29117.41,29123.030000000002,29108.280000000002,29118.030000000002,4810
2026-07-08T06:40:00+00:00,29118.030000000002,29128.030000000002,29098.980000000003,29103.16,3896
2026-07-08T06:45:00+00:00,29103.16,29131.66,29096.230000000003,29131.66,4048
2026-07-08T06:50:00+00:00,29131.66,29165.530000000002,29131.16,29153.16,4406
2026-07-08T06:55:00+00:00,29153.16,29153.780000000002,29134.16,29143.530000000002,4779
2026-07-08T07:00:00+00:00,29143.530000000002,29149.66,29108.66,29118.16,8255
2026-07-08T07:05:00+00:00,29118.16,29123.530000000002,29095.780000000002,29111.91,7538
2026-07-08T07:10:00+00:00,29111.91,29137.780000000002,29107.66,29116.66,6802
2026-07-08T07:15:00+00:00,29116.66,29128.16,29095.030000000002,29118.780000000002,7061
2026-07-08T07:20:00+00:00,29118.780000000002,29155.530000000002,29109.66,29154.66,6100
2026-07-08T07:25:00+00:00,29154.66,29168.91,29148.730000000003,29165.16,5932
2026-07-08T07:30:00+00:00,29165.16,29213.030000000002,29160.230000000003,29212.780000000002,6310
2026-07-08T07:35:00+00:00,29212.780000000002,29221.91,29172.530000000002,29174.030000000002,6225
2026-07-08T07:40:00+00:00,29174.030000000002,29208.280000000002,29174.030000000002,29208.16,3968
2026-07-08T07:45:00+00:00,29208.16,29217.66,29200.16,29208.530000000002,5683
2026-07-08T07:50:00+00:00,29208.530000000002,29209.16,29182.41,29201.280000000002,4907
2026-07-08T07:55:00+00:00,29201.280000000002,29203.91,29188.780000000002,29195.030000000002,4210
2026-07-08T08:00:00+00:00,29195.030000000002,29200.41,29162.280000000002,29164.530000000002,8400
2026-07-08T08:05:00+00:00,29164.530000000002,29189.780000000002,29155.16,29184.91,6706
2026-07-08T08:10:00+00:00,29184.91,29226.030000000002,29181.66,29222.780000000002,6041
2026-07-08T08:15:00+00:00,29222.780000000002,29228.530000000002,29066.480000000003,29075.980000000003,26211
2026-07-08T08:20:00+00:00,29075.980000000003,29102.780000000002,28933.980000000003,28939.980000000003,20397
2026-07-08T08:25:00+00:00,28939.980000000003,28948.730000000003,28877.480000000003,28893.230000000003,24390
2026-07-08T08:30:00+00:00,28893.230000000003,28918.280000000002,28847.980000000003,28898.230000000003,20809
2026-07-08T08:35:00+00:00,28898.230000000003,28914.530000000002,28789.530000000002,28794.66,16880
2026-07-08T08:40:00+00:00,28794.66,28842.780000000002,28771.230000000003,28834.980000000003,17817
2026-07-08T08:45:00+00:00,28834.980000000003,28866.780000000002,28814.730000000003,28849.480000000003,12249
2026-07-08T08:50:00+00:00,28849.480000000003,28907.280000000002,28836.480000000003,28880.530000000002,9346
2026-07-08T08:55:00+00:00,28880.530000000002,28912.66,28815.41,28823.16,10080
2026-07-08T09:00:00+00:00,28823.16,28847.280000000002,28794.780000000002,28808.480000000003,9941
2026-07-08T09:05:00+00:00,28808.480000000003,28812.66,28744.480000000003,28762.530000000002,10532
2026-07-08T09:10:00+00:00,28762.530000000002,28788.16,28725.230000000003,28727.91,11166
2026-07-08T09:15:00+00:00,28727.91,28767.530000000002,28722.980000000003,28764.230000000003,11592
2026-07-08T09:20:00+00:00,28764.230000000003,28778.280000000002,28744.980000000003,28749.530000000002,11468
2026-07-08T09:25:00+00:00,28749.530000000002,28784.530000000002,28735.730000000003,28774.530000000002,9214
2026-07-08T09:30:00+00:00,28774.530000000002,28808.030000000002,28766.730000000003,28801.280000000002,7432
2026-07-08T09:35:00+00:00,28801.280000000002,28824.41,28777.780000000002,28795.730000000003,8795
2026-07-08T09:40:00+00:00,28795.730000000003,28802.530000000002,28767.16,28802.16,8713
2026-07-08T09:45:00+00:00,28802.16,28815.530000000002,28770.980000000003,28797.230000000003,6460
2026-07-08T09:50:00+00:00,28797.230000000003,28818.16,28783.480000000003,28794.230000000003,6373
2026-07-08T09:55:00+00:00,28794.230000000003,28802.030000000002,28762.030000000002,28772.030000000002,6243
2026-07-08T10:00:00+00:00,28772.030000000002,28799.280000000002,28756.980000000003,28763.280000000002,6417
2026-07-08T10:05:00+00:00,28763.280000000002,28768.41,28739.66,28762.780000000002,6438
2026-07-08T10:10:00+00:00,28762.780000000002,28771.66,28736.730000000003,28770.730000000003,6741
2026-07-08T10:15:00+00:00,28770.730000000003,28801.41,28761.480000000003,28800.780000000002,6202
2026-07-08T10:20:00+00:00,28800.780000000002,28815.780000000002,28789.41,28800.480000000003,7014
2026-07-08T10:25:00+00:00,28800.480000000003,28835.66,28798.230000000003,28833.780000000002,5281
2026-07-08T10:30:00+00:00,28833.780000000002,28862.91,28809.16,28846.41,7752
2026-07-08T10:35:00+00:00,28846.41,28868.030000000002,28841.030000000002,28855.730000000003,7056
2026-07-08T10:40:00+00:00,28855.730000000003,28867.030000000002,28852.980000000003,28862.530000000002,5353
2026-07-08T10:45:00+00:00,28862.530000000002,28873.980000000003,28842.480000000003,28857.280000000002,5750
2026-07-08T10:50:00+00:00,28857.280000000002,28865.780000000002,28849.16,28855.530000000002,3638
2026-07-08T10:55:00+00:00,28855.530000000002,28868.530000000002,28824.730000000003,28832.230000000003,4876
2026-07-08T11:00:00+00:00,28832.230000000003,28842.41,28799.980000000003,28807.780000000002,8320
2026-07-08T11:05:00+00:00,28807.780000000002,28837.780000000002,28803.730000000003,28811.530000000002,8297
2026-07-08T11:10:00+00:00,28811.530000000002,28820.530000000002,28791.030000000002,28816.16,5769
2026-07-08T11:15:00+00:00,28816.16,28825.91,28800.730000000003,28817.030000000002,5160
2026-07-08T11:20:00+00:00,28817.030000000002,28824.16,28789.41,28795.030000000002,5842
2026-07-08T11:25:00+00:00,28795.030000000002,28813.530000000002,28791.280000000002,28800.780000000002,5923
2026-07-08T11:30:00+00:00,28800.780000000002,28830.530000000002,28786.480000000003,28830.030000000002,5922
2026-07-08T11:35:00+00:00,28830.030000000002,28846.030000000002,28814.16,28817.66,5966
2026-07-08T11:40:00+00:00,28817.66,28938.41,28805.980000000003,28898.480000000003,14136
2026-07-08T11:45:00+00:00,28898.480000000003,28919.16,28876.230000000003,28892.980000000003,11996
2026-07-08T11:50:00+00:00,28892.980000000003,28910.280000000002,28867.230000000003,28906.280000000002,8363
2026-07-08T11:55:00+00:00,28906.280000000002,28929.530000000002,28890.230000000003,28902.530000000002,6868
2026-07-08T12:00:00+00:00,28902.530000000002,28924.780000000002,28866.980000000003,28922.030000000002,7456
2026-07-08T12:05:00+00:00,28922.030000000002,28994.66,28921.91,28987.41,9813
2026-07-08T12:10:00+00:00,28987.41,28997.280000000002,28959.91,28963.030000000002,6498
2026-07-08T12:15:00+00:00,28963.030000000002,28971.41,28950.280000000002,28965.030000000002,6807
2026-07-08T12:20:00+00:00,28965.030000000002,28967.030000000002,28939.030000000002,28943.780000000002,5723
2026-07-08T12:25:00+00:00,28943.780000000002,28993.030000000002,28938.030000000002,28991.030000000002,7146
2026-07-08T12:30:00+00:00,28991.030000000002,29006.16,28961.66,28970.16,7129
2026-07-08T12:35:00+00:00,28970.16,28987.030000000002,28959.780000000002,28979.280000000002,5425
2026-07-08T12:40:00+00:00,28979.280000000002,28998.91,28970.66,28997.530000000002,5368
2026-07-08T12:45:00+00:00,28997.530000000002,29006.780000000002,28983.41,28992.16,6734
2026-07-08T12:50:00+00:00,28992.16,29035.030000000002,28990.530000000002,29031.530000000002,6367
2026-07-08T12:55:00+00:00,29031.530000000002,29052.66,28965.66,28967.66,13468
2026-07-08T13:00:00+00:00,28967.66,29006.030000000002,28962.030000000002,28994.280000000002,12105
2026-07-08T13:05:00+00:00,28994.280000000002,29006.66,28971.16,29001.66,11030
2026-07-08T13:10:00+00:00,29001.66,29035.16,28979.280000000002,29026.030000000002,9265
2026-07-08T13:15:00+00:00,29026.030000000002,29039.91,29009.66,29027.66,10684
2026-07-08T13:20:00+00:00,29027.66,29031.66,28984.280000000002,28994.780000000002,8714
2026-07-08T13:25:00+00:00,28994.780000000002,29043.030000000002,28967.280000000002,29015.16,14705
2026-07-08T13:30:00+00:00,29015.16,29141.31,29015.16,29117.31,63126
2026-07-08T13:35:00+00:00,29117.31,29151.31,29068.31,29134.18,60417
2026-07-08T13:40:00+00:00,29134.18,29199.31,29125.480000000003,29162.93,55395
2026-07-08T13:45:00+00:00,29162.93,29212.81,29115.230000000003,29117.06,54161
2026-07-08T13:50:00+00:00,29117.06,29187.43,29101.93,29135.31,48578
2026-07-08T13:55:00+00:00,29135.31,29208.56,29105.230000000003,29180.31,47724
2026-07-08T14:00:00+00:00,29180.31,29203.18,29111.81,29129.93,45301
2026-07-08T14:05:00+00:00,29129.93,29161.31,29115.730000000003,29135.68,36308
2026-07-08T14:10:00+00:00,29135.68,29148.93,29059.43,29085.68,47177
2026-07-08T14:15:00+00:00,29085.68,29129.43,29049.43,29099.06,45300
2026-07-08T14:20:00+00:00,29099.06,29187.06,29081.06,29127.06,42911
2026-07-08T14:25:00+00:00,29127.06,29172.31,29068.43,29106.18,40627
2026-07-08T14:30:00+00:00,29106.18,29149.56,29077.81,29124.93,41925
2026-07-08T14:35:00+00:00,29124.93,29125.56,29057.56,29068.06,42934
2026-07-08T14:40:00+00:00,29068.06,29096.06,29022.81,29066.56,35210
2026-07-08T14:45:00+00:00,29066.56,29072.18,28986.06,28987.43,35395
2026-07-08T14:50:00+00:00,28987.43,29111.18,28965.06,29059.06,44438
2026-07-08T14:55:00+00:00,29059.06,29103.18,29007.480000000003,29025.06,36663
2026-07-08T15:00:00+00:00,29025.06,29038.06,28994.43,28997.06,36982
2026-07-08T15:05:00+00:00,28997.06,29036.81,28993.06,29008.18,31939
2026-07-08T15:10:00+00:00,29008.18,29023.93,28945.18,28951.68,29897
2026-07-08T15:15:00+00:00,28951.68,28975.56,28907.230000000003,28955.68,32479
2026-07-08T15:20:00+00:00,28955.68,28965.43,28869.81,28877.31,33077
2026-07-08T15:25:00+00:00,28877.31,28888.93,28848.81,28871.43,33553
2026-07-08T15:30:00+00:00,28871.43,28920.93,28848.18,28919.56,28077
2026-07-08T15:35:00+00:00,28919.56,28966.68,28898.43,28920.93,32600
2026-07-08T15:40:00+00:00,28920.93,28958.43,28915.230000000003,28928.31,20647
2026-07-08T15:45:00+00:00,28928.31,28944.68,28894.480000000003,28909.31,25587
2026-07-08T15:50:00+00:00,28909.31,28914.56,28865.06,28892.93,20567
2026-07-08T15:55:00+00:00,28892.93,28922.68,28875.230000000003,28910.81,24302
2026-07-08T16:00:00+00:00,28910.81,28956.68,28906.480000000003,28952.93,24262
2026-07-08T16:05:00+00:00,28952.93,28989.93,28939.81,28983.56,18649
2026-07-08T16:10:00+00:00,28983.56,29036.18,28982.81,29028.81,13281
2026-07-08T16:15:00+00:00,29028.81,29056.31,29008.68,29055.06,12760
2026-07-08T16:20:00+00:00,29055.06,29111.56,29053.68,29072.06,14650
2026-07-08T16:25:00+00:00,29072.06,29116.56,29068.31,29090.56,11409
2026-07-08T16:30:00+00:00,29090.56,29144.93,29083.81,29089.18,13291
2026-07-08T16:35:00+00:00,29089.18,29127.31,29059.730000000003,29109.31,13362
2026-07-08T16:40:00+00:00,29109.31,29162.93,29087.480000000003,29145.31,17868
2026-07-08T16:45:00+00:00,29145.31,29165.31,29123.56,29162.31,16613
2026-07-08T16:50:00+00:00,29162.31,29186.56,29146.31,29171.68,18446
2026-07-08T16:55:00+00:00,29171.68,29190.93,29159.93,29186.68,15975
2026-07-08T17:00:00+00:00,29186.68,29189.81,29157.81,29166.06,14230
2026-07-08T17:05:00+00:00,29166.06,29203.68,29160.18,29175.31,16363
2026-07-08T17:10:00+00:00,29175.31,29178.81,29149.31,29150.43,15128
2026-07-08T17:15:00+00:00,29150.43,29196.43,29148.81,29191.43,13922
2026-07-08T17:20:00+00:00,29191.43,29234.81,29181.81,29233.81,16450
2026-07-08T17:25:00+00:00,29233.81,29258.56,29227.93,29254.81,16673
2026-07-08T17:30:00+00:00,29254.81,29271.68,29247.81,29251.18,15172
2026-07-08T17:35:00+00:00,29251.18,29263.56,29236.18,29237.18,13440
2026-07-08T17:40:00+00:00,29237.18,29241.06,29196.730000000003,29202.06,13308
2026-07-08T17:45:00+00:00,29202.06,29202.56,29160.81,29168.81,15201
2026-07-08T17:50:00+00:00,29168.81,29203.31,29163.31,29168.93,14585
2026-07-08T17:55:00+00:00,29168.93,29169.56,29138.06,29166.93,11081
2026-07-08T18:00:00+00:00,29166.93,29233.06,29142.730000000003,29218.68,16578
2026-07-08T18:05:00+00:00,29218.68,29227.530000000002,29189.56,29225.910000000003,16022.124549079173
2026-07-08T18:10:00+00:00,29225.910000000003,29238.780000000002,29205.410000000003,29220.030000000002,13405
2026-07-08T18:15:00+00:00,29220.030000000002,29232.280000000002,29196.160000000003,29225.280000000002,12933
2026-07-08T18:20:00+00:00,29225.280000000002,29225.660000000003,29194.910000000003,29196.910000000003,13494
2026-07-08T18:25:00+00:00,29196.910000000003,29219.160000000003,29183.280000000002,29185.660000000003,11599
2026-07-08T18:30:00+00:00,29185.660000000003,29193.530000000002,29160.910000000003,29173.030000000002,14181
2026-07-08T18:35:00+00:00,29173.030000000002,29225.280000000002,29167.910000000003,29221.910000000003,16333
2026-07-08T18:40:00+00:00,29221.910000000003,29231.410000000003,29186.160000000003,29214.410000000003,12686
2026-07-08T18:45:00+00:00,29214.410000000003,29222.780000000002,29193.780000000002,29216.910000000003,10227
2026-07-08T18:50:00+00:00,29216.910000000003,29237.780000000002,29208.660000000003,29218.160000000003,11913
2026-07-08T18:55:00+00:00,29218.160000000003,29222.280000000002,29197.160000000003,29218.780000000002,11621
2026-07-08T19:00:00+00:00,29218.780000000002,29250.030000000002,29205.780000000002,29214.780000000002,14794
2026-07-08T19:05:00+00:00,29214.780000000002,29227.410000000003,29189.910000000003,29222.780000000002,12941
2026-07-08T19:10:00+00:00,29222.780000000002,29225.280000000002,29201.780000000002,29209.780000000002,12001
2026-07-08T19:15:00+00:00,29209.780000000002,29215.910000000003,29193.780000000002,29203.780000000002,12364
2026-07-08T19:20:00+00:00,29203.780000000002,29232.030000000002,29197.410000000003,29220.780000000002,11333
2026-07-08T19:25:00+00:00,29220.780000000002,29251.660000000003,29218.030000000002,29238.910000000003,11700
2026-07-08T19:30:00+00:00,29238.910000000003,29246.910000000003,29202.030000000002,29212.410000000003,19139
2026-07-08T19:35:00+00:00,29212.410000000003,29241.280000000002,29205.160000000003,29228.660000000003,13942
2026-07-08T19:40:00+00:00,29228.660000000003,29233.530000000002,29208.660000000003,29231.160000000003,13823
2026-07-08T19:45:00+00:00,29231.160000000003,29237.410000000003,29194.580000000005,29217.780000000002,16523
2026-07-08T19:50:00+00:00,29217.780000000002,29276.780000000002,29201.830000000005,29273.660000000003,18536
2026-07-08T19:55:00+00:00,29273.660000000003,29313.530000000002,29264.080000000005,29271.410000000003,22852
2026-07-08T20:00:00+00:00,29271.410000000003,29281.880000000005,29237.880000000005,29252.380000000005,11282
2026-07-08T20:05:00+00:00,29252.380000000005,29262.260000000002,29240.260000000002,29250.130000000005,5180
2026-07-08T20:10:00+00:00,29250.130000000005,29250.510000000002,29216.380000000005,29237.510000000002,5586
2026-07-08T20:15:00+00:00,29237.510000000002,29239.010000000002,29199.510000000002,29208.760000000002,5054
2026-07-08T20:20:00+00:00,29208.760000000002,29214.630000000005,29200.260000000002,29210.130000000005,4370
2026-07-08T20:25:00+00:00,29210.130000000005,29212.880000000005,29202.880000000005,29208.010000000002,3125
2026-07-08T20:30:00+00:00,29208.010000000002,29212.010000000002,29186.130000000005,29189.510000000002,4617
2026-07-08T20:35:00+00:00,29189.510000000002,29192.510000000002,29165.880000000005,29191.260000000002,5859
2026-07-08T20:40:00+00:00,29191.260000000002,29211.010000000002,29187.760000000002,29198.880000000005,4513
2026-07-08T20:45:00+00:00,29198.880000000005,29208.010000000002,29193.130000000005,29201.130000000005,3369
2026-07-08T20:50:00+00:00,29201.130000000005,29215.880000000005,29198.760000000002,29203.880000000005,2970
2026-07-08T20:55:00+00:00,29203.880000000005,29220.080000000005,29187.260000000002,29203.960000000003,3303
2026-07-08T22:00:00+00:00,29203.960000000003,29261.090000000004,29203.960000000003,29249.160000000003,2786
2026-07-08T22:05:00+00:00,29249.160000000003,29259.660000000003,29218.910000000003,29233.210000000003,2012
2026-07-08T22:10:00+00:00,29233.210000000003,29252.710000000003,29228.410000000003,29249.090000000004,1397
2026-07-08T22:15:00+00:00,29249.090000000004,29264.210000000003,29235.960000000003,29242.960000000003,1450
2026-07-08T22:20:00+00:00,29242.960000000003,29242.960000000003,29224.910000000003,29238.410000000003,1165
2026-07-08T22:25:00+00:00,29238.410000000003,29240.460000000003,29219.910000000003,29238.710000000003,1457
2026-07-08T22:30:00+00:00,29238.710000000003,29252.910000000003,29222.410000000003,29247.160000000003,2836
2026-07-08T22:35:00+00:00,29247.160000000003,29248.160000000003,29226.660000000003,29229.910000000003,1939
2026-07-08T22:40:00+00:00,29229.910000000003,29232.910000000003,29221.410000000003,29223.840000000004,1614
2026-07-08T22:45:00+00:00,29223.840000000004,29232.210000000003,29222.660000000003,29229.710000000003,1171
2026-07-08T22:50:00+00:00,29229.710000000003,29238.960000000003,29220.910000000003,29223.960000000003,1580
2026-07-08T22:55:00+00:00,29223.960000000003,29243.710000000003,29221.910000000003,29240.590000000004,1300
2026-07-08T23:00:00+00:00,29240.590000000004,29250.590000000004,29238.090000000004,29248.160000000003,2089
2026-07-08T23:05:00+00:00,29248.160000000003,29271.410000000003,29242.960000000003,29265.960000000003,2085
2026-07-08T23:10:00+00:00,29265.960000000003,29270.090000000004,29255.960000000003,29260.340000000004,1581
2026-07-08T23:15:00+00:00,29260.340000000004,29260.340000000004,29224.210000000003,29224.460000000003,2193
2026-07-08T23:20:00+00:00,29224.460000000003,29234.710000000003,29210.910000000003,29228.460000000003,2147
2026-07-08T23:25:00+00:00,29228.460000000003,29240.960000000003,29213.210000000003,29239.340000000004,2557
2026-07-08T23:30:00+00:00,29239.340000000004,29259.840000000004,29215.910000000003,29251.840000000004,2204
2026-07-08T23:35:00+00:00,29251.840000000004,29301.340000000004,29245.910000000003,29262.410000000003,3640
2026-07-08T23:40:00+00:00,29262.410000000003,29300.460000000003,29258.410000000003,29295.460000000003,2474
2026-07-08T23:45:00+00:00,29295.460000000003,29313.960000000003,29286.160000000003,29300.460000000003,5180
2026-07-08T23:50:00+00:00,29300.460000000003,29305.410000000003,29283.410000000003,29298.710000000003,4642
2026-07-08T23:55:00+00:00,29298.710000000003,29318.210000000003,29296.660000000003,29307.340000000004,5300
2026-07-09T00:00:00+00:00,29307.340000000004,29356.090000000004,29305.910000000003,29341.410000000003,10832
2026-07-09T00:05:00+00:00,29341.410000000003,29366.460000000003,29331.410000000003,29354.840000000004,9222
2026-07-09T00:10:00+00:00,29354.840000000004,29379.590000000004,29345.590000000004,29378.960000000003,6233
2026-07-09T00:15:00+00:00,29378.960000000003,29382.590000000004,29334.210000000003,29339.710000000003,7254
2026-07-09T00:20:00+00:00,29339.710000000003,29367.090000000004,29335.960000000003,29354.340000000004,5408
2026-07-09T00:25:00+00:00,29354.340000000004,29380.960000000003,29342.340000000004,29376.340000000004,5623
2026-07-09T00:30:00+00:00,29376.340000000004,29398.090000000004,29342.660000000003,29353.460000000003,7775
2026-07-09T00:35:00+00:00,29353.460000000003,29370.460000000003,29339.840000000004,29352.210000000003,7751
2026-07-09T00:40:00+00:00,29352.210000000003,29352.710000000003,29327.590000000004,29335.090000000004,6062
2026-07-09T00:45:00+00:00,29335.090000000004,29377.960000000003,29328.210000000003,29373.090000000004,6581
2026-07-09T00:50:00+00:00,29373.090000000004,29377.340000000004,29312.340000000004,29314.090000000004,6807
2026-07-09T00:55:00+00:00,29314.090000000004,29329.590000000004,29302.160000000003,29318.840000000004,8084
2026-07-09T01:00:00+00:00,29318.840000000004,29337.460000000003,29278.090000000004,29291.090000000004,9969
2026-07-09T01:05:00+00:00,29291.090000000004,29349.590000000004,29284.460000000003,29348.210000000003,7593
2026-07-09T01:10:00+00:00,29348.210000000003,29353.340000000004,29327.090000000004,29328.090000000004,5747
2026-07-09T01:15:00+00:00,29328.090000000004,29357.210000000003,29316.160000000003,29354.340000000004,5879
2026-07-09T01:20:00+00:00,29354.340000000004,29370.340000000004,29334.910000000003,29342.340000000004,5826
2026-07-09T01:25:00+00:00,29342.340000000004,29350.960000000003,29322.460000000003,29345.460000000003,6119
2026-07-09T01:30:00+00:00,29345.460000000003,29356.340000000004,29323.840000000004,29335.910000000003,8178
2026-07-09T01:35:00+00:00,29335.910000000003,29351.090000000004,29328.340000000004,29336.460000000003,7723
2026-07-09T01:40:00+00:00,29336.460000000003,29348.960000000003,29322.340000000004,29346.210000000003,6871
2026-07-09T01:45:00+00:00,29346.210000000003,29352.960000000003,29325.590000000004,29344.090000000004,8332
2026-07-09T01:50:00+00:00,29344.090000000004,29345.840000000004,29290.710000000003,29292.340000000004,7614
2026-07-09T01:55:00+00:00,29292.340000000004,29293.210000000003,29260.160000000003,29264.840000000004,10212
2026-07-09T02:00:00+00:00,29264.840000000004,29280.960000000003,29241.710000000003,29272.960000000003,11113
2026-07-09T02:05:00+00:00,29272.960000000003,29328.460000000003,29270.460000000003,29321.090000000004,9005
2026-07-09T02:10:00+00:00,29321.090000000004,29344.210000000003,29316.090000000004,29341.710000000003,5282
2026-07-09T02:15:00+00:00,29341.710000000003,29366.960000000003,29332.340000000004,29363.590000000004,4393
2026-07-09T02:20:00+00:00,29363.590000000004,29392.340000000004,29345.590000000004,29346.210000000003,5685
2026-07-09T02:25:00+00:00,29346.210000000003,29362.340000000004,29335.960000000003,29349.460000000003,6043
2026-07-09T02:30:00+00:00,29349.460000000003,29358.710000000003,29325.460000000003,29326.590000000004,6178
2026-07-09T02:35:00+00:00,29326.590000000004,29330.090000000004,29295.460000000003,29316.710000000003,6838
2026-07-09T02:40:00+00:00,29316.710000000003,29320.710000000003,29276.160000000003,29278.210000000003,5656
2026-07-09T02:45:00+00:00,29278.210000000003,29283.090000000004,29253.710000000003,29266.590000000004,8031
2026-07-09T02:50:00+00:00,29266.590000000004,29270.960000000003,29234.910000000003,29253.340000000004,7065
2026-07-09T02:55:00+00:00,29253.340000000004,29263.590000000004,29237.410000000003,29244.840000000004,7561
2026-07-09T03:00:00+00:00,29244.840000000004,29251.460000000003,29220.590000000004,29233.590000000004,7290
2026-07-09T03:05:00+00:00,29233.590000000004,29265.340000000004,29231.160000000003,29255.960000000003,6942
2026-07-09T03:10:00+00:00,29255.960000000003,29258.590000000004,29223.710000000003,29237.210000000003,7550
2026-07-09T03:15:00+00:00,29237.210000000003,29241.590000000004,29211.960000000003,29225.960000000003,7072
2026-07-09T03:20:00+00:00,29225.960000000003,29257.210000000003,29222.660000000003,29256.460000000003,7121
2026-07-09T03:25:00+00:00,29256.460000000003,29296.590000000004,29255.710000000003,29295.340000000004,6043
2026-07-09T03:30:00+00:00,29295.340000000004,29316.960000000003,29289.710000000003,29304.710000000003,6996
2026-07-09T03:35:00+00:00,29304.710000000003,29315.460000000003,29299.340000000004,29306.590000000004,7792
2026-07-09T03:40:00+00:00,29306.590000000004,29329.590000000004,29296.090000000004,29326.090000000004,6828
2026-07-09T03:45:00+00:00,29326.090000000004,29331.710000000003,29310.960000000003,29325.840000000004,5650
2026-07-09T03:50:00+00:00,29325.840000000004,29331.590000000004,29317.840000000004,29325.840000000004,5577
2026-07-09T03:55:00+00:00,29325.840000000004,29332.840000000004,29316.210000000003,29321.590000000004,4439
2026-07-09T04:00:00+00:00,29321.590000000004,29332.090000000004,29315.460000000003,29325.210000000003,4675
2026-07-09T04:05:00+00:00,29325.210000000003,29332.710000000003,29315.960000000003,29323.460000000003,5224
2026-07-09T04:10:00+00:00,29323.460000000003,29327.840000000004,29309.710000000003,29315.090000000004,4764
2026-07-09T04:15:00+00:00,29315.090000000004,29333.340000000004,29306.460000000003,29307.340000000004,5099
2026-07-09T04:20:00+00:00,29307.340000000004,29311.710000000003,29290.090000000004,29290.590000000004,5222
2026-07-09T04:25:00+00:00,29290.590000000004,29297.460000000003,29278.090000000004,29288.460000000003,6507
2026-07-09T04:30:00+00:00,29288.460000000003,29345.960000000003,29288.340000000004,29333.960000000003,5992
2026-07-09T04:35:00+00:00,29333.960000000003,29347.210000000003,29324.210000000003,29342.960000000003,5554
2026-07-09T04:40:00+00:00,29342.960000000003,29354.460000000003,29333.960000000003,29352.460000000003,4552
2026-07-09T04:45:00+00:00,29352.460000000003,29353.590000000004,29336.210000000003,29343.210000000003,3864
2026-07-09T04:50:00+00:00,29343.210000000003,29364.460000000003,29341.460000000003,29363.590000000004,5036
2026-07-09T04:55:00+00:00,29363.590000000004,29374.210000000003,29358.340000000004,29367.960000000003,4191
2026-07-09T05:00:00+00:00,29367.960000000003,29377.090000000004,29342.590000000004,29347.840000000004,5218
2026-07-09T05:05:00+00:00,29347.840000000004,29350.960000000003,29323.960000000003,29338.590000000004,6606
2026-07-09T05:10:00+00:00,29338.590000000004,29412.340000000004,29337.910000000003,29383.710000000003,9184
2026-07-09T05:15:00+00:00,29383.710000000003,29393.210000000003,29343.960000000003,29351.090000000004,6000
2026-07-09T05:20:00+00:00,29351.090000000004,29356.340000000004,29332.210000000003,29334.590000000004,5540
2026-07-09T05:25:00+00:00,29334.590000000004,29343.960000000003,29327.590000000004,29329.460000000003,6252
2026-07-09T05:30:00+00:00,29329.460000000003,29346.460000000003,29289.840000000004,29346.210000000003,6937
2026-07-09T05:35:00+00:00,29346.210000000003,29354.710000000003,29327.160000000003,29338.090000000004,7181
2026-07-09T05:40:00+00:00,29338.090000000004,29352.710000000003,29327.410000000003,29351.710000000003,6949
2026-07-09T05:45:00+00:00,29351.710000000003,29380.590000000004,29347.410000000003,29380.090000000004,5811
2026-07-09T05:50:00+00:00,29380.090000000004,29400.090000000004,29374.460000000003,29396.090000000004,6414
2026-07-09T05:55:00+00:00,29396.090000000004,29424.710000000003,29392.210000000003,29422.340000000004,5400
2026-07-09T06:00:00+00:00,29422.340000000004,29431.590000000004,29404.210000000003,29404.710000000003,7614
2026-07-09T06:05:00+00:00,29404.710000000003,29424.210000000003,29387.460000000003,29412.460000000003,7238
2026-07-09T06:10:00+00:00,29412.460000000003,29429.090000000004,29403.710000000003,29420.710000000003,4313
2026-07-09T06:15:00+00:00,29420.710000000003,29452.090000000004,29417.590000000004,29440.710000000003,5330
2026-07-09T06:20:00+00:00,29440.710000000003,29454.960000000003,29430.090000000004,29450.460000000003,4717
2026-07-09T06:25:00+00:00,29450.460000000003,29458.460000000003,29437.840000000004,29443.590000000004,4540
2026-07-09T06:30:00+00:00,29443.590000000004,29445.960000000003,29413.590000000004,29421.090000000004,7916
2026-07-09T06:35:00+00:00,29421.090000000004,29444.090000000004,29420.840000000004,29440.590000000004,4298
2026-07-09T06:40:00+00:00,29440.590000000004,29452.590000000004,29437.710000000003,29444.710000000003,3469
2026-07-09T06:45:00+00:00,29444.710000000003,29446.090000000004,29435.340000000004,29436.090000000004,3407
2026-07-09T06:50:00+00:00,29436.090000000004,29447.590000000004,29435.340000000004,29439.590000000004,2730
2026-07-09T06:55:00+00:00,29439.590000000004,29439.590000000004,29416.710000000003,29427.710000000003,4026
2026-07-09T07:00:00+00:00,29427.710000000003,29453.960000000003,29419.910000000003,29440.090000000004,7139
2026-07-09T07:05:00+00:00,29440.090000000004,29452.340000000004,29418.960000000003,29444.340000000004,7456
2026-07-09T07:10:00+00:00,29444.340000000004,29470.840000000004,29436.460000000003,29470.710000000003,5678
2026-07-09T07:15:00+00:00,29470.710000000003,29474.460000000003,29460.340000000004,29472.090000000004,4240
2026-07-09T07:20:00+00:00,29472.090000000004,29476.590000000004,29455.340000000004,29464.460000000003,4257
2026-07-09T07:25:00+00:00,29464.460000000003,29482.590000000004,29462.340000000004,29467.210000000003,3421
2026-07-09T07:30:00+00:00,29467.210000000003,29476.710000000003,29464.410000000003,29472.710000000003,3845
2026-07-09T07:35:00+00:00,29472.710000000003,29483.340000000004,29457.090000000004,29466.460000000003,3766
2026-07-09T07:40:00+00:00,29466.460000000003,29498.710000000003,29456.210000000003,29496.710000000003,3749
2026-07-09T07:45:00+00:00,29496.710000000003,29510.460000000003,29491.090000000004,29506.090000000004,3670
2026-07-09T07:50:00+00:00,29506.090000000004,29521.710000000003,29504.840000000004,29506.090000000004,3291
2026-07-09T07:55:00+00:00,29506.090000000004,29506.340000000004,29486.590000000004,29499.840000000004,4681
2026-07-09T08:00:00+00:00,29499.840000000004,29538.340000000004,29479.460000000003,29530.090000000004,7293
2026-07-09T08:05:00+00:00,29530.090000000004,29549.590000000004,29525.340000000004,29544.210000000003,6003
2026-07-09T08:10:00+00:00,29544.210000000003,29544.840000000004,29516.960000000003,29519.210000000003,5721
2026-07-09T08:15:00+00:00,29519.210000000003,29550.710000000003,29509.590000000004,29529.710000000003,5596
2026-07-09T08:20:00+00:00,29529.710000000003,29532.590000000004,29517.210000000003,29525.460000000003,4336
2026-07-09T08:25:00+00:00,29525.460000000003,29536.710000000003,29511.460000000003,29514.460000000003,4736
2026-07-09T08:30:00+00:00,29514.460000000003,29520.210000000003,29483.710000000003,29486.710000000003,5659
2026-07-09T08:35:00+00:00,29486.710000000003,29497.460000000003,29482.090000000004,29486.210000000003,4752
2026-07-09T08:40:00+00:00,29486.210000000003,29495.210000000003,29475.460000000003,29492.840000000004,4909
2026-07-09T08:45:00+00:00,29492.840000000004,29497.210000000003,29458.590000000004,29463.460000000003,5537
2026-07-09T08:50:00+00:00,29463.460000000003,29483.460000000003,29459.960000000003,29479.960000000003,4688
2026-07-09T08:55:00+00:00,29479.960000000003,29490.840000000004,29464.460000000003,29476.840000000004,4731
2026-07-09T09:00:00+00:00,29476.840000000004,29485.090000000004,29456.090000000004,29464.960000000003,5209
2026-07-09T09:05:00+00:00,29464.960000000003,29474.840000000004,29444.840000000004,29456.840000000004,5005
2026-07-09T09:10:00+00:00,29456.840000000004,29462.090000000004,29445.340000000004,29455.710000000003,5119
2026-07-09T09:15:00+00:00,29455.710000000003,29474.710000000003,29450.340000000004,29461.460000000003,4659
2026-07-09T09:20:00+00:00,29461.460000000003,29466.340000000004,29449.960000000003,29456.590000000004,4517
2026-07-09T09:25:00+00:00,29456.590000000004,29477.710000000003,29448.340000000004,29466.090000000004,5115
2026-07-09T09:30:00+00:00,29466.090000000004,29476.960000000003,29452.710000000003,29461.960000000003,5285
2026-07-09T09:35:00+00:00,29461.960000000003,29471.460000000003,29447.340000000004,29459.210000000003,4702
2026-07-09T09:40:00+00:00,29459.210000000003,29468.340000000004,29428.590000000004,29437.460000000003,6269
2026-07-09T09:45:00+00:00,29437.460000000003,29448.960000000003,29433.840000000004,29441.710000000003,4524
2026-07-09T09:50:00+00:00,29441.710000000003,29461.460000000003,29439.340000000004,29460.960000000003,3865
2026-07-09T09:55:00+00:00,29460.960000000003,29464.090000000004,29454.590000000004,29460.090000000004,3564
2026-07-09T10:00:00+00:00,29460.090000000004,29471.340000000004,29450.590000000004,29460.340000000004,3432
2026-07-09T10:05:00+00:00,29460.340000000004,29471.710000000003,29449.340000000004,29459.340000000004,3947
2026-07-09T10:10:00+00:00,29459.340000000004,29470.710000000003,29452.460000000003,29462.210000000003,3748
2026-07-09T10:15:00+00:00,29462.210000000003,29483.090000000004,29460.210000000003,29479.340000000004,3626
2026-07-09T10:20:00+00:00,29479.340000000004,29484.340000000004,29464.590000000004,29466.840000000004,3566
2026-07-09T10:25:00+00:00,29466.840000000004,29467.840000000004,29447.460000000003,29465.710000000003,3270
2026-07-09T10:30:00+00:00,29465.710000000003,29465.710000000003,29444.460000000003,29458.590000000004,4265
2026-07-09T10:35:00+00:00,29458.590000000004,29475.840000000004,29453.960000000003,29462.460000000003,3542
2026-07-09T10:40:00+00:00,29462.460000000003,29465.710000000003,29447.840000000004,29455.340000000004,5157
2026-07-09T10:45:00+00:00,29455.340000000004,29460.460000000003,29419.710000000003,29420.590000000004,4915
2026-07-09T10:50:00+00:00,29420.590000000004,29425.590000000004,29381.090000000004,29397.840000000004,7419
2026-07-09T10:55:00+00:00,29397.840000000004,29417.710000000003,29379.210000000003,29415.960000000003,6477
2026-07-09T11:00:00+00:00,29415.960000000003,29441.590000000004,29415.340000000004,29433.340000000004,6516
2026-07-09T11:05:00+00:00,29433.340000000004,29438.210000000003,29393.590000000004,29403.960000000003,5474
2026-07-09T11:10:00+00:00,29403.960000000003,29431.090000000004,29399.210000000003,29425.960000000003,4629
2026-07-09T11:15:00+00:00,29425.960000000003,29426.960000000003,29409.340000000004,29416.840000000004,3859
2026-07-09T11:20:00+00:00,29416.840000000004,29451.710000000003,29414.090000000004,29437.460000000003,8508
2026-07-09T11:25:00+00:00,29437.460000000003,29458.710000000003,29434.710000000003,29456.960000000003,5255
2026-07-09T11:30:00+00:00,29456.960000000003,29485.710000000003,29442.660000000003,29480.710000000003,6068
2026-07-09T11:35:00+00:00,29480.710000000003,29488.210000000003,29464.710000000003,29481.460000000003,5170
2026-07-09T11:40:00+00:00,29481.460000000003,29505.090000000004,29469.340000000004,29499.210000000003,6375
2026-07-09T11:45:00+00:00,29499.210000000003,29518.340000000004,29490.660000000003,29516.460000000003,6180
2026-07-09T11:50:00+00:00,29516.460000000003,29536.090000000004,29507.410000000003,29517.960000000003,5253
2026-07-09T11:55:00+00:00,29517.960000000003,29525.340000000004,29505.090000000004,29511.590000000004,5017
2026-07-09T12:00:00+00:00,29511.590000000004,29524.590000000004,29500.090000000004,29515.340000000004,6507
2026-07-09T12:05:00+00:00,29515.340000000004,29539.960000000003,29495.960000000003,29536.210000000003,6579
2026-07-09T12:10:00+00:00,29536.210000000003,29547.590000000004,29528.090000000004,29530.210000000003,6449
2026-07-09T12:15:00+00:00,29530.210000000003,29538.710000000003,29520.090000000004,29525.960000000003,6688
2026-07-09T12:20:00+00:00,29525.960000000003,29553.840000000004,29519.460000000003,29553.590000000004,6447
2026-07-09T12:25:00+00:00,29553.590000000004,29565.210000000003,29545.710000000003,29563.840000000004,5577
2026-07-09T12:30:00+00:00,29563.840000000004,29591.590000000004,29555.340000000004,29581.340000000004,7348
2026-07-09T12:35:00+00:00,29581.340000000004,29599.590000000004,29578.210000000003,29598.840000000004,6158
2026-07-09T12:40:00+00:00,29598.840000000004,29601.710000000003,29561.460000000003,29564.090000000004,6031
2026-07-09T12:45:00+00:00,29564.090000000004,29564.090000000004,29530.590000000004,29549.210000000003,6504
2026-07-09T12:50:00+00:00,29549.210000000003,29563.090000000004,29547.590000000004,29559.960000000003,6811
2026-07-09T12:55:00+00:00,29559.960000000003,29563.590000000004,29543.090000000004,29550.960000000003,5203
2026-07-09T13:00:00+00:00,29550.960000000003,29567.460000000003,29547.840000000004,29559.090000000004,8402
2026-07-09T13:05:00+00:00,29559.090000000004,29561.840000000004,29540.710000000003,29559.090000000004,7016
2026-07-09T13:10:00+00:00,29559.090000000004,29574.840000000004,29544.210000000003,29572.590000000004,7239
2026-07-09T13:15:00+00:00,29572.590000000004,29574.590000000004,29549.210000000003,29555.710000000003,7755
2026-07-09T13:20:00+00:00,29555.710000000003,29561.460000000003,29542.090000000004,29559.210000000003,6886
2026-07-09T13:25:00+00:00,29559.210000000003,29572.840000000004,29545.660000000003,29561.840000000004,10544
2026-07-09T13:30:00+00:00,29561.840000000004,29596.990000000005,29487.110000000004,29594.110000000004,59325
2026-07-09T13:35:00+00:00,29594.110000000004,29677.110000000004,29583.240000000005,29667.240000000005,40913
2026-07-09T13:40:00+00:00,29667.240000000005,29686.490000000005,29627.240000000005,29674.610000000004,40657
2026-07-09T13:45:00+00:00,29674.610000000004,29706.610000000004,29624.240000000005,29659.860000000004,38378
2026-07-09T13:50:00+00:00,29659.860000000004,29732.110000000004,29633.240000000005,29717.240000000005,36750
2026-07-09T13:55:00+00:00,29717.240000000005,29746.240000000005,29713.110000000004,29726.360000000004,25560
2026-07-09T14:00:00+00:00,29726.360000000004,29738.110000000004,29702.610000000004,29726.990000000005,33650
2026-07-09T14:05:00+00:00,29726.990000000005,29731.610000000004,29666.110000000004,29666.110000000004,33355
2026-07-09T14:10:00+00:00,29666.110000000004,29669.990000000005,29600.860000000004,29619.110000000004,41997
2026-07-09T14:15:00+00:00,29619.110000000004,29619.610000000004,29489.860000000004,29506.490000000005,52352
2026-07-09T14:20:00+00:00,29506.490000000005,29529.360000000004,29429.740000000005,29526.360000000004,48996
2026-07-09T14:25:00+00:00,29526.360000000004,29593.110000000004,29504.360000000004,29578.740000000005,35661
2026-07-09T14:30:00+00:00,29578.740000000005,29588.110000000004,29510.410000000003,29554.990000000005,37310
2026-07-09T14:35:00+00:00,29554.990000000005,29607.240000000005,29542.160000000003,29599.740000000005,32288
2026-07-09T14:40:00+00:00,29599.740000000005,29614.490000000005,29566.740000000005,29574.610000000004,28619
2026-07-09T14:45:00+00:00,29574.610000000004,29626.990000000005,29570.490000000005,29614.240000000005,26586
2026-07-09T14:50:00+00:00,29614.240000000005,29614.860000000004,29539.360000000004,29577.360000000004,33184
2026-07-09T14:55:00+00:00,29577.360000000004,29636.990000000005,29569.110000000004,29602.610000000004,29680
2026-07-09T15:00:00+00:00,29602.610000000004,29638.490000000005,29595.240000000005,29636.990000000005,23960
2026-07-09T15:05:00+00:00,29636.990000000005,29679.110000000004,29634.610000000004,29673.360000000004,21364
2026-07-09T15:10:00+00:00,29673.360000000004,29679.610000000004,29648.610000000004,29670.110000000004,18502
2026-07-09T15:15:00+00:00,29670.110000000004,29693.990000000005,29645.740000000005,29657.610000000004,18579
2026-07-09T15:20:00+00:00,29657.610000000004,29696.610000000004,29653.860000000004,29694.740000000005,15699
2026-07-09T15:25:00+00:00,29694.740000000005,29701.490000000005,29679.610000000004,29689.490000000005,12314
2026-07-09T15:30:00+00:00,29689.490000000005,29698.360000000004,29671.990000000005,29680.110000000004,14050
2026-07-09T15:35:00+00:00,29680.110000000004,29691.740000000005,29673.490000000005,29690.240000000005,13465
2026-07-09T15:40:00+00:00,29690.240000000005,29714.990000000005,29686.990000000005,29697.990000000005,10828
2026-07-09T15:45:00+00:00,29697.990000000005,29715.240000000005,29695.860000000004,29714.610000000004,10319
2026-07-09T15:50:00+00:00,29714.610000000004,29720.860000000004,29702.740000000005,29707.740000000005,8693
2026-07-09T15:55:00+00:00,29707.740000000005,29714.240000000005,29694.360000000004,29701.740000000005,9915
2026-07-09T16:00:00+00:00,29701.740000000005,29728.990000000005,29701.490000000005,29720.110000000004,9015
2026-07-09T16:05:00+00:00,29720.110000000004,29739.490000000005,29719.240000000005,29724.240000000005,8876
2026-07-09T16:10:00+00:00,29724.240000000005,29729.490000000005,29711.990000000005,29716.240000000005,8169
2026-07-09T16:15:00+00:00,29716.240000000005,29732.610000000004,29707.990000000005,29719.990000000005,8846
2026-07-09T16:20:00+00:00,29719.990000000005,29727.860000000004,29708.860000000004,29725.110000000004,8302
2026-07-09T16:25:00+00:00,29725.110000000004,29725.990000000005,29696.240000000005,29706.360000000004,8259
2026-07-09T16:30:00+00:00,29706.360000000004,29727.990000000005,29696.740000000005,29696.990000000005,9026
2026-07-09T16:35:00+00:00,29696.990000000005,29704.610000000004,29679.910000000003,29703.740000000005,11474
2026-07-09T16:40:00+00:00,29703.740000000005,29732.240000000005,29703.740000000005,29724.360000000004,8582
2026-07-09T16:45:00+00:00,29724.360000000004,29729.110000000004,29706.490000000005,29711.990000000005,8519
2026-07-09T16:50:00+00:00,29711.990000000005,29725.490000000005,29711.110000000004,29719.740000000005,6658
2026-07-09T16:55:00+00:00,29719.740000000005,29722.490000000005,29701.110000000004,29712.740000000005,6907
2026-07-09T17:00:00+00:00,29712.740000000005,29738.240000000005,29708.860000000004,29734.240000000005,5963
2026-07-09T17:05:00+00:00,29734.240000000005,29764.490000000005,29727.240000000005,29757.740000000005,7891
2026-07-09T17:10:00+00:00,29757.740000000005,29785.110000000004,29756.990000000005,29769.990000000005,8414
2026-07-09T17:15:00+00:00,29769.990000000005,29798.740000000005,29769.740000000005,29796.610000000004,6600
2026-07-09T17:20:00+00:00,29796.610000000004,29804.860000000004,29786.360000000004,29794.360000000004,7047
2026-07-09T17:25:00+00:00,29794.360000000004,29805.740000000005,29790.490000000005,29804.110000000004,6240
2026-07-09T17:30:00+00:00,29804.110000000004,29808.860000000004,29779.240000000005,29781.490000000005,7537
2026-07-09T17:35:00+00:00,29781.490000000005,29801.360000000004,29777.860000000004,29790.490000000005,7193
2026-07-09T17:40:00+00:00,29790.490000000005,29794.360000000004,29780.610000000004,29789.990000000005,6126
2026-07-09T17:45:00+00:00,29789.990000000005,29808.110000000004,29788.360000000004,29797.360000000004,5682
2026-07-09T17:50:00+00:00,29797.360000000004,29801.990000000005,29791.490000000005,29794.490000000005,5729
2026-07-09T17:55:00+00:00,29794.490000000005,29796.610000000004,29766.410000000003,29789.740000000005,6030
2026-07-09T18:00:00+00:00,29789.740000000005,29798.240000000005,29776.740000000005,29780.990000000005,7782
2026-07-09T18:05:00+00:00,29780.990000000005,29800.110000000004,29780.610000000004,29797.490000000005,7024
2026-07-09T18:10:00+00:00,29797.490000000005,29798.860000000004,29787.110000000004,29791.740000000005,6188
2026-07-09T18:15:00+00:00,29791.740000000005,29795.990000000005,29777.860000000004,29785.990000000005,6648
2026-07-09T18:20:00+00:00,29785.990000000005,29786.360000000004,29761.660000000003,29764.240000000005,7346
2026-07-09T18:25:00+00:00,29764.240000000005,29776.240000000005,29757.740000000005,29772.610000000004,8898
2026-07-09T18:30:00+00:00,29772.610000000004,29783.610000000004,29767.110000000004,29768.990000000005,7060
2026-07-09T18:35:00+00:00,29768.990000000005,29772.240000000005,29760.240000000005,29762.490000000005,7243
2026-07-09T18:40:00+00:00,29762.490000000005,29774.740000000005,29754.990000000005,29773.240000000005,7529
2026-07-09T18:45:00+00:00,29773.240000000005,29779.860000000004,29767.740000000005,29772.490000000005,7348
2026-07-09T18:50:00+00:00,29772.490000000005,29775.360000000004,29760.860000000004,29763.240000000005,6177
2026-07-09T18:55:00+00:00,29763.240000000005,29763.860000000004,29744.990000000005,29754.860000000004,7678
2026-07-09T19:00:00+00:00,29754.860000000004,29756.990000000005,29725.860000000004,29728.990000000005,9953
2026-07-09T19:05:00+00:00,29728.990000000005,29752.490000000005,29721.160000000003,29738.740000000005,8583
2026-07-09T19:10:00+00:00,29738.740000000005,29745.240000000005,29727.610000000004,29731.740000000005,7561
2026-07-09T19:15:00+00:00,29731.740000000005,29764.990000000005,29718.660000000003,29763.490000000005,8790
2026-07-09T19:20:00+00:00,29763.490000000005,29773.490000000005,29755.860000000004,29756.240000000005,7202
2026-07-09T19:25:00+00:00,29756.240000000005,29758.990000000005,29743.910000000003,29747.240000000005,7918
2026-07-09T19:30:00+00:00,29747.240000000005,29747.860000000004,29724.910000000003,29733.740000000005,11263
2026-07-09T19:35:00+00:00,29733.740000000005,29758.490000000005,29731.740000000005,29757.110000000004,7761
2026-07-09T19:40:00+00:00,29757.110000000004,29760.990000000005,29741.490000000005,29758.860000000004,7349
2026-07-09T19:45:00+00:00,29758.860000000004,29765.610000000004,29751.360000000004,29754.110000000004,7646
2026-07-09T19:50:00+00:00,29754.110000000004,29754.110000000004,29712.610000000004,29712.990000000005,13518
2026-07-09T19:55:00+00:00,29712.990000000005,29770.110000000004,29712.610000000004,29763.860000000004,17258
2026-07-09T20:00:00+00:00,29763.860000000004,29777.090000000004,29757.960000000003,29765.340000000004,7946
2026-07-09T20:05:00+00:00,29765.340000000004,29786.210000000003,29762.590000000004,29785.340000000004,3932
2026-07-09T20:10:00+00:00,29785.340000000004,29788.840000000004,29775.710000000003,29781.840000000004,3744
2026-07-09T20:15:00+00:00,29781.840000000004,29785.340000000004,29772.840000000004,29773.340000000004,2501
2026-07-09T20:20:00+00:00,29773.340000000004,29782.090000000004,29766.090000000004,29766.590000000004,2078
2026-07-09T20:25:00+00:00,29766.590000000004,29769.340000000004,29752.460000000003,29755.090000000004,1881
2026-07-09T20:30:00+00:00,29755.090000000004,29764.590000000004,29750.710000000003,29762.590000000004,1892
2026-07-09T20:35:00+00:00,29762.590000000004,29764.090000000004,29755.840000000004,29756.590000000004,1458
2026-07-09T20:40:00+00:00,29756.590000000004,29759.340000000004,29747.460000000003,29749.710000000003,1719
2026-07-09T20:45:00+00:00,29749.710000000003,29754.210000000003,29748.460000000003,29752.090000000004,1821
2026-07-09T20:50:00+00:00,29752.090000000004,29753.340000000004,29745.460000000003,29749.340000000004,2027
2026-07-09T20:55:00+00:00,29749.340000000004,29754.710000000003,29741.590000000004,29745.780000000002,2395
2026-07-09T22:00:00+00:00,29745.780000000002,29761.990000000005,29740.310000000005,29757.490000000005,3483
2026-07-09T22:05:00+00:00,29757.490000000005,29776.610000000004,29742.740000000005,29751.490000000005,2829
2026-07-09T22:10:00+00:00,29751.490000000005,29755.240000000005,29745.490000000005,29753.110000000004,2326
2026-07-09T22:15:00+00:00,29753.110000000004,29761.240000000005,29727.060000000005,29734.740000000005,2134
2026-07-09T22:20:00+00:00,29734.740000000005,29738.360000000004,29723.560000000005,29731.740000000005,2033
2026-07-09T22:25:00+00:00,29731.740000000005,29733.860000000004,29720.560000000005,29724.490000000005,2141
2026-07-09T22:30:00+00:00,29724.490000000005,29730.610000000004,29721.610000000004,29722.360000000004,1776
2026-07-09T22:35:00+00:00,29722.360000000004,29733.560000000005,29721.990000000005,29726.860000000004,1579
2026-07-09T22:40:00+00:00,29726.860000000004,29738.490000000005,29725.810000000005,29737.240000000005,939
2026-07-09T22:45:00+00:00,29737.240000000005,29742.360000000004,29729.360000000004,29736.360000000004,1721
2026-07-09T22:50:00+00:00,29736.360000000004,29741.360000000004,29731.490000000005,29733.610000000004,1321
2026-07-09T22:55:00+00:00,29733.610000000004,29740.240000000005,29732.360000000004,29737.610000000004,1282
2026-07-09T23:00:00+00:00,29737.610000000004,29748.610000000004,29723.490000000005,29747.610000000004,2117
2026-07-09T23:05:00+00:00,29747.610000000004,29754.490000000005,29745.740000000005,29754.360000000004,1621
2026-07-09T23:10:00+00:00,29754.360000000004,29757.610000000004,29749.360000000004,29755.110000000004,1344
2026-07-09T23:15:00+00:00,29755.110000000004,29764.860000000004,29745.860000000004,29763.490000000005,1236
2026-07-09T23:20:00+00:00,29763.490000000005,29775.490000000005,29754.360000000004,29770.610000000004,2077
2026-07-09T23:25:00+00:00,29770.610000000004,29779.490000000005,29770.110000000004,29774.240000000005,1631
2026-07-09T23:30:00+00:00,29774.240000000005,29775.490000000005,29759.060000000005,29765.610000000004,2170
2026-07-09T23:35:00+00:00,29765.610000000004,29772.860000000004,29764.240000000005,29770.360000000004,1223
2026-07-09T23:40:00+00:00,29770.360000000004,29772.740000000005,29755.490000000005,29757.610000000004,1182
2026-07-09T23:45:00+00:00,29757.610000000004,29760.990000000005,29741.990000000005,29748.990000000005,3759
2026-07-09T23:50:00+00:00,29748.990000000005,29772.740000000005,29747.860000000004,29765.990000000005,3005
2026-07-09T23:55:00+00:00,29765.990000000005,29773.860000000004,29747.560000000005,29748.860000000004,3819
2026-07-10T00:00:00+00:00,29748.860000000004,29767.990000000005,29705.740000000005,29724.860000000004,12720
2026-07-10T00:05:00+00:00,29724.860000000004,29732.490000000005,29684.110000000004,29709.490000000005,10672
2026-07-10T00:10:00+00:00,29709.490000000005,29714.240000000005,29674.490000000005,29710.740000000005,8271
2026-07-10T00:15:00+00:00,29710.740000000005,29718.990000000005,29678.860000000004,29694.610000000004,7691
2026-07-10T00:20:00+00:00,29694.610000000004,29706.740000000005,29649.990000000005,29652.860000000004,7895
2026-07-10T00:25:00+00:00,29652.860000000004,29661.240000000005,29637.860000000004,29653.990000000005,7615
2026-07-10T00:30:00+00:00,29653.990000000005,29660.240000000005,29623.740000000005,29628.240000000005,8865
2026-07-10T00:35:00+00:00,29628.240000000005,29637.740000000005,29621.240000000005,29621.610000000004,6895
2026-07-10T00:40:00+00:00,29621.610000000004,29647.490000000005,29620.610000000004,29644.490000000005,5135
2026-07-10T00:45:00+00:00,29644.490000000005,29649.490000000005,29624.490000000005,29638.110000000004,5512
2026-07-10T00:50:00+00:00,29638.110000000004,29652.110000000004,29632.360000000004,29651.860000000004,3657
2026-07-10T00:55:00+00:00,29651.860000000004,29685.860000000004,29651.240000000005,29682.860000000004,4423
2026-07-10T01:00:00+00:00,29682.860000000004,29686.740000000005,29644.490000000005,29644.740000000005,5608
2026-07-10T01:05:00+00:00,29644.740000000005,29660.610000000004,29636.310000000005,29644.490000000005,4749
2026-07-10T01:10:00+00:00,29644.490000000005,29667.240000000005,29633.990000000005,29659.490000000005,5266
2026-07-10T01:15:00+00:00,29659.490000000005,29678.240000000005,29653.240000000005,29676.860000000004,5429
2026-07-10T01:20:00+00:00,29676.860000000004,29692.490000000005,29665.240000000005,29689.240000000005,4399
2026-07-10T01:25:00+00:00,29689.240000000005,29690.860000000004,29667.240000000005,29684.240000000005,3710
2026-07-10T01:30:00+00:00,29684.240000000005,29703.110000000004,29670.740000000005,29695.240000000005,5879
2026-07-10T01:35:00+00:00,29695.240000000005,29718.610000000004,29685.990000000005,29713.740000000005,5419
2026-07-10T01:40:00+00:00,29713.740000000005,29715.610000000004,29700.110000000004,29701.360000000004,5284
2026-07-10T01:45:00+00:00,29701.360000000004,29735.360000000004,29697.490000000005,29731.990000000005,5518
2026-07-10T01:50:00+00:00,29731.990000000005,29738.610000000004,29715.360000000004,29717.610000000004,3931
2026-07-10T01:55:00+00:00,29717.610000000004,29726.610000000004,29705.740000000005,29708.240000000005,4091
2026-07-10T02:00:00+00:00,29708.240000000005,29711.360000000004,29681.990000000005,29703.860000000004,5021
2026-07-10T02:05:00+00:00,29703.860000000004,29717.860000000004,29691.740000000005,29712.990000000005,5015
2026-07-10T02:10:00+00:00,29712.990000000005,29713.490000000005,29687.860000000004,29696.360000000004,4668
2026-07-10T02:15:00+00:00,29696.360000000004,29697.610000000004,29676.110000000004,29690.240000000005,4846
2026-07-10T02:20:00+00:00,29690.240000000005,29694.990000000005,29670.240000000005,29685.240000000005,5327
2026-07-10T02:25:00+00:00,29685.240000000005,29700.610000000004,29682.860000000004,29698.990000000005,5105
2026-07-10T02:30:00+00:00,29698.990000000005,29713.990000000005,29690.240000000005,29713.360000000004,3794
2026-07-10T02:35:00+00:00,29713.360000000004,29725.990000000005,29705.990000000005,29724.360000000004,2974
2026-07-10T02:40:00+00:00,29724.360000000004,29732.240000000005,29721.360000000004,29724.110000000004,2674
2026-07-10T02:45:00+00:00,29724.110000000004,29747.610000000004,29718.360000000004,29745.360000000004,3081
2026-07-10T02:50:00+00:00,29745.360000000004,29764.610000000004,29743.740000000005,29752.110000000004,3274
2026-07-10T02:55:00+00:00,29752.110000000004,29768.860000000004,29751.610000000004,29767.610000000004,2785
2026-07-10T03:00:00+00:00,29767.610000000004,29775.110000000004,29759.110000000004,29769.490000000005,3230
2026-07-10T03:05:00+00:00,29769.490000000005,29779.240000000005,29765.310000000005,29768.610000000004,2566
2026-07-10T03:10:00+00:00,29768.610000000004,29771.110000000004,29757.240000000005,29763.860000000004,2433
2026-07-10T03:15:00+00:00,29763.860000000004,29766.990000000005,29756.360000000004,29758.990000000005,2429
2026-07-10T03:20:00+00:00,29758.990000000005,29761.740000000005,29742.360000000004,29745.110000000004,3014
2026-07-10T03:25:00+00:00,29745.110000000004,29749.360000000004,29738.110000000004,29740.360000000004,2681
2026-07-10T03:30:00+00:00,29740.360000000004,29748.860000000004,29734.110000000004,29744.740000000005,3826
2026-07-10T03:35:00+00:00,29744.740000000005,29746.360000000004,29733.490000000005,29741.990000000005,3504
2026-07-10T03:40:00+00:00,29741.990000000005,29747.990000000005,29735.610000000004,29741.110000000004,2716
2026-07-10T03:45:00+00:00,29741.110000000004,29741.110000000004,29730.110000000004,29735.990000000005,3043
2026-07-10T03:50:00+00:00,29735.990000000005,29742.490000000005,29728.360000000004,29732.610000000004,3147
2026-07-10T03:55:00+00:00,29732.610000000004,29749.360000000004,29729.990000000005,29748.740000000005,2777
2026-07-10T04:00:00+00:00,29748.740000000005,29757.740000000005,29739.240000000005,29756.990000000005,3193
2026-07-10T04:05:00+00:00,29756.990000000005,29758.610000000004,29748.310000000005,29750.740000000005,2909
2026-07-10T04:10:00+00:00,29750.740000000005,29764.990000000005,29749.490000000005,29762.860000000004,2740
2026-07-10T04:15:00+00:00,29762.860000000004,29764.360000000004,29751.610000000004,29759.490000000005,2983
2026-07-10T04:20:00+00:00,29759.490000000005,29761.490000000005,29734.740000000005,29736.740000000005,3246
2026-07-10T04:25:00+00:00,29736.740000000005,29746.740000000005,29733.310000000005,29743.740000000005,2786
2026-07-10T04:30:00+00:00,29743.740000000005,29745.610000000004,29722.610000000004,29724.490000000005,2787
2026-07-10T04:35:00+00:00,29724.490000000005,29736.240000000005,29722.740000000005,29732.360000000004,2551
2026-07-10T04:40:00+00:00,29732.360000000004,29738.990000000005,29729.610000000004,29731.740000000005,3051
2026-07-10T04:45:00+00:00,29731.740000000005,29733.990000000005,29719.860000000004,29719.990000000005,3226
2026-07-10T04:50:00+00:00,29719.990000000005,29720.110000000004,29700.860000000004,29708.490000000005,3451
2026-07-10T04:55:00+00:00,29708.490000000005,29714.990000000005,29691.610000000004,29699.240000000005,3814
2026-07-10T05:00:00+00:00,29699.240000000005,29702.610000000004,29684.490000000005,29689.240000000005,4796
2026-07-10T05:05:00+00:00,29689.240000000005,29697.240000000005,29681.740000000005,29683.860000000004,3981
2026-07-10T05:10:00+00:00,29683.860000000004,29701.240000000005,29683.110000000004,29698.490000000005,3855
2026-07-10T05:15:00+00:00,29698.490000000005,29713.240000000005,29695.860000000004,29702.740000000005,3797
2026-07-10T05:20:00+00:00,29702.740000000005,29703.360000000004,29686.240000000005,29694.110000000004,3630
2026-07-10T05:25:00+00:00,29694.110000000004,29698.610000000004,29686.740000000005,29692.240000000005,3207
2026-07-10T05:30:00+00:00,29692.240000000005,29695.490000000005,29679.610000000004,29692.740000000005,3784
2026-07-10T05:35:00+00:00,29692.740000000005,29697.490000000005,29678.990000000005,29679.490000000005,2728
2026-07-10T05:40:00+00:00,29679.490000000005,29691.240000000005,29668.360000000004,29690.990000000005,3904
2026-07-10T05:45:00+00:00,29690.990000000005,29691.490000000005,29674.810000000005,29675.740000000005,3418
2026-07-10T05:50:00+00:00,29675.740000000005,29689.360000000004,29669.610000000004,29669.990000000005,4301
2026-07-10T05:55:00+00:00,29669.990000000005,29671.990000000005,29656.360000000004,29661.740000000005,4313
2026-07-10T06:00:00+00:00,29661.740000000005,29673.110000000004,29655.110000000004,29666.990000000005,5928
2026-07-10T06:05:00+00:00,29666.990000000005,29671.110000000004,29646.990000000005,29649.490000000005,4979
2026-07-10T06:10:00+00:00,29649.490000000005,29650.610000000004,29636.490000000005,29642.240000000005,4368
2026-07-10T06:15:00+00:00,29642.240000000005,29646.610000000004,29627.360000000004,29632.360000000004,4571
2026-07-10T06:20:00+00:00,29632.360000000004,29632.860000000004,29596.610000000004,29597.610000000004,5214
2026-07-10T06:25:00+00:00,29597.610000000004,29609.610000000004,29591.740000000005,29605.490000000005,4751
2026-07-10T06:30:00+00:00,29605.490000000005,29646.990000000005,29601.240000000005,29628.240000000005,6379
2026-07-10T06:35:00+00:00,29628.240000000005,29631.490000000005,29602.860000000004,29610.740000000005,3897
2026-07-10T06:40:00+00:00,29610.740000000005,29635.990000000005,29607.240000000005,29630.860000000004,3500
2026-07-10T06:45:00+00:00,29630.860000000004,29638.610000000004,29626.240000000005,29637.740000000005,2514
2026-07-10T06:50:00+00:00,29637.740000000005,29648.490000000005,29636.990000000005,29642.610000000004,2481
2026-07-10T06:55:00+00:00,29642.610000000004,29647.110000000004,29632.990000000005,29635.360000000004,2815
2026-07-10T07:00:00+00:00,29635.360000000004,29638.490000000005,29617.110000000004,29637.240000000005,5614
2026-07-10T07:05:00+00:00,29637.240000000005,29641.740000000005,29614.240000000005,29619.490000000005,3770
2026-07-10T07:10:00+00:00,29619.490000000005,29629.860000000004,29611.990000000005,29629.360000000004,4490
2026-07-10T07:15:00+00:00,29629.360000000004,29641.360000000004,29607.310000000005,29622.610000000004,4852
2026-07-10T07:20:00+00:00,29622.610000000004,29633.240000000005,29613.490000000005,29629.990000000005,3427
2026-07-10T07:25:00+00:00,29629.990000000005,29636.240000000005,29621.610000000004,29631.860000000004,4006
2026-07-10T07:30:00+00:00,29631.860000000004,29634.610000000004,29620.110000000004,29625.110000000004,3532
2026-07-10T07:35:00+00:00,29625.110000000004,29628.610000000004,29615.740000000005,29624.110000000004,3473
2026-07-10T07:40:00+00:00,29624.110000000004,29624.360000000004,29609.610000000004,29613.240000000005,3195
2026-07-10T07:45:00+00:00,29613.240000000005,29615.240000000005,29597.860000000004,29606.990000000005,4139
2026-07-10T07:50:00+00:00,29606.990000000005,29611.740000000005,29582.240000000005,29585.240000000005,3886
2026-07-10T07:55:00+00:00,29585.240000000005,29592.610000000004,29579.360000000004,29589.490000000005,2758
2026-07-10T08:00:00+00:00,29589.490000000005,29599.490000000005,29567.740000000005,29572.990000000005,8742
2026-07-10T08:05:00+00:00,29572.990000000005,29598.740000000005,29559.490000000005,29598.360000000004,6774
2026-07-10T08:10:00+00:00,29598.360000000004,29615.610000000004,29595.240000000005,29612.360000000004,5048
2026-07-10T08:15:00+00:00,29612.360000000004,29620.360000000004,29601.610000000004,29605.990000000005,4561
2026-07-10T08:20:00+00:00,29605.990000000005,29606.860000000004,29572.110000000004,29581.110000000004,4682
2026-07-10T08:25:00+00:00,29581.110000000004,29596.240000000005,29581.110000000004,29584.240000000005,3575
2026-07-10T08:30:00+00:00,29584.240000000005,29589.240000000005,29569.740000000005,29588.110000000004,5267
2026-07-10T08:35:00+00:00,29588.110000000004,29600.990000000005,29580.990000000005,29594.990000000005,4855
2026-07-10T08:40:00+00:00,29594.990000000005,29601.240000000005,29576.810000000005,29601.110000000004,4050
2026-07-10T08:45:00+00:00,29601.110000000004,29611.490000000005,29595.360000000004,29609.240000000005,4225
2026-07-10T08:50:00+00:00,29609.240000000005,29614.740000000005,29594.610000000004,29598.990000000005,4195
2026-07-10T08:55:00+00:00,29598.990000000005,29603.990000000005,29587.740000000005,29589.740000000005,3752
2026-07-10T09:00:00+00:00,29589.740000000005,29599.110000000004,29532.560000000005,29584.240000000005,7688
2026-07-10T09:05:00+00:00,29584.240000000005,29594.490000000005,29578.990000000005,29592.240000000005,4660
2026-07-10T09:10:00+00:00,29592.240000000005,29616.360000000004,29590.110000000004,29612.490000000005,3706
2026-07-10T09:15:00+00:00,29612.490000000005,29632.860000000004,29612.490000000005,29631.490000000005,3852
2026-07-10T09:20:00+00:00,29631.490000000005,29632.860000000004,29614.490000000005,29621.990000000005,3076
2026-07-10T09:25:00+00:00,29621.990000000005,29633.110000000004,29620.360000000004,29627.990000000005,3126
2026-07-10T09:30:00+00:00,29627.990000000005,29640.740000000005,29622.110000000004,29640.360000000004,2976
2026-07-10T09:35:00+00:00,29640.360000000004,29643.490000000005,29626.860000000004,29642.360000000004,2917
2026-07-10T09:40:00+00:00,29642.360000000004,29643.110000000004,29626.740000000005,29633.490000000005,2740
2026-07-10T09:45:00+00:00,29633.490000000005,29643.490000000005,29624.490000000005,29625.990000000005,3734
2026-07-10T09:50:00+00:00,29625.990000000005,29631.740000000005,29620.110000000004,29622.490000000005,3607
2026-07-10T09:55:00+00:00,29622.490000000005,29637.240000000005,29616.490000000005,29631.240000000005,3220
2026-07-10T10:00:00+00:00,29631.240000000005,29654.740000000005,29631.110000000004,29646.990000000005,3313
2026-07-10T10:05:00+00:00,29646.990000000005,29657.610000000004,29644.490000000005,29654.360000000004,3002
2026-07-10T10:10:00+00:00,29654.360000000004,29655.240000000005,29643.860000000004,29649.610000000004,2822
2026-07-10T10:15:00+00:00,29649.610000000004,29653.110000000004,29639.490000000005,29642.360000000004,2383
2026-07-10T10:20:00+00:00,29642.360000000004,29655.110000000004,29621.810000000005,29644.490000000005,3686
2026-07-10T10:25:00+00:00,29644.490000000005,29655.240000000005,29634.860000000004,29654.240000000005,2470
2026-07-10T10:30:00+00:00,29654.240000000005,29671.860000000004,29653.990000000005,29669.990000000005,3644
2026-07-10T10:35:00+00:00,29669.990000000005,29671.490000000005,29660.490000000005,29664.740000000005,2553
2026-07-10T10:40:00+00:00,29664.740000000005,29678.110000000004,29659.860000000004,29677.860000000004,3086
2026-07-10T10:45:00+00:00,29677.860000000004,29678.240000000005,29657.110000000004,29658.860000000004,2900
2026-07-10T10:50:00+00:00,29658.860000000004,29661.360000000004,29650.860000000004,29652.860000000004,3182
2026-07-10T10:55:00+00:00,29652.860000000004,29669.240000000005,29650.610000000004,29666.490000000005,2872
2026-07-10T11:00:00+00:00,29666.490000000005,29690.990000000005,29664.860000000004,29690.740000000005,5444
2026-07-10T11:05:00+00:00,29690.740000000005,29693.240000000005,29678.110000000004,29680.990000000005,4291
2026-07-10T11:10:00+00:00,29680.990000000005,29691.240000000005,29678.860000000004,29691.240000000005,3402
2026-07-10T11:15:00+00:00,29691.240000000005,29702.990000000005,29690.740000000005,29697.110000000004,3918
2026-07-10T11:20:00+00:00,29697.110000000004,29703.490000000005,29692.610000000004,29702.490000000005,3172
2026-07-10T11:25:00+00:00,29702.490000000005,29702.860000000004,29666.990000000005,29668.240000000005,4711
2026-07-10T11:30:00+00:00,29668.240000000005,29668.240000000005,29637.060000000005,29653.490000000005,5426
2026-07-10T11:35:00+00:00,29653.490000000005,29656.610000000004,29627.740000000005,29634.990000000005,4811
2026-07-10T11:40:00+00:00,29634.990000000005,29657.240000000005,29634.110000000004,29652.860000000004,3597
2026-07-10T11:45:00+00:00,29652.860000000004,29659.110000000004,29639.740000000005,29642.490000000005,4196
2026-07-10T11:50:00+00:00,29642.490000000005,29655.110000000004,29633.240000000005,29634.110000000004,4299
2026-07-10T11:55:00+00:00,29634.110000000004,29643.360000000004,29622.860000000004,29631.490000000005,4420
2026-07-10T12:00:00+00:00,29631.490000000005,29637.240000000005,29597.990000000005,29600.490000000005,5646
2026-07-10T12:05:00+00:00,29600.490000000005,29610.360000000004,29587.740000000005,29608.240000000005,5569
2026-07-10T12:10:00+00:00,29608.240000000005,29695.360000000004,29596.110000000004,29661.310000000005,13192
2026-07-10T12:15:00+00:00,29661.310000000005,29665.990000000005,29641.060000000005,29651.610000000004,7878
2026-07-10T12:20:00+00:00,29651.610000000004,29664.490000000005,29641.990000000005,29659.110000000004,5850
2026-07-10T12:25:00+00:00,29659.110000000004,29673.240000000005,29655.110000000004,29667.360000000004,3403
2026-07-10T12:30:00+00:00,29667.360000000004,29670.240000000005,29651.490000000005,29658.740000000005,5077
2026-07-10T12:35:00+00:00,29658.740000000005,29674.990000000005,29636.060000000005,29673.110000000004,6652
2026-07-10T12:40:00+00:00,29673.110000000004,29676.990000000005,29637.490000000005,29640.110000000004,7467
2026-07-10T12:45:00+00:00,29640.110000000004,29657.860000000004,29632.810000000005,29641.860000000004,6024
2026-07-10T12:50:00+00:00,29641.860000000004,29651.240000000005,29634.860000000004,29637.110000000004,5522
2026-07-10T12:55:00+00:00,29637.110000000004,29651.490000000005,29616.360000000004,29616.360000000004,5677
2026-07-10T13:00:00+00:00,29616.360000000004,29634.860000000004,29606.740000000005,29620.110000000004,7395
2026-07-10T13:05:00+00:00,29620.110000000004,29642.610000000004,29617.240000000005,29620.110000000004,6939
2026-07-10T13:10:00+00:00,29620.110000000004,29629.110000000004,29607.610000000004,29628.110000000004,6184
2026-07-10T13:15:00+00:00,29628.110000000004,29640.990000000005,29618.490000000005,29635.110000000004,5476
2026-07-10T13:20:00+00:00,29635.110000000004,29651.860000000004,29634.740000000005,29644.360000000004,5662
2026-07-10T13:25:00+00:00,29644.360000000004,29666.740000000005,29626.310000000005,29651.360000000004,11048
2026-07-10T13:30:00+00:00,29651.360000000004,29737.390000000003,29629.140000000003,29719.760000000002,59221
2026-07-10T13:35:00+00:00,29719.760000000002,29753.140000000003,29673.510000000002,29680.640000000003,45550
2026-07-10T13:40:00+00:00,29680.640000000003,29690.760000000002,29614.260000000002,29672.640000000003,55484
2026-07-10T13:45:00+00:00,29672.640000000003,29765.890000000003,29669.640000000003,29757.760000000002,44371
2026-07-10T13:50:00+00:00,29757.760000000002,29784.760000000002,29730.390000000003,29754.260000000002,35593
2026-07-10T13:55:00+00:00,29754.260000000002,29770.760000000002,29720.640000000003,29738.760000000002,36333
2026-07-10T14:00:00+00:00,29738.760000000002,29777.760000000002,29729.760000000002,29758.140000000003,36636
2026-07-10T14:05:00+00:00,29758.140000000003,29780.760000000002,29723.260000000002,29777.760000000002,33832
2026-07-10T14:10:00+00:00,29777.760000000002,29782.140000000003,29749.060000000005,29756.760000000002,30217
2026-07-10T14:15:00+00:00,29756.760000000002,29768.010000000002,29705.060000000005,29721.510000000002,37631
2026-07-10T14:20:00+00:00,29721.510000000002,29728.390000000003,29661.560000000005,29712.140000000003,36538
2026-07-10T14:25:00+00:00,29712.140000000003,29758.640000000003,29678.260000000002,29723.510000000002,34361
2026-07-10T14:30:00+00:00,29723.510000000002,29773.760000000002,29492.560000000005,29665.560000000005,50079
2026-07-10T14:35:00+00:00,29665.560000000005,29711.390000000003,29635.560000000005,29697.010000000002,38981
2026-07-10T14:40:00+00:00,29697.010000000002,29718.140000000003,29656.810000000005,29707.140000000003,31301
2026-07-10T14:45:00+00:00,29707.140000000003,29723.140000000003,29676.810000000005,29719.510000000002,27051
2026-07-10T14:50:00+00:00,29719.510000000002,29729.140000000003,29667.140000000003,29670.140000000003,28045
2026-07-10T14:55:00+00:00,29670.140000000003,29680.510000000002,29625.140000000003,29634.260000000002,31569
2026-07-10T15:00:00+00:00,29634.260000000002,29649.510000000002,29606.640000000003,29620.010000000002,35590
2026-07-10T15:05:00+00:00,29620.010000000002,29679.010000000002,29597.010000000002,29677.510000000002,32939
2026-07-10T15:10:00+00:00,29677.510000000002,29700.890000000003,29675.640000000003,29690.510000000002,24408
2026-07-10T15:15:00+00:00,29690.510000000002,29773.640000000003,29689.640000000003,29745.640000000003,25393
2026-07-10T15:20:00+00:00,29745.640000000003,29768.510000000002,29733.010000000002,29765.140000000003,19658
2026-07-10T15:25:00+00:00,29765.140000000003,29804.140000000003,29765.140000000003,29795.890000000003,19694
2026-07-10T15:30:00+00:00,29795.890000000003,29808.010000000002,29779.510000000002,29798.510000000002,22342
2026-07-10T15:35:00+00:00,29798.510000000002,29800.010000000002,29729.010000000002,29733.760000000002,22387
2026-07-10T15:40:00+00:00,29733.760000000002,29736.390000000003,29650.010000000002,29691.140000000003,33347
2026-07-10T15:45:00+00:00,29691.140000000003,29737.760000000002,29664.260000000002,29728.390000000003,28285
2026-07-10T15:50:00+00:00,29728.390000000003,29754.640000000003,29719.010000000002,29747.010000000002,18223
2026-07-10T15:55:00+00:00,29747.010000000002,29764.640000000003,29730.510000000002,29761.140000000003,15290
2026-07-10T16:00:00+00:00,29761.140000000003,29801.260000000002,29760.510000000002,29798.260000000002,16086
2026-07-10T16:05:00+00:00,29798.260000000002,29804.640000000003,29779.260000000002,29788.510000000002,13322
2026-07-10T16:10:00+00:00,29788.510000000002,29804.260000000002,29778.890000000003,29797.640000000003,13515
2026-07-10T16:15:00+00:00,29797.640000000003,29833.890000000003,29797.390000000003,29832.640000000003,13314
2026-07-10T16:20:00+00:00,29832.640000000003,29839.010000000002,29815.890000000003,29830.140000000003,11933
2026-07-10T16:25:00+00:00,29830.140000000003,29845.390000000003,29817.260000000002,29830.010000000002,10689
2026-07-10T16:30:00+00:00,29830.010000000002,29842.890000000003,29827.010000000002,29839.140000000003,9297
2026-07-10T16:35:00+00:00,29839.140000000003,29850.760000000002,29821.140000000003,29826.640000000003,9980
2026-07-10T16:40:00+00:00,29826.640000000003,29841.390000000003,29825.140000000003,29833.140000000003,8715
2026-07-10T16:45:00+00:00,29833.140000000003,29848.640000000003,29832.010000000002,29840.640000000003,9956
2026-07-10T16:50:00+00:00,29840.640000000003,29859.140000000003,29833.640000000003,29843.890000000003,8834
2026-07-10T16:55:00+00:00,29843.890000000003,29851.260000000002,29828.760000000002,29843.260000000002,8834
2026-07-10T17:00:00+00:00,29843.260000000002,29849.760000000002,29817.010000000002,29822.640000000003,8716
2026-07-10T17:05:00+00:00,29822.640000000003,29840.390000000003,29816.140000000003,29823.260000000002,8673
2026-07-10T17:10:00+00:00,29823.260000000002,29834.890000000003,29813.260000000002,29832.140000000003,8773
2026-07-10T17:15:00+00:00,29832.140000000003,29846.140000000003,29825.310000000005,29830.140000000003,8230
2026-07-10T17:20:00+00:00,29830.140000000003,29853.010000000002,29828.140000000003,29852.140000000003,7014
2026-07-10T17:25:00+00:00,29852.140000000003,29867.510000000002,29850.390000000003,29866.640000000003,7122
2026-07-10T17:30:00+00:00,29866.640000000003,29874.510000000002,29854.890000000003,29862.260000000002,9053
2026-07-10T17:35:00+00:00,29862.260000000002,29887.260000000002,29857.260000000002,29880.760000000002,7733
2026-07-10T17:40:00+00:00,29880.760000000002,29886.260000000002,29874.010000000002,29881.010000000002,6553
2026-07-10T17:45:00+00:00,29881.010000000002,29888.390000000003,29876.760000000002,29882.140000000003,5362
2026-07-10T17:50:00+00:00,29882.140000000003,29885.890000000003,29867.760000000002,29869.140000000003,5563
2026-07-10T17:55:00+00:00,29869.140000000003,29870.890000000003,29848.140000000003,29855.140000000003,6771
2026-07-10T18:00:00+00:00,29855.140000000003,29874.760000000002,29850.890000000003,29864.510000000002,8091
2026-07-10T18:05:00+00:00,29864.510000000002,29879.640000000003,29862.810000000005,29870.390000000003,7310
2026-07-10T18:10:00+00:00,29870.390000000003,29886.140000000003,29863.060000000005,29866.140000000003,7441
2026-07-10T18:15:00+00:00,29866.140000000003,29868.890000000003,29844.140000000003,29853.010000000002,8051
2026-07-10T18:20:00+00:00,29853.010000000002,29868.760000000002,29838.310000000005,29862.890000000003,7430
2026-07-10T18:25:00+00:00,29862.890000000003,29879.760000000002,29857.260000000002,29861.890000000003,6828
2026-07-10T18:30:00+00:00,29861.890000000003,29874.260000000002,29855.640000000003,29871.010000000002,6669
2026-07-10T18:35:00+00:00,29871.010000000002,29871.260000000002,29847.510000000002,29856.890000000003,6991
2026-07-10T18:40:00+00:00,29856.890000000003,29865.640000000003,29852.640000000003,29856.010000000002,6447
2026-07-10T18:45:00+00:00,29856.010000000002,29860.640000000003,29846.510000000002,29849.140000000003,6150
2026-07-10T18:50:00+00:00,29849.140000000003,29862.390000000003,29845.010000000002,29852.640000000003,6330
2026-07-10T18:55:00+00:00,29852.640000000003,29863.760000000002,29851.140000000003,29854.640000000003,6227
2026-07-10T19:00:00+00:00,29854.640000000003,29893.010000000002,29849.890000000003,29887.390000000003,8031
2026-07-10T19:05:00+00:00,29887.390000000003,29888.260000000002,29862.640000000003,29865.260000000002,7202
2026-07-10T19:10:00+00:00,29865.260000000002,29877.010000000002,29859.890000000003,29875.390000000003,7050
2026-07-10T19:15:00+00:00,29875.390000000003,29876.260000000002,29853.890000000003,29865.260000000002,7528
2026-07-10T19:20:00+00:00,29865.260000000002,29868.890000000003,29855.260000000002,29855.640000000003,6863
2026-07-10T19:25:00+00:00,29855.640000000003,29870.760000000002,29853.010000000002,29862.510000000002,6215
2026-07-10T19:30:00+00:00,29862.510000000002,29883.640000000003,29861.510000000002,29868.390000000003,8455
2026-07-10T19:35:00+00:00,29868.390000000003,29884.010000000002,29863.890000000003,29873.890000000003,6381
2026-07-10T19:40:00+00:00,29873.890000000003,29883.260000000002,29869.760000000002,29870.140000000003,6836
2026-07-10T19:45:00+00:00,29870.140000000003,29873.390000000003,29863.010000000002,29864.760000000002,7806
2026-07-10T19:50:00+00:00,29864.760000000002,29882.760000000002,29855.060000000005,29858.510000000002,10828
2026-07-10T19:55:00+00:00,29858.510000000002,29869.510000000002,29841.390000000003,29853.510000000002,13462
2026-07-10T20:00:00+00:00,29853.510000000002,29877.860000000004,29847.860000000004,29868.240000000005,6998
2026-07-10T20:05:00+00:00,29868.240000000005,29868.490000000005,29852.360000000004,29862.490000000005,3419
2026-07-10T20:10:00+00:00,29862.490000000005,29869.110000000004,29861.610000000004,29864.490000000005,2820
2026-07-10T20:15:00+00:00,29864.490000000005,29873.510000000002,29862.610000000004,29869.510000000002,1608
2026-07-10T20:20:00+00:00,29869.510000000002,29871.260000000002,29866.390000000003,29868.890000000003,1134
2026-07-10T20:25:00+00:00,29868.890000000003,29876.140000000003,29868.510000000002,29871.390000000003,1331
2026-07-10T20:30:00+00:00,29871.390000000003,29877.890000000003,29868.510000000002,29871.760000000002,863
2026-07-10T20:35:00+00:00,29871.760000000002,29875.260000000002,29869.890000000003,29873.890000000003,760
2026-07-10T20:40:00+00:00,29873.890000000003,29876.010000000002,29872.140000000003,29875.210000000003,705
2026-07-12T22:00:00+00:00,29875.210000000003,30539.000000000004,29875.210000000003,30476.070000000003,8852
2026-07-12T22:05:00+00:00,30476.070000000003,30485.120000000003,30429.070000000003,30453.250000000004,5647
2026-07-12T22:10:00+00:00,30453.250000000004,30474.120000000003,30415.570000000003,30424.570000000003,4312
2026-07-12T22:15:00+00:00,30424.570000000003,30447.370000000003,30421.570000000003,30429.120000000003,2741
2026-07-12T22:20:00+00:00,30429.120000000003,30455.870000000003,30428.070000000003,30442.320000000003,2485
2026-07-12T22:25:00+00:00,30442.320000000003,30450.120000000003,30436.570000000003,30446.120000000003,1364
2026-07-12T22:30:00+00:00,30446.120000000003,30459.250000000004,30446.120000000003,30451.750000000004,1380
2026-07-12T22:35:00+00:00,30451.750000000004,30464.120000000003,30432.320000000003,30452.250000000004,1933
2026-07-12T22:40:00+00:00,30452.250000000004,30458.870000000003,30435.570000000003,30455.120000000003,958
2026-07-12T22:45:00+00:00,30455.120000000003,30456.120000000003,30432.320000000003,30438.620000000003,1275
2026-07-12T22:50:00+00:00,30438.620000000003,30452.120000000003,30438.320000000003,30449.120000000003,1477
2026-07-12T22:55:00+00:00,30449.120000000003,30474.370000000003,30448.120000000003,30470.120000000003,2011
2026-07-12T23:00:00+00:00,30470.120000000003,30470.750000000004,30440.820000000003,30455.250000000004,2719
2026-07-12T23:05:00+00:00,30455.250000000004,30464.370000000003,30449.120000000003,30450.750000000004,1879
2026-07-12T23:10:00+00:00,30450.750000000004,30457.120000000003,30444.500000000004,30450.870000000003,1641
2026-07-12T23:15:00+00:00,30450.870000000003,30453.000000000004,30429.370000000003,30449.000000000004,2369
2026-07-12T23:20:00+00:00,30449.000000000004,30453.120000000003,30436.320000000003,30441.870000000003,1580
2026-07-12T23:25:00+00:00,30441.870000000003,30451.250000000004,30438.820000000003,30449.000000000004,1299
2026-07-12T23:30:00+00:00,30449.000000000004,30451.250000000004,30441.000000000004,30445.500000000004,1606
2026-07-12T23:35:00+00:00,30445.500000000004,30453.250000000004,30435.570000000003,30450.370000000003,1777
2026-07-12T23:40:00+00:00,30450.370000000003,30457.870000000003,30448.750000000004,30449.000000000004,1429
2026-07-12T23:45:00+00:00,30449.000000000004,30451.250000000004,30404.500000000004,30423.620000000003,5974
2026-07-12T23:50:00+00:00,30423.620000000003,30455.250000000004,30420.870000000003,30435.620000000003,4535
2026-07-12T23:55:00+00:00,30435.620000000003,30454.120000000003,30425.570000000003,30452.370000000003,5263
2026-07-13T00:00:00+00:00,30452.370000000003,30546.000000000004,30431.500000000004,30524.870000000003,13319
2026-07-13T00:05:00+00:00,30524.870000000003,30567.250000000004,30514.320000000003,30555.500000000004,9542
2026-07-13T00:10:00+00:00,30555.500000000004,30601.750000000004,30555.120000000003,30578.620000000003,9530
2026-07-13T00:15:00+00:00,30578.620000000003,30591.000000000004,30517.870000000003,30533.870000000003,8460
2026-07-13T00:20:00+00:00,30533.870000000003,30573.620000000003,30530.620000000003,30551.500000000004,8891
2026-07-13T00:25:00+00:00,30551.500000000004,30563.870000000003,30523.500000000004,30527.000000000004,7945
2026-07-13T00:30:00+00:00,30527.000000000004,30531.500000000004,30471.750000000004,30472.870000000003,9981
2026-07-13T00:35:00+00:00,30472.870000000003,30488.370000000003,30446.370000000003,30453.500000000004,8132
2026-07-13T00:40:00+00:00,30453.500000000004,30462.500000000004,30409.870000000003,30444.000000000004,12025
2026-07-13T00:45:00+00:00,30444.000000000004,30464.250000000004,30420.500000000004,30421.370000000003,9332
2026-07-13T00:50:00+00:00,30421.370000000003,30429.120000000003,30367.870000000003,30391.370000000003,11142
2026-07-13T00:55:00+00:00,30391.370000000003,30405.120000000003,30381.250000000004,30394.870000000003,8358
2026-07-13T01:00:00+00:00,30394.870000000003,30410.250000000004,30368.120000000003,30378.370000000003,9525
2026-07-13T01:05:00+00:00,30378.370000000003,30387.000000000004,30356.070000000003,30356.120000000003,9461
2026-07-13T01:10:00+00:00,30356.120000000003,30378.870000000003,30348.750000000004,30370.870000000003,9519
2026-07-13T01:15:00+00:00,30370.870000000003,30407.620000000003,30370.750000000004,30387.750000000004,8613
2026-07-13T01:20:00+00:00,30387.750000000004,30399.120000000003,30368.570000000003,30373.570000000003,7029
2026-07-13T01:25:00+00:00,30373.570000000003,30378.620000000003,30349.070000000003,30368.250000000004,6546
2026-07-13T01:30:00+00:00,30368.250000000004,30376.870000000003,30349.750000000004,30363.000000000004,10190
2026-07-13T01:35:00+00:00,30363.000000000004,30402.620000000003,30354.250000000004,30396.000000000004,9977
2026-07-13T01:40:00+00:00,30396.000000000004,30400.500000000004,30363.250000000004,30373.000000000004,10448
2026-07-13T01:45:00+00:00,30373.000000000004,30373.500000000004,30335.500000000004,30336.620000000003,9636
2026-07-13T01:50:00+00:00,30336.620000000003,30347.000000000004,30302.250000000004,30316.750000000004,8515
2026-07-13T01:55:00+00:00,30316.750000000004,30330.250000000004,30297.120000000003,30320.750000000004,10936
2026-07-13T02:00:00+00:00,30320.750000000004,30331.620000000003,30287.570000000003,30308.750000000004,7691
2026-07-13T02:05:00+00:00,30308.750000000004,30330.620000000003,30288.620000000003,30302.620000000003,8538
2026-07-13T02:10:00+00:00,30302.620000000003,30325.370000000003,30290.820000000003,30311.620000000003,6842
2026-07-13T02:15:00+00:00,30311.620000000003,30334.500000000004,30304.870000000003,30332.370000000003,6726
2026-07-13T02:20:00+00:00,30332.370000000003,30361.870000000003,30327.500000000004,30352.120000000003,5749
2026-07-13T02:25:00+00:00,30352.120000000003,30368.620000000003,30348.070000000003,30357.750000000004,5965
2026-07-13T02:30:00+00:00,30357.750000000004,30359.870000000003,30319.570000000003,30336.620000000003,6535
2026-07-13T02:35:00+00:00,30336.620000000003,30346.120000000003,30314.120000000003,30319.120000000003,6719
2026-07-13T02:40:00+00:00,30319.120000000003,30326.000000000004,30306.500000000004,30325.370000000003,5688
2026-07-13T02:45:00+00:00,30325.370000000003,30329.000000000004,30304.870000000003,30325.250000000004,5068
2026-07-13T02:50:00+00:00,30325.250000000004,30333.000000000004,30296.000000000004,30296.750000000004,4488
2026-07-13T02:55:00+00:00,30296.750000000004,30309.620000000003,30274.870000000003,30276.370000000003,4025
2026-07-13T03:00:00+00:00,30276.370000000003,30281.870000000003,30265.500000000004,30268.000000000004,4379
2026-07-13T03:05:00+00:00,30268.000000000004,30277.000000000004,30250.370000000003,30256.120000000003,4985
2026-07-13T03:10:00+00:00,30256.120000000003,30258.620000000003,30245.000000000004,30254.870000000003,4822
2026-07-13T03:15:00+00:00,30254.870000000003,30262.500000000004,30242.500000000004,30262.250000000004,4326
2026-07-13T03:20:00+00:00,30262.250000000004,30267.500000000004,30247.370000000003,30257.750000000004,4597
2026-07-13T03:25:00+00:00,30257.750000000004,30277.500000000004,30257.750000000004,30269.500000000004,3193
2026-07-13T03:30:00+00:00,30269.500000000004,30274.370000000003,30248.250000000004,30255.370000000003,5304
2026-07-13T03:35:00+00:00,30255.370000000003,30276.000000000004,30243.870000000003,30267.620000000003,5333
2026-07-13T03:40:00+00:00,30267.620000000003,30287.500000000004,30252.500000000004,30257.250000000004,6075
2026-07-13T03:45:00+00:00,30257.250000000004,30282.250000000004,30254.750000000004,30281.500000000004,5917
2026-07-13T03:50:00+00:00,30281.500000000004,30284.870000000003,30260.620000000003,30268.870000000003,4174
2026-07-13T03:55:00+00:00,30268.870000000003,30273.120000000003,30243.250000000004,30248.250000000004,2883
2026-07-13T04:00:00+00:00,30248.250000000004,30249.750000000004,30214.250000000004,30222.500000000004,4346
2026-07-13T04:05:00+00:00,30222.500000000004,30226.000000000004,30211.500000000004,30218.500000000004,5252
2026-07-13T04:10:00+00:00,30218.500000000004,30228.500000000004,30209.750000000004,30227.250000000004,4964
2026-07-13T04:15:00+00:00,30227.250000000004,30235.750000000004,30219.250000000004,30232.870000000003,4561
2026-07-13T04:20:00+00:00,30232.870000000003,30237.370000000003,30213.500000000004,30219.370000000003,4448
2026-07-13T04:25:00+00:00,30219.370000000003,30220.870000000003,30198.500000000004,30211.620000000003,4499
2026-07-13T04:30:00+00:00,30211.620000000003,30216.370000000003,30198.370000000003,30200.870000000003,3140
2026-07-13T04:35:00+00:00,30200.870000000003,30201.120000000003,30189.120000000003,30195.750000000004,3505
2026-07-13T04:40:00+00:00,30195.750000000004,30197.500000000004,30182.250000000004,30187.120000000003,3461
2026-07-13T04:45:00+00:00,30187.120000000003,30190.870000000003,30181.250000000004,30186.120000000003,3232
2026-07-13T04:50:00+00:00,30186.120000000003,30186.120000000003,30173.120000000003,30178.750000000004,2406
2026-07-13T04:55:00+00:00,30178.750000000004,30196.370000000003,30175.120000000003,30186.870000000003,3331
2026-07-13T05:00:00+00:00,30186.870000000003,30201.250000000004,30166.620000000003,30201.250000000004,7264
2026-07-13T05:05:00+00:00,30201.250000000004,30234.120000000003,30194.120000000003,30232.500000000004,6622
2026-07-13T05:10:00+00:00,30232.500000000004,30253.250000000004,30227.870000000003,30248.250000000004,6718
2026-07-13T05:15:00+00:00,30248.250000000004,30249.000000000004,30205.120000000003,30207.750000000004,5888
2026-07-13T05:20:00+00:00,30207.750000000004,30210.620000000003,30155.870000000003,30157.620000000003,6074
2026-07-13T05:25:00+00:00,30157.620000000003,30164.750000000004,30137.370000000003,30145.000000000004,6921
2026-07-13T05:30:00+00:00,30145.000000000004,30182.620000000003,30103.320000000003,30182.000000000004,8520
2026-07-13T05:35:00+00:00,30182.000000000004,30215.750000000004,30178.250000000004,30214.120000000003,9447
2026-07-13T05:40:00+00:00,30214.120000000003,30230.120000000003,30190.000000000004,30196.500000000004,6612
2026-07-13T05:45:00+00:00,30196.500000000004,30201.500000000004,30174.250000000004,30193.000000000004,7092
2026-07-13T05:50:00+00:00,30193.000000000004,30226.250000000004,30187.250000000004,30187.370000000003,7676
2026-07-13T05:55:00+00:00,30187.370000000003,30210.250000000004,30182.250000000004,30209.500000000004,6282
2026-07-13T06:00:00+00:00,30209.500000000004,30225.620000000003,30198.750000000004,30215.250000000004,8666
2026-07-13T06:05:00+00:00,30215.250000000004,30221.000000000004,30172.870000000003,30173.620000000003,7398
2026-07-13T06:10:00+00:00,30173.620000000003,30178.620000000003,30145.500000000004,30152.120000000003,7104
2026-07-13T06:15:00+00:00,30152.120000000003,30166.250000000004,30148.000000000004,30163.000000000004,7036
2026-07-13T06:20:00+00:00,30163.000000000004,30181.370000000003,30160.370000000003,30175.000000000004,7000
2026-07-13T06:25:00+00:00,30175.000000000004,30195.250000000004,30169.500000000004,30190.250000000004,7020
2026-07-13T06:30:00+00:00,30190.250000000004,30210.370000000003,30174.000000000004,30179.120000000003,6244
2026-07-13T06:35:00+00:00,30179.120000000003,30183.370000000003,30158.000000000004,30172.750000000004,4369
2026-07-13T06:40:00+00:00,30172.750000000004,30203.870000000003,30170.750000000004,30202.370000000003,4099
2026-07-13T06:45:00+00:00,30202.370000000003,30211.370000000003,30183.370000000003,30203.870000000003,4979
2026-07-13T06:50:00+00:00,30203.870000000003,30205.500000000004,30173.370000000003,30182.120000000003,4290
2026-07-13T06:55:00+00:00,30182.120000000003,30193.500000000004,30171.250000000004,30190.620000000003,3884
2026-07-13T07:00:00+00:00,30190.620000000003,30210.620000000003,30166.870000000003,30201.250000000004,10960
2026-07-13T07:05:00+00:00,30201.250000000004,30226.250000000004,30192.250000000004,30221.620000000003,6782
2026-07-13T07:10:00+00:00,30221.620000000003,30234.870000000003,30216.500000000004,30230.750000000004,5538
2026-07-13T07:15:00+00:00,30230.750000000004,30234.870000000003,30202.250000000004,30207.370000000003,5554
2026-07-13T07:20:00+00:00,30207.370000000003,30249.750000000004,30203.750000000004,30245.870000000003,4198
2026-07-13T07:25:00+00:00,30245.870000000003,30246.000000000004,30229.000000000004,30231.870000000003,4277
2026-07-13T07:30:00+00:00,30231.870000000003,30232.000000000004,30196.120000000003,30203.750000000004,4714
2026-07-13T07:35:00+00:00,30203.750000000004,30223.750000000004,30200.870000000003,30220.370000000003,3946
2026-07-13T07:40:00+00:00,30220.370000000003,30229.620000000003,30208.620000000003,30220.500000000004,3330
2026-07-13T07:45:00+00:00,30220.500000000004,30222.870000000003,30203.320000000003,30207.870000000003,3820
2026-07-13T07:50:00+00:00,30207.870000000003,30212.370000000003,30197.120000000003,30211.370000000003,3963
2026-07-13T07:55:00+00:00,30211.370000000003,30218.500000000004,30197.120000000003,30213.370000000003,4141
2026-07-13T08:00:00+00:00,30213.370000000003,30238.250000000004,30207.120000000003,30230.000000000004,7041
2026-07-13T08:05:00+00:00,30230.000000000004,30251.870000000003,30207.570000000003,30242.500000000004,8360
2026-07-13T08:10:00+00:00,30242.500000000004,30266.750000000004,30234.500000000004,30265.370000000003,5588
2026-07-13T08:15:00+00:00,30265.370000000003,30289.250000000004,30264.750000000004,30277.120000000003,5042
2026-07-13T08:20:00+00:00,30277.120000000003,30292.500000000004,30273.250000000004,30280.870000000003,4069
2026-07-13T08:25:00+00:00,30280.870000000003,30301.000000000004,30279.570000000003,30285.370000000003,4617
2026-07-13T08:30:00+00:00,30285.370000000003,30294.870000000003,30275.620000000003,30276.000000000004,4337
2026-07-13T08:35:00+00:00,30276.000000000004,30281.120000000003,30260.370000000003,30277.250000000004,3663
2026-07-13T08:40:00+00:00,30277.250000000004,30293.370000000003,30272.620000000003,30288.120000000003,3183
2026-07-13T08:45:00+00:00,30288.120000000003,30299.250000000004,30281.870000000003,30298.000000000004,3140
2026-07-13T08:50:00+00:00,30298.000000000004,30313.620000000003,30296.620000000003,30303.120000000003,3247
2026-07-13T08:55:00+00:00,30303.120000000003,30310.870000000003,30293.370000000003,30306.870000000003,3178
2026-07-13T09:00:00+00:00,30306.870000000003,30311.120000000003,30280.870000000003,30286.620000000003,3559
2026-07-13T09:05:00+00:00,30286.620000000003,30292.250000000004,30279.500000000004,30286.620000000003,3527
2026-07-13T09:10:00+00:00,30286.620000000003,30294.750000000004,30277.320000000003,30293.000000000004,2902
2026-07-13T09:15:00+00:00,30293.000000000004,30315.870000000003,30289.000000000004,30309.750000000004,3298
2026-07-13T09:20:00+00:00,30309.750000000004,30321.000000000004,30308.000000000004,30315.120000000003,2993
2026-07-13T09:25:00+00:00,30315.120000000003,30326.120000000003,30313.370000000003,30320.870000000003,2615
2026-07-13T09:30:00+00:00,30320.870000000003,30326.870000000003,30313.750000000004,30320.250000000004,2995
2026-07-13T09:35:00+00:00,30320.250000000004,30334.250000000004,30317.820000000003,30328.870000000003,2762
2026-07-13T09:40:00+00:00,30328.870000000003,30336.500000000004,30321.120000000003,30333.250000000004,2160
2026-07-13T09:45:00+00:00,30333.250000000004,30334.000000000004,30318.620000000003,30321.250000000004,2716
2026-07-13T09:50:00+00:00,30321.250000000004,30327.870000000003,30311.750000000004,30325.750000000004,2553
2026-07-13T09:55:00+00:00,30325.750000000004,30332.620000000003,30322.500000000004,30330.870000000003,2496
2026-07-13T10:00:00+00:00,30330.870000000003,30337.870000000003,30318.000000000004,30321.750000000004,2650
2026-07-13T10:05:00+00:00,30321.750000000004,30322.370000000003,30301.370000000003,30307.000000000004,3318
2026-07-13T10:10:00+00:00,30307.000000000004,30307.370000000003,30298.870000000003,30307.000000000004,2959
2026-07-13T10:15:00+00:00,30307.000000000004,30325.370000000003,30301.750000000004,30325.370000000003,2637
2026-07-13T10:20:00+00:00,30325.370000000003,30325.500000000004,30310.000000000004,30310.620000000003,2904
2026-07-13T10:25:00+00:00,30310.620000000003,30311.370000000003,30298.620000000003,30301.250000000004,2769
2026-07-13T10:30:00+00:00,30301.250000000004,30314.250000000004,30297.370000000003,30298.500000000004,3165
2026-07-13T10:35:00+00:00,30298.500000000004,30316.120000000003,30298.500000000004,30311.370000000003,2881
2026-07-13T10:40:00+00:00,30311.370000000003,30316.620000000003,30296.620000000003,30298.250000000004,2852
2026-07-13T10:45:00+00:00,30298.250000000004,30323.750000000004,30295.870000000003,30315.750000000004,3622
2026-07-13T10:50:00+00:00,30315.750000000004,30319.750000000004,30308.370000000003,30315.250000000004,2745
2026-07-13T10:55:00+00:00,30315.250000000004,30316.870000000003,30306.750000000004,30316.250000000004,3016
2026-07-13T11:00:00+00:00,30316.250000000004,30352.000000000004,30315.370000000003,30336.250000000004,5972
2026-07-13T11:05:00+00:00,30336.250000000004,30359.370000000003,30326.620000000003,30328.500000000004,7334
2026-07-13T11:10:00+00:00,30328.500000000004,30337.500000000004,30310.870000000003,30328.250000000004,5077
2026-07-13T11:15:00+00:00,30328.250000000004,30341.250000000004,30313.370000000003,30313.870000000003,4242
2026-07-13T11:20:00+00:00,30313.870000000003,30329.500000000004,30301.620000000003,30323.000000000004,4367
2026-07-13T11:25:00+00:00,30323.000000000004,30342.750000000004,30320.370000000003,30333.870000000003,4058
2026-07-13T11:30:00+00:00,30333.870000000003,30350.370000000003,30329.070000000003,30348.620000000003,4738
2026-07-13T11:35:00+00:00,30348.620000000003,30353.370000000003,30335.250000000004,30344.250000000004,4238
2026-07-13T11:40:00+00:00,30344.250000000004,30348.500000000004,30324.750000000004,30327.250000000004,4153
2026-07-13T11:45:00+00:00,30327.250000000004,30328.250000000004,30309.120000000003,30322.370000000003,4892
2026-07-13T11:50:00+00:00,30322.370000000003,30325.870000000003,30301.370000000003,30302.500000000004,3949
2026-07-13T11:55:00+00:00,30302.500000000004,30306.250000000004,30289.500000000004,30300.750000000004,5195
2026-07-13T12:00:00+00:00,30300.750000000004,30311.500000000004,30277.000000000004,30290.120000000003,6488
2026-07-13T12:05:00+00:00,30290.120000000003,30294.870000000003,30270.250000000004,30289.000000000004,5308
2026-07-13T12:10:00+00:00,30289.000000000004,30317.870000000003,30251.570000000003,30289.250000000004,9573
2026-07-13T12:15:00+00:00,30289.250000000004,30296.120000000003,30265.070000000003,30279.000000000004,6775
2026-07-13T12:20:00+00:00,30279.000000000004,30279.000000000004,30253.870000000003,30257.120000000003,5941
2026-07-13T12:25:00+00:00,30257.120000000003,30259.120000000003,30242.620000000003,30244.870000000003,4917
2026-07-13T12:30:00+00:00,30244.870000000003,30244.870000000003,30218.250000000004,30232.620000000003,5280
2026-07-13T12:35:00+00:00,30232.620000000003,30235.620000000003,30216.000000000004,30234.500000000004,5398
2026-07-13T12:40:00+00:00,30234.500000000004,30254.250000000004,30226.370000000003,30249.120000000003,5196
2026-07-13T12:45:00+00:00,30249.120000000003,30274.750000000004,30246.620000000003,30272.500000000004,5234
2026-07-13T12:50:00+00:00,30272.500000000004,30280.750000000004,30262.620000000003,30271.000000000004,6667
2026-07-13T12:55:00+00:00,30271.000000000004,30284.500000000004,30269.500000000004,30278.620000000003,5168
2026-07-13T13:00:00+00:00,30278.620000000003,30307.750000000004,30270.620000000003,30300.870000000003,7548
2026-07-13T13:05:00+00:00,30300.870000000003,30306.500000000004,30279.620000000003,30287.370000000003,7294
2026-07-13T13:10:00+00:00,30287.370000000003,30289.370000000003,30275.500000000004,30279.000000000004,6312
2026-07-13T13:15:00+00:00,30279.000000000004,30279.000000000004,30257.500000000004,30258.620000000003,6226
2026-07-13T13:20:00+00:00,30258.620000000003,30261.500000000004,30247.500000000004,30251.000000000004,6544
2026-07-13T13:25:00+00:00,30251.000000000004,30281.250000000004,30243.370000000003,30270.250000000004,10064
2026-07-13T13:30:00+00:00,30270.250000000004,30297.270000000004,30192.150000000005,30205.270000000004,66171
2026-07-13T13:35:00+00:00,30205.270000000004,30233.770000000004,30171.400000000005,30182.770000000004,56487
2026-07-13T13:40:00+00:00,30182.770000000004,30183.520000000004,30113.020000000004,30156.400000000005,48771
2026-07-13T13:45:00+00:00,30156.400000000005,30161.400000000005,30096.320000000003,30142.770000000004,55348
2026-07-13T13:50:00+00:00,30142.770000000004,30154.900000000005,30078.400000000005,30102.520000000004,54005
2026-07-13T13:55:00+00:00,30102.520000000004,30199.770000000004,30086.020000000004,30191.150000000005,48234
2026-07-13T14:00:00+00:00,30191.150000000005,30223.270000000004,30140.820000000003,30145.770000000004,49879
2026-07-13T14:05:00+00:00,30145.770000000004,30184.020000000004,30121.270000000004,30180.270000000004,41560
2026-07-13T14:10:00+00:00,30180.270000000004,30216.150000000005,30167.770000000004,30210.770000000004,35901
2026-07-13T14:15:00+00:00,30210.770000000004,30219.650000000005,30049.150000000005,30145.020000000004,50387
2026-07-13T14:20:00+00:00,30145.020000000004,30236.900000000005,30128.770000000004,30225.900000000005,44423
2026-07-13T14:25:00+00:00,30225.900000000005,30263.020000000004,30210.570000000003,30262.020000000004,33378
2026-07-13T14:30:00+00:00,30262.020000000004,30284.270000000004,30243.270000000004,30260.650000000005,30748
2026-07-13T14:35:00+00:00,30260.650000000005,30267.400000000005,30215.400000000005,30246.020000000004,31597
2026-07-13T14:40:00+00:00,30246.020000000004,30249.020000000004,30184.400000000005,30197.770000000004,29935
2026-07-13T14:45:00+00:00,30197.770000000004,30258.900000000005,30163.900000000005,30251.650000000005,30738
2026-07-13T14:50:00+00:00,30251.650000000005,30261.020000000004,30189.150000000005,30199.900000000005,28980
2026-07-13T14:55:00+00:00,30199.900000000005,30281.020000000004,30188.400000000005,30277.900000000005,23730
2026-07-13T15:00:00+00:00,30277.900000000005,30312.520000000004,30266.900000000005,30271.270000000004,26896
2026-07-13T15:05:00+00:00,30271.270000000004,30289.270000000004,30242.770000000004,30252.770000000004,23895
2026-07-13T15:10:00+00:00,30252.770000000004,30279.020000000004,30231.520000000004,30242.020000000004,22069
2026-07-13T15:15:00+00:00,30242.020000000004,30265.150000000005,30222.650000000005,30260.650000000005,21654
2026-07-13T15:20:00+00:00,30260.650000000005,30289.650000000005,30249.520000000004,30280.520000000004,22483
2026-07-13T15:25:00+00:00,30280.520000000004,30282.150000000005,30243.650000000005,30268.770000000004,21587
2026-07-13T15:30:00+00:00,30268.770000000004,30281.770000000004,30241.900000000005,30253.150000000005,18810
2026-07-13T15:35:00+00:00,30253.150000000005,30261.900000000005,30225.400000000005,30243.270000000004,20577
2026-07-13T15:40:00+00:00,30243.270000000004,30249.900000000005,30209.400000000005,30214.650000000005,16183
2026-07-13T15:45:00+00:00,30214.650000000005,30217.020000000004,30178.270000000004,30197.770000000004,17061
2026-07-13T15:50:00+00:00,30197.770000000004,30202.020000000004,30160.150000000005,30186.270000000004,16749
2026-07-13T15:55:00+00:00,30186.270000000004,30191.400000000005,30157.150000000005,30171.770000000004,14998
2026-07-13T16:00:00+00:00,30171.770000000004,30178.900000000005,30152.400000000005,30155.400000000005,16385
2026-07-13T16:05:00+00:00,30155.400000000005,30181.270000000004,30144.270000000004,30179.400000000005,16623
2026-07-13T16:10:00+00:00,30179.400000000005,30198.900000000005,30157.900000000005,30173.900000000005,13919
2026-07-13T16:15:00+00:00,30173.900000000005,30175.900000000005,30126.770000000004,30145.520000000004,15963
2026-07-13T16:20:00+00:00,30145.520000000004,30146.150000000005,30116.650000000005,30126.150000000005,13683
2026-07-13T16:25:00+00:00,30126.150000000005,30128.400000000005,30095.900000000005,30118.520000000004,17646
2026-07-13T16:30:00+00:00,30118.520000000004,30118.650000000005,30070.570000000003,30072.150000000005,20819
2026-07-13T16:35:00+00:00,30072.150000000005,30091.400000000005,30020.900000000005,30079.150000000005,28538
2026-07-13T16:40:00+00:00,30079.150000000005,30110.650000000005,30057.400000000005,30097.150000000005,21935
2026-07-13T16:45:00+00:00,30097.150000000005,30116.270000000004,30071.270000000004,30072.650000000005,19588
2026-07-13T16:50:00+00:00,30072.650000000005,30084.150000000005,30023.770000000004,30064.770000000004,25139
2026-07-13T16:55:00+00:00,30064.770000000004,30106.150000000005,30049.400000000005,30086.520000000004,20077
2026-07-13T17:00:00+00:00,30086.520000000004,30114.770000000004,30077.270000000004,30090.020000000004,18075
2026-07-13T17:05:00+00:00,30090.020000000004,30132.020000000004,30084.400000000005,30126.150000000005,16174
2026-07-13T17:10:00+00:00,30126.150000000005,30140.900000000005,30092.150000000005,30101.150000000005,15326
2026-07-13T17:15:00+00:00,30101.150000000005,30112.520000000004,30071.770000000004,30101.650000000005,15589
2026-07-13T17:20:00+00:00,30101.650000000005,30105.400000000005,30070.520000000004,30073.650000000005,14143
2026-07-13T17:25:00+00:00,30073.650000000005,30084.520000000004,30058.520000000004,30078.400000000005,15427
2026-07-13T17:30:00+00:00,30078.400000000005,30093.770000000004,30067.020000000004,30086.770000000004,14273
2026-07-13T17:35:00+00:00,30086.770000000004,30086.900000000005,30048.150000000005,30059.650000000005,14583
2026-07-13T17:40:00+00:00,30059.650000000005,30081.770000000004,30045.650000000005,30073.400000000005,11580
2026-07-13T17:45:00+00:00,30073.400000000005,30086.650000000005,30051.270000000004,30053.650000000005,12270
2026-07-13T17:50:00+00:00,30053.650000000005,30057.520000000004,30028.520000000004,30048.650000000005,14735
2026-07-13T17:55:00+00:00,30048.650000000005,30058.520000000004,30036.900000000005,30039.900000000005,13661
2026-07-13T18:00:00+00:00,30039.900000000005,30080.400000000005,30036.650000000005,30060.650000000005,17350
2026-07-13T18:05:00+00:00,30060.650000000005,30099.650000000005,30059.150000000005,30067.900000000005,14278
2026-07-13T18:10:00+00:00,30067.900000000005,30078.400000000005,30037.270000000004,30075.900000000005,15236
2026-07-13T18:15:00+00:00,30075.900000000005,30081.900000000005,30027.900000000005,30042.650000000005,13784
2026-07-13T18:20:00+00:00,30042.650000000005,30064.400000000005,30033.650000000005,30062.520000000004,13562
2026-07-13T18:25:00+00:00,30062.520000000004,30064.150000000005,30032.400000000005,30034.900000000005,12890
2026-07-13T18:30:00+00:00,30034.900000000005,30057.900000000005,30015.020000000004,30035.150000000005,13934
2026-07-13T18:35:00+00:00,30035.150000000005,30068.520000000004,30031.650000000005,30057.900000000005,13837
2026-07-13T18:40:00+00:00,30057.900000000005,30077.270000000004,30052.820000000003,30061.650000000005,11729
2026-07-13T18:45:00+00:00,30061.650000000005,30073.650000000005,30049.650000000005,30069.650000000005,13293
2026-07-13T18:50:00+00:00,30069.650000000005,30081.770000000004,30053.020000000004,30064.150000000005,11635
2026-07-13T18:55:00+00:00,30064.150000000005,30072.150000000005,30044.020000000004,30053.270000000004,12499
2026-07-13T19:00:00+00:00,30053.270000000004,30082.020000000004,30035.650000000005,30077.650000000005,12892
2026-07-13T19:05:00+00:00,30077.650000000005,30085.150000000005,30038.900000000005,30039.150000000005,11974
2026-07-13T19:10:00+00:00,30039.150000000005,30041.900000000005,30011.900000000005,30024.400000000005,14612
2026-07-13T19:15:00+00:00,30024.400000000005,30028.650000000005,30013.070000000003,30016.650000000005,13035
2026-07-13T19:20:00+00:00,30016.650000000005,30018.900000000005,29976.570000000003,29994.900000000005,14582
2026-07-13T19:25:00+00:00,29994.900000000005,29996.770000000004,29966.070000000003,29979.520000000004,13384
2026-07-13T19:30:00+00:00,29979.520000000004,30009.650000000005,29973.020000000004,29997.900000000005,18715
2026-07-13T19:35:00+00:00,29997.900000000005,29998.150000000005,29953.820000000003,29966.900000000005,14751
2026-07-13T19:40:00+00:00,29966.900000000005,30016.020000000004,29957.820000000003,30011.150000000005,13804
2026-07-13T19:45:00+00:00,30011.150000000005,30021.770000000004,29994.770000000004,30019.900000000005,12383
2026-07-13T19:50:00+00:00,30019.900000000005,30060.650000000005,30013.320000000003,30027.150000000005,18425
2026-07-13T19:55:00+00:00,30027.150000000005,30064.770000000004,30021.070000000003,30026.770000000004,19622
2026-07-13T20:00:00+00:00,30026.770000000004,30033.750000000004,30010.750000000004,30022.870000000003,9806
2026-07-13T20:05:00+00:00,30022.870000000003,30030.750000000004,30009.250000000004,30013.000000000004,5694
2026-07-13T20:10:00+00:00,30013.000000000004,30022.620000000003,29996.500000000004,30014.000000000004,5999
2026-07-13T20:15:00+00:00,30014.000000000004,30015.000000000004,29946.500000000004,29980.120000000003,6068
2026-07-13T20:20:00+00:00,29980.120000000003,29995.500000000004,29976.120000000003,29992.370000000003,3354
2026-07-13T20:25:00+00:00,29992.370000000003,30001.250000000004,29987.000000000004,29996.750000000004,2521
2026-07-13T20:30:00+00:00,29996.750000000004,29997.000000000004,29984.370000000003,29993.000000000004,2473
2026-07-13T20:35:00+00:00,29993.000000000004,29998.000000000004,29990.500000000004,29996.750000000004,1477
2026-07-13T20:40:00+00:00,29996.750000000004,29999.750000000004,29985.820000000003,29994.500000000004,1774
2026-07-13T20:45:00+00:00,29994.500000000004,29997.500000000004,29985.500000000004,29988.750000000004,2151
2026-07-13T20:50:00+00:00,29988.750000000004,29996.120000000003,29979.500000000004,29993.500000000004,2068
2026-07-13T20:55:00+00:00,29993.500000000004,30004.120000000003,29986.120000000003,29989.820000000003,1539
2026-07-13T22:00:00+00:00,29989.820000000003,30045.090000000004,29989.820000000003,30013.290000000005,5234
2026-07-13T22:05:00+00:00,30013.290000000005,30040.540000000005,30013.040000000005,30031.540000000005,3052
2026-07-13T22:10:00+00:00,30031.540000000005,30033.590000000004,30017.790000000005,30018.340000000004,2360
2026-07-13T22:15:00+00:00,30018.340000000004,30030.720000000005,30017.540000000005,30022.840000000004,1542
2026-07-13T22:20:00+00:00,30022.840000000004,30033.470000000005,30004.970000000005,30006.720000000005,1785
2026-07-13T22:25:00+00:00,30006.720000000005,30014.220000000005,29998.090000000004,29999.590000000004,1649
2026-07-13T22:30:00+00:00,29999.590000000004,30001.970000000005,29993.340000000004,29997.340000000004,1656
2026-07-13T22:35:00+00:00,29997.340000000004,30001.590000000004,29992.540000000005,29999.720000000005,1193
2026-07-13T22:40:00+00:00,29999.720000000005,30009.090000000004,29998.840000000004,30007.590000000004,1564
2026-07-13T22:45:00+00:00,30007.590000000004,30024.970000000005,30003.220000000005,30011.470000000005,1585
2026-07-13T22:50:00+00:00,30011.470000000005,30013.590000000004,29976.840000000004,29976.970000000005,2092
2026-07-13T22:55:00+00:00,29976.970000000005,29978.090000000004,29959.970000000005,29964.970000000005,2991
2026-07-13T23:00:00+00:00,29964.970000000005,29969.720000000005,29938.340000000004,29939.840000000004,2759
2026-07-13T23:05:00+00:00,29939.840000000004,29955.090000000004,29938.540000000005,29950.220000000005,2589
2026-07-13T23:10:00+00:00,29950.220000000005,29954.470000000005,29933.040000000005,29946.470000000005,2520
2026-07-13T23:15:00+00:00,29946.470000000005,29956.090000000004,29941.090000000004,29954.840000000004,1545
2026-07-13T23:20:00+00:00,29954.840000000004,29964.970000000005,29948.220000000005,29958.340000000004,2103
2026-07-13T23:25:00+00:00,29958.340000000004,29959.590000000004,29927.470000000005,29933.090000000004,1496
2026-07-13T23:30:00+00:00,29933.090000000004,29934.720000000005,29913.840000000004,29917.090000000004,2488
2026-07-13T23:35:00+00:00,29917.090000000004,29943.590000000004,29916.220000000005,29919.840000000004,2252
2026-07-13T23:40:00+00:00,29919.840000000004,29923.220000000005,29893.790000000005,29898.840000000004,2858
2026-07-13T23:45:00+00:00,29898.840000000004,29919.220000000005,29893.220000000005,29908.090000000004,5809
2026-07-13T23:50:00+00:00,29908.090000000004,29955.590000000004,29900.040000000005,29948.090000000004,6631
2026-07-13T23:55:00+00:00,29948.090000000004,29989.340000000004,29932.220000000005,29986.840000000004,7526
2026-07-14T00:00:00+00:00,29986.840000000004,30015.970000000005,29919.040000000005,29929.790000000005,18579
2026-07-14T00:05:00+00:00,29929.790000000005,29943.040000000005,29891.790000000005,29926.540000000005,18004
2026-07-14T00:10:00+00:00,29926.540000000005,30033.840000000004,29926.290000000005,30028.720000000005,17886
2026-07-14T00:15:00+00:00,30028.720000000005,30040.970000000005,29958.790000000005,29959.720000000005,16631
2026-07-14T00:20:00+00:00,29959.720000000005,30016.090000000004,29935.290000000005,30008.840000000004,16220
2026-07-14T00:25:00+00:00,30008.840000000004,30009.340000000004,29945.220000000005,29984.840000000004,15066
2026-07-14T00:30:00+00:00,29984.840000000004,30036.970000000005,29970.840000000004,30023.590000000004,15220
2026-07-14T00:35:00+00:00,30023.590000000004,30054.090000000004,30008.340000000004,30020.840000000004,13540
2026-07-14T00:40:00+00:00,30020.840000000004,30043.090000000004,29964.970000000005,29983.840000000004,11955
2026-07-14T00:45:00+00:00,29983.840000000004,30027.720000000005,29977.540000000005,30021.720000000005,13409
2026-07-14T00:50:00+00:00,30021.720000000005,30077.720000000005,30020.470000000005,30072.470000000005,9765
2026-07-14T00:55:00+00:00,30072.470000000005,30100.090000000004,30069.840000000004,30087.590000000004,7572
2026-07-14T01:00:00+00:00,30087.590000000004,30106.590000000004,30075.290000000005,30099.290000000005,10507
2026-07-14T01:05:00+00:00,30099.290000000005,30105.720000000005,30075.340000000004,30085.090000000004,8974
2026-07-14T01:10:00+00:00,30085.090000000004,30089.220000000005,30046.290000000005,30054.840000000004,10378
2026-07-14T01:15:00+00:00,30054.840000000004,30087.590000000004,30046.290000000005,30080.590000000004,10375
2026-07-14T01:20:00+00:00,30080.590000000004,30086.720000000005,30050.790000000005,30063.090000000004,8700
2026-07-14T01:25:00+00:00,30063.090000000004,30093.470000000005,30056.790000000005,30070.040000000005,8577
2026-07-14T01:30:00+00:00,30070.040000000005,30080.970000000005,30036.790000000005,30050.220000000005,11755
2026-07-14T01:35:00+00:00,30050.220000000005,30055.720000000005,30018.840000000004,30036.090000000004,10838
2026-07-14T01:40:00+00:00,30036.090000000004,30048.340000000004,30006.720000000005,30039.340000000004,10488
2026-07-14T01:45:00+00:00,30039.340000000004,30069.590000000004,30039.220000000005,30064.090000000004,9413
2026-07-14T01:50:00+00:00,30064.090000000004,30067.720000000005,30035.970000000005,30039.340000000004,8214
2026-07-14T01:55:00+00:00,30039.340000000004,30040.840000000004,30002.720000000005,30013.340000000004,10018
2026-07-14T02:00:00+00:00,30013.340000000004,30038.840000000004,29996.090000000004,30029.720000000005,9352
2026-07-14T02:05:00+00:00,30029.720000000005,30054.590000000004,30026.220000000005,30030.970000000005,10073
2026-07-14T02:10:00+00:00,30030.970000000005,30034.970000000005,29989.590000000004,29990.090000000004,8317
2026-07-14T02:15:00+00:00,29990.090000000004,30001.470000000005,29965.340000000004,29966.220000000005,8969
2026-07-14T02:20:00+00:00,29966.220000000005,29977.090000000004,29942.090000000004,29949.470000000005,10088
2026-07-14T02:25:00+00:00,29949.470000000005,29969.220000000005,29938.970000000005,29966.840000000004,7250
2026-07-14T02:30:00+00:00,29966.840000000004,29976.470000000005,29936.090000000004,29941.220000000005,8432
2026-07-14T02:35:00+00:00,29941.220000000005,29994.970000000005,29931.720000000005,29993.340000000004,9081
2026-07-14T02:40:00+00:00,29993.340000000004,30021.340000000004,29986.090000000004,30010.590000000004,9684
2026-07-14T02:45:00+00:00,30010.590000000004,30018.470000000005,29994.090000000004,30009.340000000004,6966
2026-07-14T02:50:00+00:00,30009.340000000004,30011.090000000004,29952.720000000005,29955.840000000004,6111
2026-07-14T02:55:00+00:00,29955.840000000004,29964.470000000005,29949.220000000005,29953.720000000005,6995
2026-07-14T03:00:00+00:00,29953.720000000005,29957.590000000004,29920.720000000005,29929.340000000004,6937
2026-07-14T03:05:00+00:00,29929.340000000004,29934.720000000005,29917.290000000005,29924.340000000004,6705
2026-07-14T03:10:00+00:00,29924.340000000004,29925.220000000005,29894.090000000004,29901.590000000004,6229
2026-07-14T03:15:00+00:00,29901.590000000004,29903.090000000004,29872.970000000005,29889.340000000004,6901
2026-07-14T03:20:00+00:00,29889.340000000004,29915.970000000005,29869.220000000005,29896.090000000004,7264
2026-07-14T03:25:00+00:00,29896.090000000004,29943.470000000005,29894.090000000004,29942.720000000005,6426
2026-07-14T03:30:00+00:00,29942.720000000005,29971.090000000004,29921.470000000005,29926.720000000005,11294
2026-07-14T03:35:00+00:00,29926.720000000005,29945.840000000004,29910.090000000004,29936.970000000005,9827
2026-07-14T03:40:00+00:00,29936.970000000005,29943.840000000004,29899.970000000005,29925.090000000004,9466
2026-07-14T03:45:00+00:00,29925.090000000004,29970.470000000005,29919.340000000004,29950.090000000004,9365
2026-07-14T03:50:00+00:00,29950.090000000004,29991.970000000005,29947.720000000005,29983.220000000005,8016
2026-07-14T03:55:00+00:00,29983.220000000005,29993.970000000005,29973.220000000005,29990.340000000004,6926
2026-07-14T04:00:00+00:00,29990.340000000004,30011.090000000004,29977.220000000005,29998.090000000004,6757
2026-07-14T04:05:00+00:00,29998.090000000004,30010.090000000004,29959.220000000005,29963.340000000004,5914
2026-07-14T04:10:00+00:00,29963.340000000004,29966.840000000004,29937.470000000005,29957.340000000004,5972
2026-07-14T04:15:00+00:00,29957.340000000004,29969.970000000005,29946.090000000004,29960.720000000005,5856
2026-07-14T04:20:00+00:00,29960.720000000005,29997.340000000004,29960.470000000005,29991.840000000004,5777
2026-07-14T04:25:00+00:00,29991.840000000004,30019.470000000005,29987.090000000004,30015.220000000005,6402
2026-07-14T04:30:00+00:00,30015.220000000005,30028.840000000004,30008.220000000005,30028.590000000004,5916
2026-07-14T04:35:00+00:00,30028.590000000004,30053.340000000004,30025.090000000004,30050.090000000004,5596
2026-07-14T04:40:00+00:00,30050.090000000004,30052.970000000005,30033.720000000005,30040.590000000004,6100
2026-07-14T04:45:00+00:00,30040.590000000004,30065.090000000004,30037.970000000005,30060.470000000005,4538
2026-07-14T04:50:00+00:00,30060.470000000005,30068.470000000005,30043.470000000005,30063.720000000005,5004
2026-07-14T04:55:00+00:00,30063.720000000005,30082.090000000004,30060.720000000005,30075.090000000004,4755
2026-07-14T05:00:00+00:00,30075.090000000004,30078.720000000005,30054.720000000005,30076.590000000004,6339
2026-07-14T05:05:00+00:00,30076.590000000004,30098.720000000005,30072.590000000004,30089.090000000004,5177
2026-07-14T05:10:00+00:00,30089.090000000004,30114.220000000005,30086.720000000005,30111.220000000005,5052
2026-07-14T05:15:00+00:00,30111.220000000005,30116.840000000004,30100.590000000004,30112.590000000004,4794
2026-07-14T05:20:00+00:00,30112.590000000004,30159.090000000004,30112.470000000005,30152.590000000004,5797
2026-07-14T05:25:00+00:00,30152.590000000004,30175.470000000005,30146.470000000005,30170.090000000004,5237
2026-07-14T05:30:00+00:00,30170.090000000004,30197.220000000005,30166.220000000005,30167.720000000005,5626
2026-07-14T05:35:00+00:00,30167.720000000005,30175.590000000004,30151.220000000005,30159.840000000004,5975
2026-07-14T05:40:00+00:00,30159.840000000004,30164.090000000004,30143.220000000005,30160.590000000004,5891
2026-07-14T05:45:00+00:00,30160.590000000004,30171.090000000004,30148.340000000004,30160.220000000005,5550
2026-07-14T05:50:00+00:00,30160.220000000005,30166.590000000004,30152.590000000004,30164.840000000004,6287
2026-07-14T05:55:00+00:00,30164.840000000004,30169.970000000005,30154.090000000004,30158.340000000004,5391
2026-07-14T06:00:00+00:00,30158.340000000004,30177.970000000005,30152.290000000005,30171.220000000005,7006
2026-07-14T06:05:00+00:00,30171.220000000005,30189.340000000004,30170.220000000005,30184.090000000004,4420
2026-07-14T06:10:00+00:00,30184.090000000004,30199.970000000005,30175.970000000005,30195.090000000004,4676
2026-07-14T06:15:00+00:00,30195.090000000004,30214.840000000004,30185.970000000005,30206.840000000004,4174
2026-07-14T06:20:00+00:00,30206.840000000004,30214.840000000004,30181.340000000004,30183.220000000005,4054
2026-07-14T06:25:00+00:00,30183.220000000005,30188.090000000004,30161.290000000005,30171.220000000005,5374
2026-07-14T06:30:00+00:00,30171.220000000005,30199.970000000005,30166.590000000004,30194.970000000005,5382
2026-07-14T06:35:00+00:00,30194.970000000005,30197.340000000004,30174.590000000004,30180.470000000005,3981
2026-07-14T06:40:00+00:00,30180.470000000005,30180.720000000005,30158.970000000005,30163.470000000005,3756
2026-07-14T06:45:00+00:00,30163.470000000005,30163.720000000005,30140.590000000004,30146.090000000004,4203
2026-07-14T06:50:00+00:00,30146.090000000004,30154.840000000004,30137.340000000004,30138.340000000004,3408
2026-07-14T06:55:00+00:00,30138.340000000004,30146.090000000004,30128.720000000005,30129.340000000004,4186
2026-07-14T07:00:00+00:00,30129.340000000004,30151.840000000004,30111.470000000005,30149.970000000005,7501
2026-07-14T07:05:00+00:00,30149.970000000005,30168.590000000004,30147.340000000004,30157.720000000005,6194
2026-07-14T07:10:00+00:00,30157.720000000005,30166.470000000005,30143.090000000004,30165.720000000005,7300
2026-07-14T07:15:00+00:00,30165.720000000005,30169.970000000005,30147.470000000005,30157.090000000004,7060
2026-07-14T07:20:00+00:00,30157.090000000004,30167.970000000005,30142.340000000004,30159.840000000004,6870
2026-07-14T07:25:00+00:00,30159.840000000004,30186.840000000004,30159.090000000004,30173.090000000004,7091
2026-07-14T07:30:00+00:00,30173.090000000004,30174.090000000004,30141.840000000004,30167.590000000004,8363
2026-07-14T07:35:00+00:00,30167.590000000004,30171.840000000004,30150.590000000004,30164.590000000004,6761
2026-07-14T07:40:00+00:00,30164.590000000004,30166.340000000004,30133.090000000004,30141.540000000005,7100
2026-07-14T07:45:00+00:00,30141.540000000005,30162.340000000004,30122.220000000005,30161.720000000005,8284
2026-07-14T07:50:00+00:00,30161.720000000005,30174.840000000004,30156.720000000005,30164.090000000004,7255
2026-07-14T07:55:00+00:00,30164.090000000004,30167.840000000004,30133.590000000004,30139.090000000004,6875
2026-07-14T08:00:00+00:00,30139.090000000004,30167.220000000005,30126.220000000005,30150.970000000005,12036
2026-07-14T08:05:00+00:00,30150.970000000005,30155.840000000004,30113.470000000005,30123.220000000005,8605
2026-07-14T08:10:00+00:00,30123.220000000005,30151.220000000005,30120.970000000005,30146.470000000005,8379
2026-07-14T08:15:00+00:00,30146.470000000005,30179.970000000005,30146.340000000004,30170.590000000004,7915
2026-07-14T08:20:00+00:00,30170.590000000004,30177.590000000004,30156.590000000004,30161.720000000005,7363
2026-07-14T08:25:00+00:00,30161.720000000005,30196.590000000004,30161.720000000005,30184.470000000005,7788
2026-07-14T08:30:00+00:00,30184.470000000005,30194.970000000005,30172.590000000004,30186.590000000004,5113
2026-07-14T08:35:00+00:00,30186.590000000004,30201.470000000005,30179.720000000005,30187.840000000004,5258
2026-07-14T08:40:00+00:00,30187.840000000004,30192.090000000004,30175.340000000004,30180.090000000004,5709
2026-07-14T08:45:00+00:00,30180.090000000004,30180.340000000004,30146.840000000004,30147.970000000005,5010
2026-07-14T08:50:00+00:00,30147.970000000005,30159.470000000005,30137.470000000005,30156.720000000005,5634
2026-07-14T08:55:00+00:00,30156.720000000005,30160.590000000004,30136.220000000005,30137.970000000005,6278
2026-07-14T09:00:00+00:00,30137.970000000005,30166.970000000005,30123.720000000005,30164.470000000005,6420
2026-07-14T09:05:00+00:00,30164.470000000005,30176.720000000005,30150.290000000005,30174.090000000004,6121
2026-07-14T09:10:00+00:00,30174.090000000004,30191.340000000004,30165.340000000004,30190.090000000004,4832
2026-07-14T09:15:00+00:00,30190.090000000004,30194.720000000005,30157.090000000004,30170.090000000004,5319
2026-07-14T09:20:00+00:00,30170.090000000004,30173.340000000004,30150.970000000005,30155.970000000005,4788
2026-07-14T09:25:00+00:00,30155.970000000005,30160.970000000005,30137.470000000005,30139.840000000004,3879
2026-07-14T09:30:00+00:00,30139.840000000004,30156.220000000005,30139.340000000004,30151.970000000005,4296
2026-07-14T09:35:00+00:00,30151.970000000005,30160.720000000005,30147.290000000005,30159.970000000005,3457
2026-07-14T09:40:00+00:00,30159.970000000005,30176.090000000004,30156.340000000004,30165.220000000005,4408
2026-07-14T09:45:00+00:00,30165.220000000005,30188.720000000005,30162.840000000004,30187.840000000004,4477
2026-07-14T09:50:00+00:00,30187.840000000004,30188.720000000005,30166.590000000004,30173.590000000004,4531
2026-07-14T09:55:00+00:00,30173.590000000004,30175.220000000005,30162.090000000004,30167.840000000004,4305
2026-07-14T10:00:00+00:00,30167.840000000004,30175.590000000004,30159.590000000004,30175.340000000004,4311
2026-07-14T10:05:00+00:00,30175.340000000004,30180.840000000004,30163.340000000004,30178.720000000005,3465
2026-07-14T10:10:00+00:00,30178.720000000005,30186.470000000005,30162.720000000005,30171.340000000004,3452
2026-07-14T10:15:00+00:00,30171.340000000004,30173.970000000005,30157.840000000004,30164.590000000004,4051
2026-07-14T10:20:00+00:00,30164.590000000004,30166.720000000005,30155.720000000005,30162.840000000004,3252
2026-07-14T10:25:00+00:00,30162.840000000004,30165.340000000004,30151.090000000004,30162.090000000004,3754
2026-07-14T10:30:00+00:00,30162.090000000004,30175.470000000005,30143.840000000004,30155.970000000005,6138
2026-07-14T10:35:00+00:00,30155.970000000005,30198.340000000004,30152.040000000005,30180.840000000004,6405
2026-07-14T10:40:00+00:00,30180.840000000004,30181.590000000004,30160.040000000005,30169.720000000005,4911
2026-07-14T10:45:00+00:00,30169.720000000005,30181.090000000004,30166.090000000004,30178.470000000005,4213
2026-07-14T10:50:00+00:00,30178.470000000005,30185.970000000005,30164.470000000005,30167.090000000004,3658
2026-07-14T10:55:00+00:00,30167.090000000004,30173.470000000005,30154.220000000005,30172.340000000004,4062
2026-07-14T11:00:00+00:00,30172.340000000004,30187.340000000004,30126.290000000005,30138.220000000005,9867
2026-07-14T11:05:00+00:00,30138.220000000005,30161.970000000005,30129.720000000005,30138.340000000004,9332
2026-07-14T11:10:00+00:00,30138.340000000004,30174.720000000005,30120.340000000004,30172.590000000004,10366
2026-07-14T11:15:00+00:00,30172.590000000004,30200.840000000004,30169.720000000005,30200.220000000005,8557
2026-07-14T11:20:00+00:00,30200.220000000005,30227.840000000004,30192.340000000004,30219.720000000005,9275
2026-07-14T11:25:00+00:00,30219.720000000005,30235.970000000005,30206.090000000004,30206.720000000005,11267
2026-07-14T11:30:00+00:00,30206.720000000005,30233.840000000004,30197.220000000005,30199.720000000005,9154
2026-07-14T11:35:00+00:00,30199.720000000005,30206.970000000005,30181.840000000004,30192.470000000005,6570
2026-07-14T11:40:00+00:00,30192.470000000005,30199.220000000005,30179.720000000005,30186.340000000004,6611
2026-07-14T11:45:00+00:00,30186.340000000004,30222.720000000005,30182.840000000004,30206.970000000005,7741
2026-07-14T11:50:00+00:00,30206.970000000005,30223.340000000004,30204.090000000004,30210.720000000005,5099
2026-07-14T11:55:00+00:00,30210.720000000005,30220.090000000004,30192.470000000005,30198.840000000004,4596
2026-07-14T12:00:00+00:00,30198.840000000004,30203.220000000005,30163.090000000004,30165.340000000004,7052
2026-07-14T12:05:00+00:00,30165.340000000004,30166.840000000004,30147.340000000004,30154.590000000004,7554
2026-07-14T12:10:00+00:00,30154.590000000004,30160.470000000005,30134.290000000005,30156.090000000004,6181
2026-07-14T12:15:00+00:00,30156.090000000004,30182.590000000004,30142.590000000004,30174.840000000004,6162
2026-07-14T12:20:00+00:00,30174.840000000004,30219.470000000005,30162.090000000004,30216.590000000004,8300
2026-07-14T12:25:00+00:00,30216.590000000004,30257.290000000005,30215.470000000005,30248.040000000005,8082
2026-07-14T12:30:00+00:00,30248.040000000005,30486.720000000005,30236.290000000005,30462.470000000005,24928
2026-07-14T12:35:00+00:00,30462.470000000005,30462.590000000004,30371.290000000005,30396.290000000005,18939
2026-07-14T12:40:00+00:00,30396.290000000005,30414.220000000005,30371.290000000005,30387.590000000004,13186
2026-07-14T12:45:00+00:00,30387.590000000004,30403.720000000005,30351.040000000005,30368.970000000005,11588
2026-07-14T12:50:00+00:00,30368.970000000005,30369.720000000005,30328.290000000005,30339.840000000004,10763
2026-07-14T12:55:00+00:00,30339.840000000004,30354.090000000004,30319.470000000005,30338.590000000004,10799
2026-07-14T13:00:00+00:00,30338.590000000004,30361.340000000004,30330.340000000004,30341.340000000004,12497
2026-07-14T13:05:00+00:00,30341.340000000004,30373.840000000004,30335.840000000004,30354.590000000004,10324
2026-07-14T13:10:00+00:00,30354.590000000004,30366.590000000004,30337.720000000005,30347.470000000005,10929
2026-07-14T13:15:00+00:00,30347.470000000005,30352.220000000005,30321.470000000005,30322.720000000005,9562
2026-07-14T13:20:00+00:00,30322.720000000005,30363.970000000005,30308.220000000005,30360.590000000004,10498
2026-07-14T13:25:00+00:00,30360.590000000004,30397.470000000005,30359.590000000004,30376.840000000004,13230
2026-07-14T13:30:00+00:00,30376.840000000004,30381.49,30256.120000000003,30259.620000000003,59173
2026-07-14T13:35:00+00:00,30259.620000000003,30362.370000000003,30251.120000000003,30335.74,53943
2026-07-14T13:40:00+00:00,30335.74,30346.620000000003,30267.24,30318.99,50136
2026-07-14T13:45:00+00:00,30318.99,30374.370000000003,30290.870000000003,30330.620000000003,51673
2026-07-14T13:50:00+00:00,30330.620000000003,30364.49,30280.620000000003,30323.49,48504
2026-07-14T13:55:00+00:00,30323.49,30361.24,30304.74,30346.870000000003,35830
2026-07-14T14:00:00+00:00,30346.870000000003,30370.74,30255.24,30258.370000000003,41944
2026-07-14T14:05:00+00:00,30258.370000000003,30269.99,30203.370000000003,30232.370000000003,37745
2026-07-14T14:10:00+00:00,30232.370000000003,30256.120000000003,30205.74,30230.120000000003,40361
2026-07-14T14:15:00+00:00,30230.120000000003,30230.49,30133.620000000003,30196.74,51312
2026-07-14T14:20:00+00:00,30196.74,30281.24,30192.620000000003,30225.370000000003,39926
2026-07-14T14:25:00+00:00,30225.370000000003,30298.99,30204.620000000003,30249.620000000003,35888
2026-07-14T14:30:00+00:00,30249.620000000003,30402.49,30224.540000000005,30336.370000000003,40461
2026-07-14T14:35:00+00:00,30336.370000000003,30361.24,30316.870000000003,30351.370000000003,33334
2026-07-14T14:40:00+00:00,30351.370000000003,30367.370000000003,30282.24,30294.370000000003,34444
2026-07-14T14:45:00+00:00,30294.370000000003,30311.49,30242.870000000003,30252.74,34929
2026-07-14T14:50:00+00:00,30252.74,30324.24,30225.290000000005,30324.24,30023
2026-07-14T14:55:00+00:00,30324.24,30349.99,30317.870000000003,30339.99,25335
2026-07-14T15:00:00+00:00,30339.99,30404.74,30319.620000000003,30370.99,29092
2026-07-14T15:05:00+00:00,30370.99,30429.99,30360.99,30422.49,27853
2026-07-14T15:10:00+00:00,30422.49,30431.620000000003,30405.120000000003,30413.99,21017
2026-07-14T15:15:00+00:00,30413.99,30433.24,30391.49,30413.620000000003,20674
2026-07-14T15:20:00+00:00,30413.620000000003,30446.370000000003,30398.370000000003,30440.620000000003,19796
2026-07-14T15:25:00+00:00,30440.620000000003,30455.120000000003,30424.620000000003,30450.870000000003,13972
2026-07-14T15:30:00+00:00,30450.870000000003,30461.74,30401.870000000003,30411.120000000003,18896
2026-07-14T15:35:00+00:00,30411.120000000003,30431.99,30391.620000000003,30425.620000000003,21980
2026-07-14T15:40:00+00:00,30425.620000000003,30425.620000000003,30364.99,30401.24,22171
2026-07-14T15:45:00+00:00,30401.24,30417.620000000003,30393.120000000003,30393.870000000003,18569
2026-07-14T15:50:00+00:00,30393.870000000003,30402.370000000003,30334.74,30342.120000000003,23693
2026-07-14T15:55:00+00:00,30342.120000000003,30364.24,30326.370000000003,30351.870000000003,21685
2026-07-14T16:00:00+00:00,30351.870000000003,30357.620000000003,30282.49,30299.99,22156
2026-07-14T16:05:00+00:00,30299.99,30328.24,30277.040000000005,30313.620000000003,21102
2026-07-14T16:10:00+00:00,30313.620000000003,30321.24,30287.99,30304.74,17488
2026-07-14T16:15:00+00:00,30304.74,30315.370000000003,30270.620000000003,30315.24,12352
2026-07-14T16:20:00+00:00,30315.24,30326.74,30291.49,30321.99,11264
2026-07-14T16:25:00+00:00,30321.99,30349.870000000003,30321.120000000003,30344.74,9988
2026-07-14T16:30:00+00:00,30344.74,30356.620000000003,30318.120000000003,30350.870000000003,16063
2026-07-14T16:35:00+00:00,30350.870000000003,30361.870000000003,30333.74,30353.74,13511
2026-07-14T16:40:00+00:00,30353.74,30390.120000000003,30346.99,30375.24,12924
2026-07-14T16:45:00+00:00,30375.24,30395.74,30349.620000000003,30375.370000000003,13363
2026-07-14T16:50:00+00:00,30375.370000000003,30387.24,30369.620000000003,30373.99,10225
2026-07-14T16:55:00+00:00,30373.99,30392.620000000003,30373.99,30392.49,9757
2026-07-14T17:00:00+00:00,30392.49,30403.74,30383.870000000003,30386.870000000003,10385
2026-07-14T17:05:00+00:00,30386.870000000003,30412.620000000003,30380.74,30409.620000000003,8828
2026-07-14T17:10:00+00:00,30409.620000000003,30416.74,30387.49,30387.99,8504
2026-07-14T17:15:00+00:00,30387.99,30402.24,30373.290000000005,30401.120000000003,10510
2026-07-14T17:20:00+00:00,30401.120000000003,30429.99,30400.99,30424.120000000003,9153
2026-07-14T17:25:00+00:00,30424.120000000003,30432.370000000003,30411.290000000005,30415.74,7276
2026-07-14T17:30:00+00:00,30415.74,30427.74,30396.370000000003,30396.870000000003,8718
2026-07-14T17:35:00+00:00,30396.870000000003,30419.620000000003,30384.870000000003,30417.620000000003,8495
2026-07-14T17:40:00+00:00,30417.620000000003,30424.120000000003,30403.620000000003,30412.120000000003,7645
2026-07-14T17:45:00+00:00,30412.120000000003,30424.120000000003,30395.24,30415.49,8316
2026-07-14T17:50:00+00:00,30415.49,30430.24,30414.24,30426.870000000003,6730
2026-07-14T17:55:00+00:00,30426.870000000003,30431.24,30419.370000000003,30429.24,6414
2026-07-14T18:00:00+00:00,30429.24,30435.49,30408.74,30432.370000000003,8155
2026-07-14T18:05:00+00:00,30432.370000000003,30433.99,30410.620000000003,30429.870000000003,7120
2026-07-14T18:10:00+00:00,30429.870000000003,30436.99,30424.74,30435.120000000003,6069
2026-07-14T18:15:00+00:00,30435.120000000003,30443.620000000003,30426.49,30432.120000000003,6627
2026-07-14T18:20:00+00:00,30432.120000000003,30436.24,30417.370000000003,30421.120000000003,6887
2026-07-14T18:25:00+00:00,30421.120000000003,30432.120000000003,30413.620000000003,30419.620000000003,7016
2026-07-14T18:30:00+00:00,30419.620000000003,30430.120000000003,30411.540000000005,30428.370000000003,7228
2026-07-14T18:35:00+00:00,30428.370000000003,30435.49,30402.24,30414.620000000003,9365
2026-07-14T18:40:00+00:00,30414.620000000003,30415.370000000003,30376.540000000005,30391.120000000003,13501
2026-07-14T18:45:00+00:00,30391.120000000003,30403.74,30380.870000000003,30382.620000000003,9319
2026-07-14T18:50:00+00:00,30382.620000000003,30409.24,30379.370000000003,30401.870000000003,8957
2026-07-14T18:55:00+00:00,30401.870000000003,30402.370000000003,30385.24,30390.370000000003,7902
2026-07-14T19:00:00+00:00,30390.370000000003,30398.49,30359.620000000003,30364.370000000003,10733
2026-07-14T19:05:00+00:00,30364.370000000003,30369.870000000003,30346.24,30354.99,9649
2026-07-14T19:10:00+00:00,30354.99,30390.370000000003,30350.99,30381.620000000003,8723
2026-07-14T19:15:00+00:00,30381.620000000003,30393.74,30374.790000000005,30386.24,8023
2026-07-14T19:20:00+00:00,30386.24,30403.870000000003,30377.370000000003,30401.24,7603
2026-07-14T19:25:00+00:00,30401.24,30401.99,30362.620000000003,30363.620000000003,8867
2026-07-14T19:30:00+00:00,30363.620000000003,30369.370000000003,30336.99,30366.120000000003,17685
2026-07-14T19:35:00+00:00,30366.120000000003,30375.74,30352.24,30357.620000000003,10833
2026-07-14T19:40:00+00:00,30357.620000000003,30382.49,30354.120000000003,30377.120000000003,9317
2026-07-14T19:45:00+00:00,30377.120000000003,30389.49,30373.120000000003,30386.870000000003,8639
2026-07-14T19:50:00+00:00,30386.870000000003,30401.74,30364.120000000003,30370.120000000003,15316
2026-07-14T19:55:00+00:00,30370.120000000003,30383.870000000003,30345.120000000003,30353.24,18164
2026-07-14T20:00:00+00:00,30353.24,30364.970000000005,30338.340000000004,30341.840000000004,8230
2026-07-14T20:05:00+00:00,30341.840000000004,30374.590000000004,30339.340000000004,30355.340000000004,4741
2026-07-14T20:10:00+00:00,30355.340000000004,30357.720000000005,30342.970000000005,30353.340000000004,3888
2026-07-14T20:15:00+00:00,30353.340000000004,30357.720000000005,30350.340000000004,30353.220000000005,2745
2026-07-14T20:20:00+00:00,30353.220000000005,30353.970000000005,30333.840000000004,30341.220000000005,2268
2026-07-14T20:25:00+00:00,30341.220000000005,30347.470000000005,30333.470000000005,30340.720000000005,2265
2026-07-14T20:30:00+00:00,30340.720000000005,30350.840000000004,30337.970000000005,30349.970000000005,1933
2026-07-14T20:35:00+00:00,30349.970000000005,30364.970000000005,30349.720000000005,30362.970000000005,1896
2026-07-14T20:40:00+00:00,30362.970000000005,30364.470000000005,30358.470000000005,30362.090000000004,1556
2026-07-14T20:45:00+00:00,30362.090000000004,30367.090000000004,30354.470000000005,30354.720000000005,1669
2026-07-14T20:50:00+00:00,30354.720000000005,30363.340000000004,30351.220000000005,30362.090000000004,1578
2026-07-14T20:55:00+00:00,30362.090000000004,30366.840000000004,30356.970000000005,30359.540000000005,1777
2026-07-14T22:00:00+00:00,30359.540000000005,30375.150000000005,30348.650000000005,30355.950000000004,2449
2026-07-14T22:05:00+00:00,30355.950000000004,30360.33,30336.08,30341.08,1874
2026-07-14T22:10:00+00:00,30341.08,30345.900000000005,30314.650000000005,30323.700000000004,2918
2026-07-14T22:15:00+00:00,30323.700000000004,30343.950000000004,30321.400000000005,30343.08,2215
2026-07-14T22:20:00+00:00,30343.08,30365.58,30339.900000000005,30361.58,2186
2026-07-14T22:25:00+00:00,30361.58,30362.700000000004,30354.150000000005,30355.450000000004,1558
2026-07-14T22:30:00+00:00,30355.450000000004,30365.08,30352.58,30353.950000000004,1345
2026-07-14T22:35:00+00:00,30353.950000000004,30357.700000000004,30351.650000000005,30353.08,748
2026-07-14T22:40:00+00:00,30353.08,30354.650000000005,30344.400000000005,30347.950000000004,1082
2026-07-14T22:45:00+00:00,30347.950000000004,30352.08,30344.33,30344.950000000004,974
2026-07-14T22:50:00+00:00,30344.950000000004,30349.700000000004,30333.950000000004,30337.58,1372
2026-07-14T22:55:00+00:00,30337.58,30345.200000000004,30333.450000000004,30342.58,1265
2026-07-14T23:00:00+00:00,30342.58,30346.950000000004,30327.150000000005,30346.700000000004,1599
2026-07-14T23:05:00+00:00,30346.700000000004,30359.200000000004,30346.650000000005,30352.83,1219
2026-07-14T23:10:00+00:00,30352.83,30367.700000000004,30351.700000000004,30364.33,1206
2026-07-14T23:15:00+00:00,30364.33,30368.08,30354.650000000005,30360.450000000004,1185
2026-07-14T23:20:00+00:00,30360.450000000004,30374.33,30357.150000000005,30372.08,1381
2026-07-14T23:25:00+00:00,30372.08,30438.83,30369.200000000004,30435.900000000005,3764
2026-07-14T23:30:00+00:00,30435.900000000005,30450.200000000004,30431.200000000004,30435.900000000005,2943
2026-07-14T23:35:00+00:00,30435.900000000005,30441.58,30431.400000000005,30433.900000000005,1366
2026-07-14T23:40:00+00:00,30433.900000000005,30444.200000000004,30416.83,30418.58,2279
2026-07-14T23:45:00+00:00,30418.58,30445.200000000004,30412.400000000005,30443.08,4454
2026-07-14T23:50:00+00:00,30443.08,30463.33,30433.400000000005,30459.950000000004,2683
2026-07-14T23:55:00+00:00,30459.950000000004,30468.700000000004,30444.83,30457.08,4143
2026-07-15T00:00:00+00:00,30457.08,30465.950000000004,30422.700000000004,30433.200000000004,9053
2026-07-15T00:05:00+00:00,30433.200000000004,30439.08,30406.400000000005,30438.200000000004,6264
2026-07-15T00:10:00+00:00,30438.200000000004,30472.08,30432.900000000005,30460.33,7193
2026-07-15T00:15:00+00:00,30460.33,30478.450000000004,30451.700000000004,30468.450000000004,5909
2026-07-15T00:20:00+00:00,30468.450000000004,30501.400000000005,30467.700000000004,30480.08,6591
2026-07-15T00:25:00+00:00,30480.08,30490.33,30474.33,30487.950000000004,5189
2026-07-15T00:30:00+00:00,30487.950000000004,30496.950000000004,30465.450000000004,30466.950000000004,5490
2026-07-15T00:35:00+00:00,30466.950000000004,30468.700000000004,30437.200000000004,30457.200000000004,5241
2026-07-15T00:40:00+00:00,30457.200000000004,30467.700000000004,30410.33,30427.33,5046
2026-07-15T00:45:00+00:00,30427.33,30459.33,30417.58,30451.58,6703
2026-07-15T00:50:00+00:00,30451.58,30479.950000000004,30448.450000000004,30471.900000000005,5924
2026-07-15T00:55:00+00:00,30471.900000000005,30498.450000000004,30470.08,30487.200000000004,4453
2026-07-15T01:00:00+00:00,30487.200000000004,30496.83,30434.900000000005,30455.83,7074
2026-07-15T01:05:00+00:00,30455.83,30462.83,30431.58,30445.08,5790
2026-07-15T01:10:00+00:00,30445.08,30458.58,30429.450000000004,30454.33,6785
2026-07-15T01:15:00+00:00,30454.33,30486.700000000004,30452.150000000005,30475.08,6724
2026-07-15T01:20:00+00:00,30475.08,30491.33,30464.900000000005,30479.700000000004,5632
2026-07-15T01:25:00+00:00,30479.700000000004,30510.08,30476.33,30492.33,5321
2026-07-15T01:30:00+00:00,30492.33,30503.33,30483.650000000005,30490.33,6998
2026-07-15T01:35:00+00:00,30490.33,30512.33,30479.83,30507.950000000004,7218
2026-07-15T01:40:00+00:00,30507.950000000004,30508.200000000004,30459.900000000005,30463.33,6966
2026-07-15T01:45:00+00:00,30463.33,30492.33,30461.200000000004,30487.950000000004,5588
2026-07-15T01:50:00+00:00,30487.950000000004,30506.200000000004,30481.150000000005,30503.950000000004,5493
2026-07-15T01:55:00+00:00,30503.950000000004,30527.58,30501.900000000005,30525.450000000004,4651
2026-07-15T02:00:00+00:00,30525.450000000004,30529.950000000004,30518.200000000004,30528.58,4469
2026-07-15T02:05:00+00:00,30528.58,30542.33,30520.83,30534.08,4096
2026-07-15T02:10:00+00:00,30534.08,30549.83,30527.150000000005,30535.33,3421
2026-07-15T02:15:00+00:00,30535.33,30550.450000000004,30528.450000000004,30541.83,3483
2026-07-15T02:20:00+00:00,30541.83,30547.950000000004,30528.450000000004,30530.83,3551
2026-07-15T02:25:00+00:00,30530.83,30541.83,30527.950000000004,30538.58,2736
2026-07-15T02:30:00+00:00,30538.58,30550.450000000004,30535.08,30542.58,3530
2026-07-15T02:35:00+00:00,30542.58,30553.950000000004,30539.33,30550.08,3431
2026-07-15T02:40:00+00:00,30550.08,30554.58,30547.58,30552.33,2173
2026-07-15T02:45:00+00:00,30552.33,30556.08,30545.450000000004,30546.83,1659
2026-07-15T02:50:00+00:00,30546.83,30548.33,30532.83,30537.950000000004,2776
2026-07-15T02:55:00+00:00,30537.950000000004,30546.950000000004,30528.450000000004,30529.33,3105
2026-07-15T03:00:00+00:00,30529.33,30536.700000000004,30525.450000000004,30532.200000000004,3363
2026-07-15T03:05:00+00:00,30532.200000000004,30532.200000000004,30522.83,30527.200000000004,3215
2026-07-15T03:10:00+00:00,30527.200000000004,30528.83,30516.200000000004,30528.450000000004,3514
2026-07-15T03:15:00+00:00,30528.450000000004,30549.33,30524.08,30547.200000000004,2805
2026-07-15T03:20:00+00:00,30547.200000000004,30549.33,30536.83,30539.08,2814
2026-07-15T03:25:00+00:00,30539.08,30553.83,30538.450000000004,30547.83,2657
2026-07-15T03:30:00+00:00,30547.83,30566.200000000004,30546.450000000004,30564.450000000004,3035
2026-07-15T03:35:00+00:00,30564.450000000004,30567.08,30560.33,30561.200000000004,1875
2026-07-15T03:40:00+00:00,30561.200000000004,30570.58,30556.08,30556.08,2130
2026-07-15T03:45:00+00:00,30556.08,30576.83,30555.950000000004,30576.83,2531
2026-07-15T03:50:00+00:00,30576.83,30587.200000000004,30576.83,30582.700000000004,3179
2026-07-15T03:55:00+00:00,30582.700000000004,30587.83,30579.83,30581.33,1679
2026-07-15T04:00:00+00:00,30581.33,30585.33,30574.400000000005,30577.58,2469
2026-07-15T04:05:00+00:00,30577.58,30578.950000000004,30564.83,30567.700000000004,2643
2026-07-15T04:10:00+00:00,30567.700000000004,30575.950000000004,30566.200000000004,30569.58,2713
2026-07-15T04:15:00+00:00,30569.58,30578.33,30565.58,30577.450000000004,2878
2026-07-15T04:20:00+00:00,30577.450000000004,30581.83,30572.08,30578.450000000004,2248
2026-07-15T04:25:00+00:00,30578.450000000004,30579.950000000004,30558.150000000005,30559.08,2595
2026-07-15T04:30:00+00:00,30559.08,30567.33,30552.08,30557.83,2593
2026-07-15T04:35:00+00:00,30557.83,30576.08,30556.200000000004,30574.58,2510
2026-07-15T04:40:00+00:00,30574.58,30580.200000000004,30570.58,30574.200000000004,2346
2026-07-15T04:45:00+00:00,30574.200000000004,30581.950000000004,30573.33,30573.950000000004,1840
2026-07-15T04:50:00+00:00,30573.950000000004,30586.700000000004,30572.650000000005,30581.33,2248
2026-07-15T04:55:00+00:00,30581.33,30591.700000000004,30575.950000000004,30590.700000000004,2651
2026-07-15T05:00:00+00:00,30590.700000000004,30627.450000000004,30569.58,30583.200000000004,10309
2026-07-15T05:05:00+00:00,30583.200000000004,30592.33,30561.950000000004,30591.450000000004,5402
2026-07-15T05:10:00+00:00,30591.450000000004,30595.450000000004,30563.900000000005,30568.58,4837
2026-07-15T05:15:00+00:00,30568.58,30592.33,30564.58,30587.33,4874
2026-07-15T05:20:00+00:00,30587.33,30594.08,30565.700000000004,30567.700000000004,4610
2026-07-15T05:25:00+00:00,30567.700000000004,30568.08,30545.33,30550.33,4274
2026-07-15T05:30:00+00:00,30550.33,30564.200000000004,30536.83,30561.450000000004,5533
2026-07-15T05:35:00+00:00,30561.450000000004,30578.08,30557.950000000004,30577.700000000004,4904
2026-07-15T05:40:00+00:00,30577.700000000004,30578.33,30556.58,30560.700000000004,4208
2026-07-15T05:45:00+00:00,30560.700000000004,30575.33,30552.950000000004,30569.83,3446
2026-07-15T05:50:00+00:00,30569.83,30580.58,30559.83,30579.200000000004,3844
2026-07-15T05:55:00+00:00,30579.200000000004,30600.200000000004,30577.900000000005,30600.200000000004,3460
2026-07-15T06:00:00+00:00,30600.200000000004,30618.33,30598.900000000005,30617.33,4222
2026-07-15T06:05:00+00:00,30617.33,30618.58,30602.200000000004,30608.450000000004,4077
2026-07-15T06:10:00+00:00,30608.450000000004,30613.58,30596.950000000004,30611.33,3780
2026-07-15T06:15:00+00:00,30611.33,30611.33,30595.58,30607.950000000004,3069
2026-07-15T06:20:00+00:00,30607.950000000004,30607.950000000004,30592.33,30602.950000000004,3734
2026-07-15T06:25:00+00:00,30602.950000000004,30613.700000000004,30600.83,30609.83,3260
2026-07-15T06:30:00+00:00,30609.83,30614.08,30578.58,30593.58,3588
2026-07-15T06:35:00+00:00,30593.58,30599.700000000004,30586.650000000005,30587.950000000004,3541
2026-07-15T06:40:00+00:00,30587.950000000004,30594.33,30583.450000000004,30587.58,2932
2026-07-15T06:45:00+00:00,30587.58,30595.83,30585.950000000004,30592.450000000004,2389
2026-07-15T06:50:00+00:00,30592.450000000004,30600.200000000004,30584.08,30597.83,3105
2026-07-15T06:55:00+00:00,30597.83,30605.400000000005,30581.900000000005,30599.83,3561
2026-07-15T07:00:00+00:00,30599.83,30620.700000000004,30576.950000000004,30615.450000000004,6132
2026-07-15T07:05:00+00:00,30615.450000000004,30631.33,30604.450000000004,30610.83,5018
2026-07-15T07:10:00+00:00,30610.83,30617.950000000004,30602.33,30604.450000000004,3973
2026-07-15T07:15:00+00:00,30604.450000000004,30605.08,30583.58,30587.450000000004,3690
2026-07-15T07:20:00+00:00,30587.450000000004,30589.200000000004,30557.08,30558.450000000004,3512
2026-07-15T07:25:00+00:00,30558.450000000004,30559.58,30497.450000000004,30536.33,6729
2026-07-15T07:30:00+00:00,30536.33,30538.700000000004,30514.58,30529.200000000004,5241
2026-07-15T07:35:00+00:00,30529.200000000004,30549.200000000004,30528.450000000004,30545.58,4647
2026-07-15T07:40:00+00:00,30545.58,30558.200000000004,30542.200000000004,30547.200000000004,4170
2026-07-15T07:45:00+00:00,30547.200000000004,30566.450000000004,30539.950000000004,30560.58,3914
2026-07-15T07:50:00+00:00,30560.58,30573.83,30558.33,30560.450000000004,3990
2026-07-15T07:55:00+00:00,30560.450000000004,30567.200000000004,30553.83,30565.33,3056
2026-07-15T08:00:00+00:00,30565.33,30567.700000000004,30486.400000000005,30501.200000000004,5230
2026-07-15T08:05:00+00:00,30501.200000000004,30508.58,30488.900000000005,30496.450000000004,5531
2026-07-15T08:10:00+00:00,30496.450000000004,30501.08,30477.900000000005,30486.58,5713
2026-07-15T08:15:00+00:00,30486.58,30494.58,30466.33,30478.200000000004,6347
2026-07-15T08:20:00+00:00,30478.200000000004,30483.33,30440.700000000004,30455.08,5321
2026-07-15T08:25:00+00:00,30455.08,30482.58,30450.400000000005,30482.450000000004,5889
2026-07-15T08:30:00+00:00,30482.450000000004,30488.950000000004,30469.900000000005,30478.200000000004,4803
2026-07-15T08:35:00+00:00,30478.200000000004,30487.200000000004,30466.700000000004,30485.450000000004,4103
2026-07-15T08:40:00+00:00,30485.450000000004,30494.83,30470.900000000005,30494.83,4582
2026-07-15T08:45:00+00:00,30494.83,30512.200000000004,30493.83,30498.33,4023
2026-07-15T08:50:00+00:00,30498.33,30499.700000000004,30481.400000000005,30484.83,4017
2026-07-15T08:55:00+00:00,30484.83,30509.200000000004,30483.08,30505.950000000004,3686
2026-07-15T09:00:00+00:00,30505.950000000004,30520.58,30505.450000000004,30520.33,3600
2026-07-15T09:05:00+00:00,30520.33,30523.58,30512.950000000004,30523.58,3459
2026-07-15T09:10:00+00:00,30523.58,30527.33,30512.450000000004,30521.33,3427
2026-07-15T09:15:00+00:00,30521.33,30527.200000000004,30512.450000000004,30522.33,3216
2026-07-15T09:20:00+00:00,30522.33,30532.200000000004,30520.150000000005,30527.08,2747
2026-07-15T09:25:00+00:00,30527.08,30528.08,30515.450000000004,30518.08,3202
2026-07-15T09:30:00+00:00,30518.08,30520.08,30503.400000000005,30505.08,3740
2026-07-15T09:35:00+00:00,30505.08,30518.83,30497.200000000004,30507.33,3438
2026-07-15T09:40:00+00:00,30507.33,30528.08,30505.58,30519.700000000004,3177
2026-07-15T09:45:00+00:00,30519.700000000004,30521.33,30497.58,30503.950000000004,3243
2026-07-15T09:50:00+00:00,30503.950000000004,30513.400000000005,30490.58,30498.33,3438
2026-07-15T09:55:00+00:00,30498.33,30499.83,30483.400000000005,30492.950000000004,3639
2026-07-15T10:00:00+00:00,30492.950000000004,30501.08,30484.650000000005,30496.700000000004,3449
2026-07-15T10:05:00+00:00,30496.700000000004,30502.200000000004,30491.400000000005,30496.08,2974
2026-07-15T10:10:00+00:00,30496.08,30512.700000000004,30493.200000000004,30511.450000000004,2911
2026-07-15T10:15:00+00:00,30511.450000000004,30516.200000000004,30499.58,30501.08,2871
2026-07-15T10:20:00+00:00,30501.08,30509.450000000004,30469.700000000004,30474.08,5520
2026-07-15T10:25:00+00:00,30474.08,30478.950000000004,30455.150000000005,30465.58,5495
2026-07-15T10:30:00+00:00,30465.58,30474.950000000004,30458.33,30467.950000000004,4915
2026-07-15T10:35:00+00:00,30467.950000000004,30489.950000000004,30466.33,30484.450000000004,2926
2026-07-15T10:40:00+00:00,30484.450000000004,30484.700000000004,30468.400000000005,30472.450000000004,2981
2026-07-15T10:45:00+00:00,30472.450000000004,30487.450000000004,30468.950000000004,30487.08,3266
2026-07-15T10:50:00+00:00,30487.08,30492.450000000004,30481.08,30491.33,3097
2026-07-15T10:55:00+00:00,30491.33,30502.33,30489.08,30495.700000000004,2661
2026-07-15T11:00:00+00:00,30495.700000000004,30522.33,30493.83,30508.950000000004,5733
2026-07-15T11:05:00+00:00,30508.950000000004,30511.950000000004,30488.58,30505.58,5161
2026-07-15T11:10:00+00:00,30505.58,30509.950000000004,30492.650000000005,30494.950000000004,4542
2026-07-15T11:15:00+00:00,30494.950000000004,30510.83,30489.450000000004,30494.58,4475
2026-07-15T11:20:00+00:00,30494.58,30506.33,30493.58,30495.200000000004,3690
2026-07-15T11:25:00+00:00,30495.200000000004,30500.58,30484.58,30489.950000000004,3011
2026-07-15T11:30:00+00:00,30489.950000000004,30500.700000000004,30480.33,30499.950000000004,4556
2026-07-15T11:35:00+00:00,30499.950000000004,30506.83,30492.08,30502.08,4095
2026-07-15T11:40:00+00:00,30502.08,30511.450000000004,30492.58,30497.450000000004,3631
2026-07-15T11:45:00+00:00,30497.450000000004,30498.450000000004,30474.83,30480.450000000004,4184
2026-07-15T11:50:00+00:00,30480.450000000004,30494.33,30474.08,30480.200000000004,3854
2026-07-15T11:55:00+00:00,30480.200000000004,30495.33,30478.08,30481.200000000004,4269
2026-07-15T12:00:00+00:00,30481.200000000004,30486.450000000004,30470.450000000004,30471.200000000004,4479
2026-07-15T12:05:00+00:00,30471.200000000004,30471.200000000004,30445.58,30459.950000000004,5203
2026-07-15T12:10:00+00:00,30459.950000000004,30461.200000000004,30443.200000000004,30449.200000000004,5199
2026-07-15T12:15:00+00:00,30449.200000000004,30461.83,30449.200000000004,30450.08,4942
2026-07-15T12:20:00+00:00,30450.08,30451.450000000004,30425.83,30436.33,5233
2026-07-15T12:25:00+00:00,30436.33,30451.150000000005,30425.08,30441.400000000005,5010
2026-07-15T12:30:00+00:00,30441.400000000005,30519.950000000004,30426.150000000005,30511.33,12003
2026-07-15T12:35:00+00:00,30511.33,30527.200000000004,30501.58,30504.950000000004,7707
2026-07-15T12:40:00+00:00,30504.950000000004,30542.200000000004,30493.200000000004,30519.950000000004,8179
2026-07-15T12:45:00+00:00,30519.950000000004,30547.200000000004,30510.33,30543.450000000004,6235
2026-07-15T12:50:00+00:00,30543.450000000004,30558.08,30540.400000000005,30554.450000000004,5948
2026-07-15T12:55:00+00:00,30554.450000000004,30564.200000000004,30546.950000000004,30549.33,5353
2026-07-15T13:00:00+00:00,30549.33,30559.950000000004,30545.08,30556.58,7049
2026-07-15T13:05:00+00:00,30556.58,30568.08,30535.83,30539.58,6536
2026-07-15T13:10:00+00:00,30539.58,30541.700000000004,30508.450000000004,30515.950000000004,6079
2026-07-15T13:15:00+00:00,30515.950000000004,30526.58,30511.700000000004,30524.200000000004,5771
2026-07-15T13:20:00+00:00,30524.200000000004,30524.450000000004,30508.950000000004,30518.33,5793
2026-07-15T13:25:00+00:00,30518.33,30532.33,30505.33,30523.700000000004,7885
2026-07-15T13:30:00+00:00,30523.700000000004,30546.730000000003,30482.100000000002,30522.980000000003,56802
2026-07-15T13:35:00+00:00,30522.980000000003,30535.850000000002,30421.730000000003,30452.350000000002,46622
2026-07-15T13:40:00+00:00,30452.350000000002,30453.850000000002,30400.650000000005,30403.350000000002,29377
2026-07-15T13:45:00+00:00,30403.350000000002,30416.480000000003,30344.900000000005,30353.730000000003,37513
2026-07-15T13:50:00+00:00,30353.730000000003,30371.100000000002,30324.350000000002,30367.980000000003,39152
2026-07-15T13:55:00+00:00,30367.980000000003,30393.480000000003,30349.230000000003,30392.350000000002,42727
2026-07-15T14:00:00+00:00,30392.350000000002,30440.980000000003,30391.850000000002,30413.480000000003,37357
2026-07-15T14:05:00+00:00,30413.480000000003,30461.230000000003,30395.850000000002,30430.100000000002,33010
2026-07-15T14:10:00+00:00,30430.100000000002,30442.600000000002,30375.480000000003,30375.600000000002,34590
2026-07-15T14:15:00+00:00,30375.600000000002,30399.730000000003,30356.980000000003,30368.480000000003,36595
2026-07-15T14:20:00+00:00,30368.480000000003,30372.850000000002,30224.480000000003,30242.480000000003,45495
2026-07-15T14:25:00+00:00,30242.480000000003,30297.600000000002,30207.650000000005,30292.600000000002,47832
2026-07-15T14:30:00+00:00,30292.600000000002,30306.100000000002,30215.400000000005,30259.980000000003,41611
2026-07-15T14:35:00+00:00,30259.980000000003,30271.480000000003,30156.400000000005,30172.730000000003,43442
2026-07-15T14:40:00+00:00,30172.730000000003,30193.230000000003,30106.230000000003,30170.100000000002,43166
2026-07-15T14:45:00+00:00,30170.100000000002,30213.100000000002,30131.480000000003,30208.850000000002,39506
2026-07-15T14:50:00+00:00,30208.850000000002,30211.100000000002,30147.650000000005,30170.600000000002,35155
2026-07-15T14:55:00+00:00,30170.600000000002,30202.600000000002,30154.230000000003,30200.730000000003,32801
2026-07-15T15:00:00+00:00,30200.730000000003,30211.850000000002,30152.730000000003,30159.100000000002,35068
2026-07-15T15:05:00+00:00,30159.100000000002,30224.350000000002,30148.480000000003,30222.100000000002,27814
2026-07-15T15:10:00+00:00,30222.100000000002,30230.850000000002,30158.480000000003,30160.850000000002,29111
2026-07-15T15:15:00+00:00,30160.850000000002,30180.480000000003,30095.900000000005,30178.480000000003,33214
2026-07-15T15:20:00+00:00,30178.480000000003,30178.730000000003,30109.650000000005,30151.600000000002,27594
2026-07-15T15:25:00+00:00,30151.600000000002,30211.980000000003,30142.230000000003,30210.230000000003,25804
2026-07-15T15:30:00+00:00,30210.230000000003,30225.230000000003,30181.850000000002,30205.100000000002,22389
2026-07-15T15:35:00+00:00,30205.100000000002,30221.850000000002,30160.900000000005,30217.480000000003,23626
2026-07-15T15:40:00+00:00,30217.480000000003,30225.480000000003,30174.230000000003,30185.850000000002,21165
2026-07-15T15:45:00+00:00,30185.850000000002,30187.600000000002,30147.900000000005,30165.480000000003,24917
2026-07-15T15:50:00+00:00,30165.480000000003,30167.600000000002,30131.230000000003,30152.480000000003,21461
2026-07-15T15:55:00+00:00,30152.480000000003,30159.230000000003,30135.230000000003,30150.350000000002,21682
2026-07-15T16:00:00+00:00,30150.350000000002,30168.850000000002,30085.600000000002,30101.850000000002,26476
2026-07-15T16:05:00+00:00,30101.850000000002,30105.100000000002,30048.730000000003,30083.980000000003,24373
2026-07-15T16:10:00+00:00,30083.980000000003,30091.850000000002,30040.650000000005,30045.230000000003,20884
2026-07-15T16:15:00+00:00,30045.230000000003,30066.350000000002,30034.730000000003,30043.480000000003,22886
2026-07-15T16:20:00+00:00,30043.480000000003,30052.730000000003,30000.600000000002,30010.100000000002,22214
2026-07-15T16:25:00+00:00,30010.100000000002,30036.850000000002,30001.600000000002,30030.730000000003,22010
2026-07-15T16:30:00+00:00,30030.730000000003,30052.480000000003,29995.730000000003,30003.480000000003,22864
2026-07-15T16:35:00+00:00,30003.480000000003,30005.100000000002,29977.650000000005,29986.600000000002,18018
2026-07-15T16:40:00+00:00,29986.600000000002,30018.230000000003,29966.230000000003,30014.850000000002,20913
2026-07-15T16:45:00+00:00,30014.850000000002,30105.900000000005,30003.480000000003,30045.980000000003,24589
2026-07-15T16:50:00+00:00,30045.980000000003,30086.980000000003,30043.850000000002,30064.730000000003,19497
2026-07-15T16:55:00+00:00,30064.730000000003,30082.980000000003,30030.980000000003,30081.980000000003,18034
2026-07-15T17:00:00+00:00,30081.980000000003,30109.230000000003,30074.100000000002,30095.480000000003,15900
2026-07-15T17:05:00+00:00,30095.480000000003,30130.480000000003,30088.900000000005,30120.480000000003,13080
2026-07-15T17:10:00+00:00,30120.480000000003,30129.850000000002,30099.900000000005,30101.230000000003,11980
2026-07-15T17:15:00+00:00,30101.230000000003,30155.230000000003,30095.850000000002,30150.230000000003,12553
2026-07-15T17:20:00+00:00,30150.230000000003,30166.230000000003,30136.600000000002,30156.730000000003,12585
2026-07-15T17:25:00+00:00,30156.730000000003,30177.350000000002,30141.400000000005,30173.480000000003,11046
2026-07-15T17:30:00+00:00,30173.480000000003,30195.600000000002,30173.480000000003,30188.980000000003,14345
2026-07-15T17:35:00+00:00,30188.980000000003,30202.480000000003,30177.850000000002,30199.730000000003,10625
2026-07-15T17:40:00+00:00,30199.730000000003,30206.730000000003,30189.600000000002,30203.230000000003,9235
2026-07-15T17:45:00+00:00,30203.230000000003,30250.230000000003,30194.480000000003,30245.850000000002,12586
2026-07-15T17:50:00+00:00,30245.850000000002,30274.980000000003,30237.850000000002,30270.230000000003,11426
2026-07-15T17:55:00+00:00,30270.230000000003,30273.480000000003,30248.980000000003,30255.350000000002,10355
2026-07-15T18:00:00+00:00,30255.350000000002,30283.350000000002,30251.350000000002,30270.100000000002,10724
2026-07-15T18:05:00+00:00,30270.100000000002,30293.910000000007,30266.600000000002,30288.160000000007,9149.376721633953
2026-07-15T18:10:00+00:00,30288.160000000007,30299.280000000006,30284.160000000007,30285.530000000006,8867
2026-07-15T18:15:00+00:00,30285.530000000006,30286.160000000007,30254.530000000006,30274.780000000006,11156
2026-07-15T18:20:00+00:00,30274.780000000006,30312.280000000006,30272.660000000007,30305.530000000006,9189
2026-07-15T18:25:00+00:00,30305.530000000006,30307.160000000007,30288.530000000006,30294.160000000007,7555
2026-07-15T18:30:00+00:00,30294.160000000007,30304.410000000007,30287.280000000006,30292.780000000006,7951
2026-07-15T18:35:00+00:00,30292.780000000006,30292.780000000006,30257.280000000006,30258.410000000007,8257
2026-07-15T18:40:00+00:00,30258.410000000007,30272.530000000006,30227.660000000007,30232.160000000007,10847
2026-07-15T18:45:00+00:00,30232.160000000007,30235.160000000007,30204.33000000001,30211.280000000006,14222
2026-07-15T18:50:00+00:00,30211.280000000006,30218.030000000006,30173.780000000006,30194.410000000007,16348
2026-07-15T18:55:00+00:00,30194.410000000007,30205.280000000006,30164.660000000007,30182.160000000007,15214
2026-07-15T19:00:00+00:00,30182.160000000007,30231.280000000006,30174.410000000007,30225.280000000006,15044
2026-07-15T19:05:00+00:00,30225.280000000006,30238.410000000007,30201.410000000007,30206.660000000007,14260
2026-07-15T19:10:00+00:00,30206.660000000007,30225.160000000007,30200.280000000006,30213.660000000007,11842
2026-07-15T19:15:00+00:00,30213.660000000007,30218.660000000007,30186.280000000006,30186.660000000007,11244
2026-07-15T19:20:00+00:00,30186.660000000007,30187.910000000007,30161.08000000001,30171.910000000007,14917
2026-07-15T19:25:00+00:00,30171.910000000007,30212.410000000007,30158.910000000007,30212.410000000007,14372
2026-07-15T19:30:00+00:00,30212.410000000007,30237.530000000006,30181.030000000006,30192.030000000006,26229
2026-07-15T19:35:00+00:00,30192.030000000006,30228.160000000007,30178.030000000006,30225.660000000007,16158
2026-07-15T19:40:00+00:00,30225.660000000007,30265.160000000007,30223.160000000007,30253.160000000007,13118
2026-07-15T19:45:00+00:00,30253.160000000007,30257.660000000007,30218.030000000006,30223.780000000006,12628
2026-07-15T19:50:00+00:00,30223.780000000006,30260.530000000006,30223.08000000001,30249.910000000007,16343
2026-07-15T19:55:00+00:00,30249.910000000007,30276.160000000007,30249.660000000007,30270.280000000006,16009
2026-07-15T20:00:00+00:00,30270.280000000006,30306.260000000006,30264.010000000006,30294.13000000001,8717
2026-07-15T20:05:00+00:00,30294.13000000001,30300.010000000006,30230.08000000001,30260.13000000001,4823
2026-07-15T20:10:00+00:00,30260.13000000001,30272.760000000006,30255.63000000001,30271.13000000001,3661
2026-07-15T20:15:00+00:00,30271.13000000001,30281.260000000006,30265.38000000001,30280.760000000006,2698
2026-07-15T20:20:00+00:00,30280.760000000006,30288.760000000006,30278.38000000001,30287.38000000001,1825
2026-07-15T20:25:00+00:00,30287.38000000001,30289.38000000001,30281.63000000001,30288.010000000006,1401
2026-07-15T20:30:00+00:00,30288.010000000006,30288.38000000001,30269.58000000001,30276.260000000006,1305
2026-07-15T20:35:00+00:00,30276.260000000006,30285.510000000006,30276.13000000001,30283.260000000006,1246
2026-07-15T20:40:00+00:00,30283.260000000006,30286.010000000006,30280.510000000006,30285.260000000006,1085
2026-07-15T20:45:00+00:00,30285.260000000006,30289.260000000006,30285.260000000006,30287.88000000001,871
2026-07-15T20:50:00+00:00,30287.88000000001,30289.010000000006,30281.38000000001,30282.13000000001,1280
2026-07-15T20:55:00+00:00,30282.13000000001,30287.63000000001,30270.83000000001,30277.83000000001,1574
2026-07-15T22:00:00+00:00,30277.83000000001,30314.750000000007,30269.450000000008,30307.950000000008,3316
2026-07-15T22:05:00+00:00,30307.950000000008,30322.250000000007,30307.950000000008,30310.88000000001,2186
2026-07-15T22:10:00+00:00,30310.88000000001,30313.38000000001,30299.200000000008,30302.000000000007,1877
2026-07-15T22:15:00+00:00,30302.000000000007,30303.250000000007,30294.700000000008,30294.750000000007,1169
2026-07-15T22:20:00+00:00,30294.750000000007,30299.500000000007,30283.88000000001,30288.500000000007,1838
2026-07-15T22:25:00+00:00,30288.500000000007,30293.38000000001,30285.700000000008,30290.63000000001,1483
2026-07-15T22:30:00+00:00,30290.63000000001,30298.000000000007,30279.950000000008,30281.88000000001,1769
2026-07-15T22:35:00+00:00,30281.88000000001,30283.250000000007,30261.700000000008,30264.13000000001,2492
2026-07-15T22:40:00+00:00,30264.13000000001,30270.88000000001,30257.450000000008,30258.88000000001,1693
2026-07-15T22:45:00+00:00,30258.88000000001,30273.38000000001,30254.700000000008,30256.500000000007,1863
2026-07-15T22:50:00+00:00,30256.500000000007,30288.250000000007,30253.700000000008,30263.700000000008,2082
2026-07-15T22:55:00+00:00,30263.700000000008,30296.750000000007,30249.700000000008,30290.450000000008,2638
2026-07-15T23:00:00+00:00,30290.450000000008,30302.750000000007,30285.450000000008,30298.700000000008,2010
2026-07-15T23:05:00+00:00,30298.700000000008,30300.250000000007,30284.38000000001,30294.500000000007,1302
2026-07-15T23:10:00+00:00,30294.500000000007,30309.750000000007,30291.700000000008,30293.750000000007,1363
2026-07-15T23:15:00+00:00,30293.750000000007,30293.750000000007,30270.450000000008,30279.250000000007,1664
2026-07-15T23:20:00+00:00,30279.250000000007,30291.000000000007,30272.450000000008,30281.250000000007,1237
2026-07-15T23:25:00+00:00,30281.250000000007,30298.000000000007,30269.700000000008,30290.700000000008,1515
2026-07-15T23:30:00+00:00,30290.700000000008,30306.88000000001,30285.950000000008,30303.88000000001,1530
2026-07-15T23:35:00+00:00,30303.88000000001,30304.750000000007,30277.950000000008,30279.200000000008,1085
2026-07-15T23:40:00+00:00,30279.200000000008,30297.750000000007,30274.38000000001,30294.750000000007,1465
2026-07-15T23:45:00+00:00,30294.750000000007,30301.13000000001,30264.950000000008,30266.450000000008,2551
2026-07-15T23:50:00+00:00,30266.450000000008,30280.250000000007,30260.450000000008,30266.200000000008,3234
2026-07-15T23:55:00+00:00,30266.200000000008,30278.63000000001,30255.450000000008,30264.750000000007,2587
2026-07-16T00:00:00+00:00,30264.750000000007,30318.380000000005,30256.950000000004,30314.500000000007,8771
2026-07-16T00:05:00+00:00,30314.500000000007,30319.000000000007,30293.880000000005,30304.950000000004,7436
2026-07-16T00:10:00+00:00,30304.950000000004,30330.500000000007,30295.880000000005,30328.630000000005,6184
2026-07-16T00:15:00+00:00,30328.630000000005,30336.250000000007,30269.200000000004,30269.500000000007,6295
2026-07-16T00:20:00+00:00,30269.500000000007,30279.380000000005,30258.250000000007,30267.380000000005,7526
2026-07-16T00:25:00+00:00,30267.380000000005,30276.130000000005,30236.750000000007,30243.630000000005,6663
2026-07-16T00:30:00+00:00,30243.630000000005,30269.500000000007,30227.250000000007,30267.500000000007,7294
2026-07-16T00:35:00+00:00,30267.500000000007,30267.880000000005,30226.250000000007,30228.250000000007,6973
2026-07-16T00:40:00+00:00,30228.250000000007,30228.750000000007,30200.750000000007,30200.750000000007,5623
2026-07-16T00:45:00+00:00,30200.750000000007,30225.130000000005,30196.130000000005,30223.250000000007,4798
2026-07-16T00:50:00+00:00,30223.250000000007,30250.880000000005,30202.000000000007,30228.000000000007,5403
2026-07-16T00:55:00+00:00,30228.000000000007,30231.380000000005,30210.880000000005,30225.500000000007,5964
2026-07-16T01:00:00+00:00,30225.500000000007,30239.000000000007,30206.750000000007,30233.200000000004,8931
2026-07-16T01:05:00+00:00,30233.200000000004,30240.950000000004,30217.500000000007,30230.130000000005,7085
2026-07-16T01:10:00+00:00,30230.130000000005,30233.000000000007,30189.750000000007,30199.880000000005,5549
2026-07-16T01:15:00+00:00,30199.880000000005,30203.750000000007,30176.880000000005,30177.130000000005,5454
2026-07-16T01:20:00+00:00,30177.130000000005,30201.750000000007,30175.630000000005,30186.500000000007,4792
2026-07-16T01:25:00+00:00,30186.500000000007,30195.750000000007,30176.750000000007,30178.880000000005,5486
2026-07-16T01:30:00+00:00,30178.880000000005,30191.880000000005,30168.380000000005,30183.130000000005,8401
2026-07-16T01:35:00+00:00,30183.130000000005,30216.000000000007,30182.880000000005,30209.500000000007,8145
2026-07-16T01:40:00+00:00,30209.500000000007,30219.630000000005,30181.630000000005,30188.500000000007,6655
2026-07-16T01:45:00+00:00,30188.500000000007,30251.630000000005,30186.250000000007,30249.250000000007,5922
2026-07-16T01:50:00+00:00,30249.250000000007,30256.250000000007,30230.750000000007,30244.380000000005,6146
2026-07-16T01:55:00+00:00,30244.380000000005,30260.130000000005,30215.500000000007,30223.630000000005,5536
2026-07-16T02:00:00+00:00,30223.630000000005,30226.380000000005,30195.250000000007,30198.380000000005,4892
2026-07-16T02:05:00+00:00,30198.380000000005,30213.250000000007,30195.250000000007,30195.250000000007,5092
2026-07-16T02:10:00+00:00,30195.250000000007,30215.880000000005,30194.380000000005,30213.250000000007,4164
2026-07-16T02:15:00+00:00,30213.250000000007,30242.500000000007,30208.130000000005,30242.000000000007,3641
2026-07-16T02:20:00+00:00,30242.000000000007,30269.000000000007,30233.880000000005,30266.380000000005,4535
2026-07-16T02:25:00+00:00,30266.380000000005,30279.380000000005,30258.630000000005,30270.250000000007,4358
2026-07-16T02:30:00+00:00,30270.250000000007,30277.250000000007,30260.750000000007,30272.000000000007,3108
2026-07-16T02:35:00+00:00,30272.000000000007,30280.250000000007,30264.250000000007,30271.630000000005,4083
2026-07-16T02:40:00+00:00,30271.630000000005,30274.250000000007,30246.630000000005,30252.380000000005,3623
2026-07-16T02:45:00+00:00,30252.380000000005,30291.380000000005,30249.500000000007,30276.500000000007,3557
2026-07-16T02:50:00+00:00,30276.500000000007,30296.880000000005,30273.630000000005,30295.000000000007,3675
2026-07-16T02:55:00+00:00,30295.000000000007,30309.000000000007,30292.750000000007,30301.250000000007,3393
2026-07-16T03:00:00+00:00,30301.250000000007,30306.750000000007,30295.130000000005,30302.250000000007,2796
2026-07-16T03:05:00+00:00,30302.250000000007,30323.380000000005,30301.750000000007,30322.880000000005,3096
2026-07-16T03:10:00+00:00,30322.880000000005,30325.250000000007,30315.630000000005,30323.130000000005,2941
2026-07-16T03:15:00+00:00,30323.130000000005,30324.880000000005,30292.630000000005,30295.750000000007,1991
2026-07-16T03:20:00+00:00,30295.750000000007,30305.130000000005,30287.750000000007,30290.750000000007,2702
2026-07-16T03:25:00+00:00,30290.750000000007,30294.000000000007,30284.380000000005,30290.130000000005,2752
2026-07-16T03:30:00+00:00,30290.130000000005,30318.130000000005,30287.630000000005,30314.000000000007,5310
2026-07-16T03:35:00+00:00,30314.000000000007,30320.250000000007,30293.630000000005,30293.630000000005,4134
2026-07-16T03:40:00+00:00,30293.630000000005,30309.000000000007,30292.500000000007,30294.630000000005,4394
2026-07-16T03:45:00+00:00,30294.630000000005,30297.630000000005,30281.750000000007,30282.130000000005,2486
2026-07-16T03:50:00+00:00,30282.130000000005,30306.000000000007,30281.130000000005,30301.750000000007,3077
2026-07-16T03:55:00+00:00,30301.750000000007,30317.380000000005,30299.250000000007,30317.380000000005,2085
2026-07-16T04:00:00+00:00,30317.380000000005,30322.250000000007,30311.500000000007,30312.250000000007,2690
2026-07-16T04:05:00+00:00,30312.250000000007,30320.000000000007,30297.500000000007,30297.880000000005,2608
2026-07-16T04:10:00+00:00,30297.880000000005,30329.380000000005,30296.750000000007,30328.630000000005,2706
2026-07-16T04:15:00+00:00,30328.630000000005,30328.750000000007,30297.880000000005,30299.250000000007,3112
2026-07-16T04:20:00+00:00,30299.250000000007,30303.000000000007,30283.880000000005,30297.130000000005,2719
2026-07-16T04:25:00+00:00,30297.130000000005,30298.250000000007,30284.380000000005,30290.500000000007,2426
2026-07-16T04:30:00+00:00,30290.500000000007,30294.750000000007,30284.500000000007,30286.380000000005,3008
2026-07-16T04:35:00+00:00,30286.380000000005,30288.000000000007,30276.700000000004,30279.380000000005,2437
2026-07-16T04:40:00+00:00,30279.380000000005,30286.000000000007,30271.380000000005,30277.630000000005,2573
2026-07-16T04:45:00+00:00,30277.630000000005,30282.880000000005,30272.250000000007,30280.880000000005,2859
2026-07-16T04:50:00+00:00,30280.880000000005,30286.250000000007,30275.880000000005,30284.750000000007,2635
2026-07-16T04:55:00+00:00,30284.750000000007,30290.500000000007,30277.250000000007,30282.000000000007,2512
2026-07-16T05:00:00+00:00,30282.000000000007,30298.880000000005,30282.000000000007,30294.380000000005,2938
2026-07-16T05:05:00+00:00,30294.380000000005,30298.130000000005,30280.630000000005,30281.380000000005,3862
2026-07-16T05:10:00+00:00,30281.380000000005,30321.250000000007,30271.250000000007,30321.000000000007,3993
2026-07-16T05:15:00+00:00,30321.000000000007,30339.880000000005,30313.250000000007,30322.380000000005,4394
2026-07-16T05:20:00+00:00,30322.380000000005,30343.000000000007,30322.250000000007,30336.630000000005,4168
2026-07-16T05:25:00+00:00,30336.630000000005,30349.130000000005,30331.380000000005,30340.130000000005,4102
2026-07-16T05:30:00+00:00,30340.130000000005,30369.880000000005,30284.000000000007,30285.000000000007,6708
2026-07-16T05:35:00+00:00,30285.000000000007,30285.000000000007,30244.130000000005,30254.130000000005,7312
2026-07-16T05:40:00+00:00,30254.130000000005,30289.500000000007,30241.130000000005,30277.000000000007,4916
2026-07-16T05:45:00+00:00,30277.000000000007,30284.750000000007,30259.750000000007,30265.750000000007,4852
2026-07-16T05:50:00+00:00,30265.750000000007,30267.250000000007,30252.380000000005,30258.130000000005,4832
2026-07-16T05:55:00+00:00,30258.130000000005,30280.250000000007,30257.630000000005,30260.750000000007,3264
2026-07-16T06:00:00+00:00,30260.750000000007,30302.880000000005,30258.750000000007,30281.630000000005,5103
2026-07-16T06:05:00+00:00,30281.630000000005,30311.700000000004,30220.500000000007,30290.450000000004,6243
2026-07-16T06:10:00+00:00,30290.450000000004,30303.880000000005,30272.450000000004,30303.880000000005,6495
2026-07-16T06:15:00+00:00,30303.880000000005,30321.700000000004,30296.450000000004,30310.880000000005,4306
2026-07-16T06:20:00+00:00,30310.880000000005,30315.130000000005,30264.700000000004,30269.500000000007,3380
2026-07-16T06:25:00+00:00,30269.500000000007,30275.880000000005,30257.500000000007,30259.700000000004,4102
2026-07-16T06:30:00+00:00,30259.700000000004,30270.380000000005,30237.000000000007,30241.880000000005,4120
2026-07-16T06:35:00+00:00,30241.880000000005,30249.500000000007,30215.950000000004,30246.250000000007,3420
2026-07-16T06:40:00+00:00,30246.250000000007,30257.380000000005,30242.500000000007,30247.500000000007,2875
2026-07-16T06:45:00+00:00,30247.500000000007,30257.130000000005,30232.950000000004,30255.130000000005,2143
2026-07-16T06:50:00+00:00,30255.130000000005,30257.630000000005,30243.130000000005,30248.380000000005,2881
2026-07-16T06:55:00+00:00,30248.380000000005,30267.500000000007,30245.450000000004,30258.630000000005,3110
2026-07-16T07:00:00+00:00,30258.630000000005,30258.630000000005,30212.000000000007,30237.000000000007,5140
2026-07-16T07:05:00+00:00,30237.000000000007,30238.500000000007,30217.200000000004,30223.000000000007,5016
2026-07-16T07:10:00+00:00,30223.000000000007,30224.750000000007,30194.880000000005,30195.250000000007,5359
2026-07-16T07:15:00+00:00,30195.250000000007,30206.630000000005,30186.000000000007,30199.630000000005,5421
2026-07-16T07:20:00+00:00,30199.630000000005,30222.500000000007,30197.750000000007,30206.250000000007,4594
2026-07-16T07:25:00+00:00,30206.250000000007,30209.130000000005,30187.630000000005,30196.630000000005,3662
2026-07-16T07:30:00+00:00,30196.630000000005,30203.130000000005,30174.380000000005,30188.880000000005,3791
2026-07-16T07:35:00+00:00,30188.880000000005,30190.380000000005,30156.880000000005,30158.500000000007,4880
2026-07-16T07:40:00+00:00,30158.500000000007,30159.630000000005,30143.630000000005,30144.380000000005,3439
2026-07-16T07:45:00+00:00,30144.380000000005,30157.000000000007,30131.630000000005,30154.250000000007,3319
2026-07-16T07:50:00+00:00,30154.250000000007,30157.130000000005,30137.000000000007,30139.630000000005,3796
2026-07-16T07:55:00+00:00,30139.630000000005,30142.630000000005,30122.250000000007,30136.500000000007,3255
2026-07-16T08:00:00+00:00,30136.500000000007,30145.750000000007,30095.450000000004,30110.250000000007,5726
2026-07-16T08:05:00+00:00,30110.250000000007,30122.130000000005,30097.750000000007,30100.450000000004,5970
2026-07-16T08:10:00+00:00,30100.450000000004,30102.000000000007,30062.630000000005,30065.000000000007,5768
2026-07-16T08:15:00+00:00,30065.000000000007,30095.380000000005,30052.000000000007,30091.130000000005,5881
2026-07-16T08:20:00+00:00,30091.130000000005,30128.000000000007,30088.130000000005,30098.500000000007,5256
2026-07-16T08:25:00+00:00,30098.500000000007,30114.000000000007,30094.450000000004,30112.500000000007,4445
2026-07-16T08:30:00+00:00,30112.500000000007,30128.880000000005,30102.630000000005,30117.700000000004,4292
2026-07-16T08:35:00+00:00,30117.700000000004,30150.500000000007,30116.500000000007,30142.630000000005,4204
2026-07-16T08:40:00+00:00,30142.630000000005,30149.250000000007,30117.750000000007,30123.630000000005,3512
2026-07-16T08:45:00+00:00,30123.630000000005,30165.130000000005,30123.380000000005,30160.630000000005,3712
2026-07-16T08:50:00+00:00,30160.630000000005,30163.250000000007,30150.880000000005,30157.130000000005,2678
2026-07-16T08:55:00+00:00,30157.130000000005,30168.630000000005,30154.500000000007,30165.380000000005,3476
2026-07-16T09:00:00+00:00,30165.380000000005,30195.750000000007,30165.380000000005,30189.880000000005,5106
2026-07-16T09:05:00+00:00,30189.880000000005,30197.000000000007,30176.500000000007,30181.250000000007,3443
2026-07-16T09:10:00+00:00,30181.250000000007,30208.130000000005,30178.380000000005,30199.130000000005,3472
2026-07-16T09:15:00+00:00,30199.130000000005,30218.380000000005,30197.630000000005,30201.380000000005,2874
2026-07-16T09:20:00+00:00,30201.380000000005,30212.250000000007,30193.750000000007,30197.750000000007,3012
2026-07-16T09:25:00+00:00,30197.750000000007,30213.500000000007,30185.130000000005,30187.750000000007,3470
2026-07-16T09:30:00+00:00,30187.750000000007,30205.630000000005,30183.250000000007,30186.630000000005,3606
2026-07-16T09:35:00+00:00,30186.630000000005,30191.880000000005,30170.500000000007,30171.250000000007,3043
2026-07-16T09:40:00+00:00,30171.250000000007,30179.880000000005,30158.250000000007,30158.250000000007,3135
2026-07-16T09:45:00+00:00,30158.250000000007,30158.880000000005,30138.500000000007,30140.380000000005,3918
2026-07-16T09:50:00+00:00,30140.380000000005,30146.000000000007,30132.130000000005,30143.130000000005,2984
2026-07-16T09:55:00+00:00,30143.130000000005,30150.380000000005,30101.880000000005,30104.630000000005,5171
2026-07-16T10:00:00+00:00,30104.630000000005,30117.500000000007,30088.700000000004,30115.250000000007,3492
2026-07-16T10:05:00+00:00,30115.250000000007,30135.250000000007,30108.380000000005,30131.250000000007,2389
2026-07-16T10:10:00+00:00,30131.250000000007,30133.880000000005,30110.630000000005,30123.880000000005,3055
2026-07-16T10:15:00+00:00,30123.880000000005,30124.630000000005,30107.250000000007,30111.750000000007,2651
2026-07-16T10:20:00+00:00,30111.750000000007,30117.630000000005,30085.630000000005,30095.880000000005,3436
2026-07-16T10:25:00+00:00,30095.880000000005,30112.250000000007,30087.630000000005,30112.250000000007,3393
2026-07-16T10:30:00+00:00,30112.250000000007,30128.630000000005,30109.000000000007,30127.750000000007,3682
2026-07-16T10:35:00+00:00,30127.750000000007,30128.500000000007,30084.380000000005,30088.130000000005,3025
2026-07-16T10:40:00+00:00,30088.130000000005,30101.880000000005,30085.250000000007,30095.000000000007,3275
2026-07-16T10:45:00+00:00,30095.000000000007,30105.130000000005,30078.380000000005,30083.130000000005,2871
2026-07-16T10:50:00+00:00,30083.130000000005,30096.130000000005,30077.000000000007,30093.000000000007,3606
2026-07-16T10:55:00+00:00,30093.000000000007,30111.630000000005,30090.250000000007,30103.750000000007,3446
2026-07-16T11:00:00+00:00,30103.750000000007,30104.750000000007,30048.950000000004,30057.000000000007,7002
2026-07-16T11:05:00+00:00,30057.000000000007,30062.630000000005,30038.500000000007,30046.450000000004,4616
2026-07-16T11:10:00+00:00,30046.450000000004,30061.130000000005,30034.250000000007,30060.500000000007,3387
2026-07-16T11:15:00+00:00,30060.500000000007,30064.130000000005,30021.130000000005,30029.500000000007,4979
2026-07-16T11:20:00+00:00,30029.500000000007,30070.130000000005,30028.250000000007,30069.630000000005,2729
2026-07-16T11:25:00+00:00,30069.630000000005,30074.880000000005,30039.380000000005,30045.750000000007,4302
2026-07-16T11:30:00+00:00,30045.750000000007,30046.000000000007,30011.500000000007,30032.130000000005,4402
2026-07-16T11:35:00+00:00,30032.130000000005,30044.750000000007,30010.500000000007,30025.250000000007,4712
2026-07-16T11:40:00+00:00,30025.250000000007,30035.250000000007,30004.380000000005,30012.500000000007,5555
2026-07-16T11:45:00+00:00,30012.500000000007,30029.500000000007,29934.950000000004,29957.450000000004,4655
2026-07-16T11:50:00+00:00,29957.450000000004,30005.380000000005,29957.450000000004,29997.130000000005,8727
2026-07-16T11:55:00+00:00,29997.130000000005,30023.750000000007,29986.130000000005,30020.500000000007,5515
2026-07-16T12:00:00+00:00,30020.500000000007,30031.630000000005,29984.500000000007,29985.500000000007,6280
2026-07-16T12:05:00+00:00,29985.500000000007,29997.000000000007,29967.000000000007,29984.130000000005,5118
2026-07-16T12:10:00+00:00,29984.130000000005,29997.000000000007,29974.000000000007,29996.750000000007,4844
2026-07-16T12:15:00+00:00,29996.750000000007,30012.380000000005,29986.250000000007,30008.380000000005,4883
2026-07-16T12:20:00+00:00,30008.380000000005,30013.250000000007,29956.380000000005,29959.000000000007,4828
2026-07-16T12:25:00+00:00,29959.000000000007,29984.630000000005,29953.000000000007,29979.700000000004,5521
2026-07-16T12:30:00+00:00,29979.700000000004,29993.130000000005,29962.200000000004,29991.380000000005,6979
2026-07-16T12:35:00+00:00,29991.380000000005,29992.750000000007,29940.380000000005,29953.700000000004,7337
2026-07-16T12:40:00+00:00,29953.700000000004,29962.880000000005,29943.000000000007,29948.880000000005,7329
2026-07-16T12:45:00+00:00,29948.880000000005,29974.630000000005,29937.630000000005,29964.250000000007,6328
2026-07-16T12:50:00+00:00,29964.250000000007,29988.130000000005,29957.880000000005,29984.630000000005,5794
2026-07-16T12:55:00+00:00,29984.630000000005,29985.000000000007,29965.880000000005,29966.250000000007,5268
2026-07-16T13:00:00+00:00,29966.250000000007,30010.250000000007,29963.000000000007,29999.750000000007,9286
2026-07-16T13:05:00+00:00,29999.750000000007,30018.880000000005,29994.750000000007,30014.880000000005,6350
2026-07-16T13:10:00+00:00,30014.880000000005,30031.380000000005,30005.750000000007,30024.750000000007,5581
2026-07-16T13:15:00+00:00,30024.750000000007,30032.880000000005,30017.130000000005,30031.630000000005,5860
2026-07-16T13:20:00+00:00,30031.630000000005,30061.630000000005,30029.630000000005,30057.630000000005,5842
2026-07-16T13:25:00+00:00,30057.630000000005,30057.630000000005,30021.750000000007,30036.750000000007,8878
2026-07-16T13:30:00+00:00,30036.750000000007,30103.030000000006,30005.150000000005,30007.030000000006,56168
2026-07-16T13:35:00+00:00,30007.030000000006,30044.030000000006,29953.400000000005,29959.530000000006,52425
2026-07-16T13:40:00+00:00,29959.530000000006,30005.900000000005,29883.400000000005,29887.530000000006,47008
2026-07-16T13:45:00+00:00,29887.530000000006,29914.150000000005,29839.530000000006,29846.900000000005,44352
2026-07-16T13:50:00+00:00,29846.900000000005,29926.650000000005,29842.280000000006,29864.400000000005,47577
2026-07-16T13:55:00+00:00,29864.400000000005,29930.030000000006,29834.150000000005,29920.450000000004,34860
2026-07-16T14:00:00+00:00,29920.450000000004,29991.400000000005,29895.200000000004,29972.030000000006,39136
2026-07-16T14:05:00+00:00,29972.030000000006,30068.900000000005,29959.900000000005,30053.900000000005,35092
2026-07-16T14:10:00+00:00,30053.900000000005,30065.280000000006,30021.780000000006,30042.650000000005,35711
2026-07-16T14:15:00+00:00,30042.650000000005,30074.150000000005,30018.150000000005,30056.400000000005,33334
2026-07-16T14:20:00+00:00,30056.400000000005,30063.280000000006,29972.400000000005,30013.650000000005,36856
2026-07-16T14:25:00+00:00,30013.650000000005,30061.150000000005,29980.400000000005,30056.780000000006,35999
2026-07-16T14:30:00+00:00,30056.780000000006,30056.900000000005,30014.530000000006,30038.400000000005,29738
2026-07-16T14:35:00+00:00,30038.400000000005,30076.030000000006,30022.400000000005,30031.400000000005,27536
2026-07-16T14:40:00+00:00,30031.400000000005,30043.780000000006,30000.400000000005,30038.530000000006,25513
2026-07-16T14:45:00+00:00,30038.530000000006,30050.530000000006,30012.900000000005,30013.530000000006,27606
2026-07-16T14:50:00+00:00,30013.530000000006,30017.030000000006,29952.030000000006,29964.150000000005,31538
2026-07-16T14:55:00+00:00,29964.150000000005,30010.280000000006,29937.780000000006,30008.900000000005,30091
2026-07-16T15:00:00+00:00,30008.900000000005,30032.030000000006,29978.030000000006,29984.400000000005,24365
2026-07-16T15:05:00+00:00,29984.400000000005,29984.400000000005,29941.030000000006,29966.150000000005,26753
2026-07-16T15:10:00+00:00,29966.150000000005,29975.400000000005,29910.780000000006,29933.030000000006,22080
2026-07-16T15:15:00+00:00,29933.030000000006,29965.900000000005,29911.280000000006,29965.900000000005,23016
2026-07-16T15:20:00+00:00,29965.900000000005,29965.900000000005,29924.280000000006,29961.280000000006,23364
2026-07-16T15:25:00+00:00,29961.280000000006,30025.150000000005,29959.280000000006,29980.650000000005,25300
2026-07-16T15:30:00+00:00,29980.650000000005,30014.150000000005,29944.530000000006,30012.780000000006,20655
2026-07-16T15:35:00+00:00,30012.780000000006,30039.900000000005,29987.650000000005,30030.280000000006,17833
2026-07-16T15:40:00+00:00,30030.280000000006,30033.650000000005,29956.530000000006,29971.150000000005,20694
2026-07-16T15:45:00+00:00,29971.150000000005,29971.650000000005,29929.400000000005,29965.780000000006,21122
2026-07-16T15:50:00+00:00,29965.780000000006,30008.530000000006,29964.780000000006,29993.280000000006,17790
2026-07-16T15:55:00+00:00,29993.280000000006,29993.900000000005,29947.530000000006,29965.530000000006,17386
2026-07-16T16:00:00+00:00,29965.530000000006,29969.150000000005,29912.150000000005,29912.150000000005,20469
2026-07-16T16:05:00+00:00,29912.150000000005,29928.030000000006,29888.780000000006,29913.650000000005,20853
2026-07-16T16:10:00+00:00,29913.650000000005,29913.650000000005,29864.400000000005,29867.280000000006,18961
2026-07-16T16:15:00+00:00,29867.280000000006,29887.400000000005,29854.530000000006,29872.900000000005,19748
2026-07-16T16:20:00+00:00,29872.900000000005,29872.900000000005,29835.950000000004,29854.280000000006,22305
2026-07-16T16:25:00+00:00,29854.280000000006,29887.780000000006,29843.030000000006,29873.900000000005,19852
2026-07-16T16:30:00+00:00,29873.900000000005,29912.900000000005,29868.400000000005,29888.150000000005,19201
2026-07-16T16:35:00+00:00,29888.150000000005,29893.530000000006,29864.030000000006,29867.030000000006,17578
2026-07-16T16:40:00+00:00,29867.030000000006,29897.030000000006,29860.530000000006,29867.280000000006,16692
2026-07-16T16:45:00+00:00,29867.280000000006,29880.900000000005,29845.150000000005,29859.530000000006,18195
2026-07-16T16:50:00+00:00,29859.530000000006,29899.650000000005,29847.280000000006,29896.150000000005,16216
2026-07-16T16:55:00+00:00,29896.150000000005,29925.900000000005,29894.900000000005,29912.400000000005,17151
2026-07-16T17:00:00+00:00,29912.400000000005,29915.900000000005,29860.280000000006,29890.030000000006,17525
2026-07-16T17:05:00+00:00,29890.030000000006,29907.530000000006,29860.650000000005,29898.280000000006,13897
2026-07-16T17:10:00+00:00,29898.280000000006,29907.900000000005,29859.030000000006,29862.280000000006,12913
2026-07-16T17:15:00+00:00,29862.280000000006,29883.780000000006,29852.400000000005,29873.280000000006,14666
2026-07-16T17:20:00+00:00,29873.280000000006,29879.400000000005,29853.400000000005,29853.900000000005,12313
2026-07-16T17:25:00+00:00,29853.900000000005,29916.280000000006,29849.530000000006,29907.530000000006,14081
2026-07-16T17:30:00+00:00,29907.530000000006,29918.400000000005,29856.400000000005,29862.150000000005,14771
2026-07-16T17:35:00+00:00,29862.150000000005,29870.780000000006,29841.400000000005,29844.400000000005,14403
2026-07-16T17:40:00+00:00,29844.400000000005,29845.280000000006,29805.900000000005,29817.650000000005,15645
2026-07-16T17:45:00+00:00,29817.650000000005,29841.900000000005,29794.030000000006,29831.150000000005,14256
2026-07-16T17:50:00+00:00,29831.150000000005,29842.780000000006,29810.280000000006,29825.780000000006,12757
2026-07-16T17:55:00+00:00,29825.780000000006,29826.900000000005,29798.900000000005,29817.280000000006,12466
2026-07-16T18:00:00+00:00,29817.280000000006,29834.150000000005,29806.530000000006,29809.030000000006,13901
2026-07-16T18:05:00+00:00,29809.030000000006,29822.780000000006,29799.030000000006,29810.150000000005,18697
2026-07-16T18:10:00+00:00,29810.150000000005,29851.400000000005,29808.150000000005,29808.150000000005,21528
2026-07-16T18:15:00+00:00,29808.150000000005,29850.400000000005,29791.700000000004,29842.150000000005,18063
2026-07-16T18:20:00+00:00,29842.150000000005,29878.030000000006,29839.150000000005,29864.150000000005,18352
2026-07-16T18:25:00+00:00,29864.150000000005,29875.900000000005,29836.650000000005,29843.650000000005,16791
2026-07-16T18:30:00+00:00,29843.650000000005,29843.650000000005,29813.280000000006,29819.650000000005,16530
2026-07-16T18:35:00+00:00,29819.650000000005,29819.650000000005,29796.030000000006,29800.150000000005,14629
2026-07-16T18:40:00+00:00,29800.150000000005,29823.400000000005,29773.400000000005,29812.150000000005,16632
2026-07-16T18:45:00+00:00,29812.150000000005,29827.280000000006,29797.530000000006,29818.530000000006,11616
2026-07-16T18:50:00+00:00,29818.530000000006,29825.280000000006,29785.280000000006,29786.780000000006,11849
2026-07-16T18:55:00+00:00,29786.780000000006,29796.780000000006,29774.650000000005,29784.780000000006,11743
2026-07-16T19:00:00+00:00,29784.780000000006,29816.280000000006,29777.030000000006,29801.530000000006,16053
2026-07-16T19:05:00+00:00,29801.530000000006,29814.780000000006,29758.280000000006,29759.030000000006,16400
2026-07-16T19:10:00+00:00,29759.030000000006,29771.030000000006,29750.400000000005,29757.150000000005,14214
2026-07-16T19:15:00+00:00,29757.150000000005,29759.650000000005,29720.030000000006,29736.280000000006,15456
2026-07-16T19:20:00+00:00,29736.280000000006,29755.400000000005,29719.530000000006,29723.530000000006,15856
2026-07-16T19:25:00+00:00,29723.530000000006,29734.030000000006,29694.280000000006,29722.530000000006,16831
2026-07-16T19:30:00+00:00,29722.530000000006,29743.780000000006,29693.530000000006,29724.280000000006,20945
2026-07-16T19:35:00+00:00,29724.280000000006,29736.900000000005,29693.150000000005,29726.780000000006,15382
2026-07-16T19:40:00+00:00,29726.780000000006,29734.650000000005,29694.150000000005,29695.650000000005,15143
2026-07-16T19:45:00+00:00,29695.650000000005,29698.650000000005,29653.530000000006,29667.650000000005,16452
2026-07-16T19:50:00+00:00,29667.650000000005,29749.780000000006,29667.650000000005,29747.900000000005,24279
2026-07-16T19:55:00+00:00,29747.900000000005,29807.400000000005,29747.900000000005,29790.900000000005,21745
2026-07-16T20:00:00+00:00,29790.900000000005,29803.200000000004,29765.130000000005,29774.130000000005,11173
2026-07-16T20:05:00+00:00,29774.130000000005,29775.500000000007,29750.250000000007,29755.750000000007,5709
2026-07-16T20:10:00+00:00,29755.750000000007,29759.000000000007,29740.250000000007,29741.750000000007,5540
2026-07-16T20:15:00+00:00,29741.750000000007,29765.380000000005,29736.130000000005,29761.000000000007,4440
2026-07-16T20:20:00+00:00,29761.000000000007,29773.250000000007,29755.130000000005,29765.250000000007,4180
2026-07-16T20:25:00+00:00,29765.250000000007,29765.380000000005,29752.500000000007,29754.380000000005,2469
2026-07-16T20:30:00+00:00,29754.380000000005,29755.000000000007,29737.880000000005,29746.750000000007,3152
2026-07-16T20:35:00+00:00,29746.750000000007,29761.130000000005,29746.750000000007,29756.000000000007,2399
2026-07-16T20:40:00+00:00,29756.000000000007,29763.380000000005,29744.380000000005,29747.630000000005,2227
2026-07-16T20:45:00+00:00,29747.630000000005,29753.630000000005,29741.630000000005,29744.880000000005,2800
2026-07-16T20:50:00+00:00,29744.880000000005,29751.630000000005,29742.130000000005,29749.250000000007,2014
2026-07-16T20:55:00+00:00,29749.250000000007,29757.000000000007,29744.000000000007,29751.820000000007,1421
2026-07-16T22:00:00+00:00,29751.820000000007,29798.010000000006,29751.820000000007,29793.210000000006,4255
2026-07-16T22:05:00+00:00,29793.210000000006,29795.460000000006,29779.710000000006,29781.960000000006,1420
2026-07-16T22:10:00+00:00,29781.960000000006,29784.210000000006,29759.210000000006,29764.460000000006,1455
2026-07-16T22:15:00+00:00,29764.460000000006,29766.210000000006,29745.510000000006,29745.510000000006,1666
2026-07-16T22:20:00+00:00,29745.510000000006,29750.260000000006,29734.510000000006,29740.890000000007,1494
2026-07-16T22:25:00+00:00,29740.890000000007,29741.760000000006,29716.960000000006,29719.010000000006,1633
2026-07-16T22:30:00+00:00,29719.010000000006,29738.640000000007,29714.460000000006,29722.760000000006,1669
2026-07-16T22:35:00+00:00,29722.760000000006,29735.890000000007,29717.960000000006,29732.760000000006,1115
2026-07-16T22:40:00+00:00,29732.760000000006,29733.640000000007,29711.510000000006,29728.390000000007,1638
2026-07-16T22:45:00+00:00,29728.390000000007,29730.890000000007,29705.640000000007,29707.640000000007,2307
2026-07-16T22:50:00+00:00,29707.640000000007,29718.260000000006,29702.510000000006,29703.140000000007,2438
2026-07-16T22:55:00+00:00,29703.140000000007,29723.390000000007,29695.760000000006,29715.390000000007,1820
2026-07-16T23:00:00+00:00,29715.390000000007,29723.890000000007,29698.760000000006,29713.890000000007,2176
2026-07-16T23:05:00+00:00,29713.890000000007,29715.010000000006,29692.260000000006,29693.760000000006,1972
2026-07-16T23:10:00+00:00,29693.760000000006,29716.460000000006,29687.760000000006,29710.460000000006,2121
2026-07-16T23:15:00+00:00,29710.460000000006,29712.210000000006,29689.210000000006,29690.760000000006,1815
2026-07-16T23:20:00+00:00,29690.760000000006,29690.760000000006,29671.260000000006,29671.260000000006,1885
2026-07-16T23:25:00+00:00,29671.260000000006,29682.890000000007,29656.140000000007,29672.140000000007,2747
2026-07-16T23:30:00+00:00,29672.140000000007,29675.760000000006,29647.260000000006,29658.140000000007,2684
2026-07-16T23:35:00+00:00,29658.140000000007,29684.010000000006,29640.510000000006,29683.890000000007,2707
2026-07-16T23:40:00+00:00,29683.890000000007,29708.510000000006,29683.010000000006,29688.210000000006,2525
2026-07-16T23:45:00+00:00,29688.210000000006,29692.510000000006,29669.460000000006,29678.510000000006,5044
2026-07-16T23:50:00+00:00,29678.510000000006,29698.460000000006,29674.210000000006,29689.760000000006,4347
2026-07-16T23:55:00+00:00,29689.760000000006,29690.010000000006,29663.460000000006,29675.010000000006,4613
2026-07-17T00:00:00+00:00,29675.010000000006,29704.010000000006,29672.960000000006,29675.460000000006,8400
2026-07-17T00:05:00+00:00,29675.460000000006,29676.960000000006,29633.960000000006,29644.210000000006,7484
2026-07-17T00:10:00+00:00,29644.210000000006,29644.210000000006,29611.890000000007,29622.510000000006,7929
2026-07-17T00:15:00+00:00,29622.510000000006,29656.140000000007,29614.760000000006,29628.890000000007,9109
2026-07-17T00:20:00+00:00,29628.890000000007,29641.260000000006,29610.260000000006,29616.640000000007,8863
2026-07-17T00:25:00+00:00,29616.640000000007,29621.390000000007,29592.010000000006,29598.260000000006,6155
2026-07-17T00:30:00+00:00,29598.260000000006,29609.640000000007,29586.140000000007,29597.510000000006,5972
2026-07-17T00:35:00+00:00,29597.510000000006,29602.010000000006,29578.390000000007,29586.640000000007,4889
2026-07-17T00:40:00+00:00,29586.640000000007,29609.890000000007,29575.390000000007,29604.890000000007,6015
2026-07-17T00:45:00+00:00,29604.890000000007,29616.140000000007,29598.140000000007,29615.010000000006,6983
2026-07-17T00:50:00+00:00,29615.010000000006,29647.640000000007,29610.140000000007,29647.140000000007,5210
2026-07-17T00:55:00+00:00,29647.140000000007,29662.010000000006,29635.260000000006,29636.890000000007,6833
2026-07-17T01:00:00+00:00,29636.890000000007,29685.390000000007,29633.760000000006,29672.390000000007,5599
2026-07-17T01:05:00+00:00,29672.390000000007,29672.390000000007,29622.010000000006,29634.510000000006,5944
2026-07-17T01:10:00+00:00,29634.510000000006,29640.640000000007,29604.760000000006,29609.210000000006,5380
2026-07-17T01:15:00+00:00,29609.210000000006,29625.510000000006,29598.890000000007,29602.760000000006,4563
2026-07-17T01:20:00+00:00,29602.760000000006,29612.890000000007,29592.960000000006,29601.010000000006,4172
2026-07-17T01:25:00+00:00,29601.010000000006,29620.760000000006,29591.460000000006,29619.890000000007,4510
2026-07-17T01:30:00+00:00,29619.890000000007,29622.260000000006,29565.390000000007,29567.140000000007,6896
2026-07-17T01:35:00+00:00,29567.140000000007,29591.140000000007,29563.140000000007,29575.390000000007,6036
2026-07-17T01:40:00+00:00,29575.390000000007,29580.390000000007,29544.890000000007,29553.640000000007,4956
2026-07-17T01:45:00+00:00,29553.640000000007,29570.260000000006,29532.390000000007,29541.890000000007,6928
2026-07-17T01:50:00+00:00,29541.890000000007,29548.640000000007,29525.760000000006,29535.890000000007,5153
2026-07-17T01:55:00+00:00,29535.890000000007,29558.640000000007,29530.510000000006,29551.140000000007,5394
2026-07-17T02:00:00+00:00,29551.140000000007,29565.390000000007,29543.640000000007,29558.640000000007,5619
2026-07-17T02:05:00+00:00,29558.640000000007,29561.640000000007,29530.640000000007,29531.390000000007,4668
2026-07-17T02:10:00+00:00,29531.390000000007,29549.640000000007,29529.390000000007,29537.890000000007,4291
2026-07-17T02:15:00+00:00,29537.890000000007,29541.010000000006,29521.640000000007,29527.890000000007,4030
2026-07-17T02:20:00+00:00,29527.890000000007,29528.140000000007,29505.510000000006,29509.890000000007,3660
2026-07-17T02:25:00+00:00,29509.890000000007,29518.010000000006,29497.510000000006,29508.510000000006,3488
2026-07-17T02:30:00+00:00,29508.510000000006,29508.640000000007,29488.640000000007,29492.640000000007,4224
2026-07-17T02:35:00+00:00,29492.640000000007,29501.890000000007,29483.890000000007,29493.640000000007,3918
2026-07-17T02:40:00+00:00,29493.640000000007,29518.010000000006,29488.390000000007,29514.010000000006,4149
2026-07-17T02:45:00+00:00,29514.010000000006,29517.890000000007,29489.260000000006,29493.890000000007,3950
2026-07-17T02:50:00+00:00,29493.890000000007,29499.390000000007,29485.510000000006,29485.510000000006,3397
2026-07-17T02:55:00+00:00,29485.510000000006,29513.640000000007,29482.710000000006,29504.010000000006,4086
2026-07-17T03:00:00+00:00,29504.010000000006,29525.140000000007,29495.890000000007,29522.640000000007,4380
2026-07-17T03:05:00+00:00,29522.640000000007,29536.260000000006,29520.760000000006,29531.140000000007,4471
2026-07-17T03:10:00+00:00,29531.140000000007,29540.010000000006,29527.510000000006,29534.510000000006,3463
2026-07-17T03:15:00+00:00,29534.510000000006,29562.140000000007,29534.260000000006,29561.510000000006,3557
2026-07-17T03:20:00+00:00,29561.510000000006,29596.510000000006,29559.760000000006,29578.890000000007,4590
2026-07-17T03:25:00+00:00,29578.890000000007,29605.510000000006,29578.640000000007,29594.510000000006,3979
2026-07-17T03:30:00+00:00,29594.510000000006,29596.260000000006,29550.390000000007,29556.760000000006,4547
2026-07-17T03:35:00+00:00,29556.760000000006,29575.140000000007,29548.390000000007,29548.640000000007,4437
2026-07-17T03:40:00+00:00,29548.640000000007,29549.510000000006,29524.010000000006,29536.010000000006,4768
2026-07-17T03:45:00+00:00,29536.010000000006,29539.640000000007,29514.640000000007,29519.010000000006,4128
2026-07-17T03:50:00+00:00,29519.010000000006,29520.140000000007,29500.010000000006,29501.510000000006,3866
2026-07-17T03:55:00+00:00,29501.510000000006,29505.510000000006,29490.510000000006,29491.260000000006,3831
2026-07-17T04:00:00+00:00,29491.260000000006,29492.010000000006,29443.510000000006,29443.510000000006,5436
2026-07-17T04:05:00+00:00,29443.510000000006,29458.890000000007,29436.510000000006,29441.760000000006,4861
2026-07-17T04:10:00+00:00,29441.760000000006,29450.010000000006,29423.760000000006,29429.760000000006,4874
2026-07-17T04:15:00+00:00,29429.760000000006,29437.260000000006,29416.010000000006,29421.760000000006,3671
2026-07-17T04:20:00+00:00,29421.760000000006,29439.010000000006,29406.140000000007,29408.140000000007,4144
2026-07-17T04:25:00+00:00,29408.140000000007,29409.010000000006,29383.260000000006,29388.390000000007,5021
2026-07-17T04:30:00+00:00,29388.390000000007,29403.260000000006,29365.390000000007,29370.140000000007,5926
2026-07-17T04:35:00+00:00,29370.140000000007,29381.640000000007,29355.010000000006,29377.890000000007,5939
2026-07-17T04:40:00+00:00,29377.890000000007,29396.890000000007,29364.260000000006,29390.140000000007,6837
2026-07-17T04:45:00+00:00,29390.140000000007,29415.260000000006,29390.140000000007,29404.010000000006,6542
2026-07-17T04:50:00+00:00,29404.010000000006,29419.390000000007,29400.890000000007,29418.390000000007,5061
2026-07-17T04:55:00+00:00,29418.390000000007,29420.510000000006,29385.260000000006,29385.260000000006,4687
2026-07-17T05:00:00+00:00,29385.260000000006,29399.510000000006,29367.390000000007,29397.390000000007,6050
2026-07-17T05:05:00+00:00,29397.390000000007,29398.260000000006,29369.260000000006,29385.510000000006,5538
2026-07-17T05:10:00+00:00,29385.510000000006,29394.010000000006,29369.140000000007,29382.640000000007,5713
2026-07-17T05:15:00+00:00,29382.640000000007,29401.260000000006,29368.510000000006,29390.260000000006,5467
2026-07-17T05:20:00+00:00,29390.260000000006,29391.760000000006,29369.140000000007,29370.010000000006,4918
2026-07-17T05:25:00+00:00,29370.010000000006,29381.390000000007,29363.760000000006,29370.640000000007,6287
2026-07-17T05:30:00+00:00,29370.640000000007,29390.890000000007,29343.010000000006,29353.010000000006,7965
2026-07-17T05:35:00+00:00,29353.010000000006,29363.510000000006,29321.260000000006,29323.760000000006,5825
2026-07-17T05:40:00+00:00,29323.760000000006,29339.010000000006,29306.760000000006,29339.010000000006,6717
2026-07-17T05:45:00+00:00,29339.010000000006,29353.260000000006,29319.140000000007,29344.510000000006,5655
2026-07-17T05:50:00+00:00,29344.510000000006,29348.010000000006,29320.890000000007,29339.140000000007,6192
2026-07-17T05:55:00+00:00,29339.140000000007,29343.390000000007,29313.390000000007,29335.510000000006,5533
2026-07-17T06:00:00+00:00,29335.510000000006,29353.390000000007,29324.010000000006,29343.140000000007,6478
2026-07-17T06:05:00+00:00,29343.140000000007,29352.890000000007,29304.760000000006,29312.140000000007,5737
2026-07-17T06:10:00+00:00,29312.140000000007,29347.510000000006,29307.390000000007,29337.640000000007,6174
2026-07-17T06:15:00+00:00,29337.640000000007,29353.510000000006,29330.010000000006,29352.390000000007,4802
2026-07-17T06:20:00+00:00,29352.390000000007,29390.390000000007,29351.890000000007,29388.760000000006,5076
2026-07-17T06:25:00+00:00,29388.760000000006,29404.260000000006,29388.760000000006,29394.960000000006,4521
2026-07-17T06:30:00+00:00,29394.960000000006,29404.260000000006,29386.640000000007,29396.510000000006,4954
2026-07-17T06:35:00+00:00,29396.510000000006,29396.510000000006,29354.260000000006,29354.760000000006,4934
2026-07-17T06:40:00+00:00,29354.760000000006,29362.510000000006,29342.390000000007,29354.640000000007,4690
2026-07-17T06:45:00+00:00,29354.640000000007,29354.640000000007,29321.260000000006,29331.140000000007,4981
2026-07-17T06:50:00+00:00,29331.140000000007,29334.390000000007,29314.890000000007,29325.390000000007,4670
2026-07-17T06:55:00+00:00,29325.390000000007,29331.140000000007,29312.260000000006,29323.390000000007,4526
2026-07-17T07:00:00+00:00,29323.390000000007,29346.760000000006,29309.010000000006,29346.010000000006,8955
2026-07-17T07:05:00+00:00,29346.010000000006,29346.010000000006,29309.260000000006,29314.010000000006,6750
2026-07-17T07:10:00+00:00,29314.010000000006,29331.760000000006,29303.260000000006,29331.510000000006,7400
2026-07-17T07:15:00+00:00,29331.510000000006,29344.140000000007,29322.760000000006,29337.510000000006,5999
2026-07-17T07:20:00+00:00,29337.510000000006,29337.510000000006,29297.510000000006,29301.260000000006,5900
2026-07-17T07:25:00+00:00,29301.260000000006,29332.260000000006,29293.890000000007,29326.890000000007,5914
2026-07-17T07:30:00+00:00,29326.890000000007,29338.210000000006,29305.510000000006,29305.890000000007,5775
2026-07-17T07:35:00+00:00,29305.890000000007,29305.890000000007,29288.460000000006,29300.140000000007,5882
2026-07-17T07:40:00+00:00,29300.140000000007,29309.760000000006,29282.140000000007,29295.390000000007,4917
2026-07-17T07:45:00+00:00,29295.390000000007,29295.760000000006,29269.010000000006,29287.390000000007,6152
2026-07-17T07:50:00+00:00,29287.390000000007,29294.010000000006,29277.890000000007,29283.260000000006,5537
2026-07-17T07:55:00+00:00,29283.260000000006,29301.260000000006,29263.260000000006,29266.510000000006,6413
2026-07-17T08:00:00+00:00,29266.510000000006,29310.140000000007,29261.390000000007,29299.460000000006,9996
2026-07-17T08:05:00+00:00,29299.460000000006,29314.010000000006,29274.510000000006,29290.010000000006,8557
2026-07-17T08:10:00+00:00,29290.010000000006,29290.010000000006,29247.890000000007,29257.260000000006,9325
2026-07-17T08:15:00+00:00,29257.260000000006,29259.010000000006,29160.760000000006,29170.640000000007,11188
2026-07-17T08:20:00+00:00,29170.640000000007,29194.010000000006,29160.140000000007,29179.890000000007,9425
2026-07-17T08:25:00+00:00,29179.890000000007,29211.140000000007,29157.890000000007,29188.510000000006,6774
2026-07-17T08:30:00+00:00,29188.510000000006,29196.260000000006,29157.260000000006,29161.510000000006,5984
2026-07-17T08:35:00+00:00,29161.510000000006,29169.640000000007,29144.640000000007,29150.140000000007,6090
2026-07-17T08:40:00+00:00,29150.140000000007,29171.640000000007,29136.760000000006,29165.260000000006,6452
2026-07-17T08:45:00+00:00,29165.260000000006,29194.890000000007,29162.140000000007,29173.890000000007,6810
2026-07-17T08:50:00+00:00,29173.890000000007,29212.140000000007,29171.510000000006,29205.510000000006,5951
2026-07-17T08:55:00+00:00,29205.510000000006,29239.510000000006,29203.010000000006,29208.760000000006,5973
2026-07-17T09:00:00+00:00,29208.760000000006,29220.140000000007,29199.390000000007,29218.890000000007,7309
2026-07-17T09:05:00+00:00,29218.890000000007,29229.890000000007,29204.140000000007,29229.510000000006,5773
2026-07-17T09:10:00+00:00,29229.510000000006,29255.760000000006,29219.010000000006,29252.390000000007,5352
2026-07-17T09:15:00+00:00,29252.390000000007,29252.390000000007,29209.460000000006,29219.010000000006,5971
2026-07-17T09:20:00+00:00,29219.010000000006,29247.890000000007,29213.510000000006,29247.640000000007,5000
2026-07-17T09:25:00+00:00,29247.640000000007,29269.760000000006,29247.010000000006,29269.760000000006,4300
2026-07-17T09:30:00+00:00,29269.760000000006,29273.890000000007,29242.260000000006,29246.510000000006,4254
2026-07-17T09:35:00+00:00,29246.510000000006,29294.890000000007,29244.140000000007,29286.760000000006,4685
2026-07-17T09:40:00+00:00,29286.760000000006,29287.760000000006,29260.640000000007,29265.510000000006,5161
2026-07-17T09:45:00+00:00,29265.510000000006,29292.010000000006,29264.640000000007,29269.210000000006,4778
2026-07-17T09:50:00+00:00,29269.210000000006,29307.010000000006,29269.210000000006,29294.760000000006,5778
2026-07-17T09:55:00+00:00,29294.760000000006,29294.760000000006,29276.260000000006,29290.760000000006,5401
2026-07-17T10:00:00+00:00,29290.760000000006,29307.760000000006,29272.710000000006,29292.510000000006,5608
2026-07-17T10:05:00+00:00,29292.510000000006,29322.010000000006,29291.460000000006,29320.890000000007,6418
2026-07-17T10:10:00+00:00,29320.890000000007,29350.890000000007,29306.010000000006,29347.260000000006,6570
2026-07-17T10:15:00+00:00,29347.260000000006,29366.640000000007,29334.390000000007,29339.510000000006,5322
2026-07-17T10:20:00+00:00,29339.510000000006,29343.890000000007,29304.640000000007,29324.760000000006,5749
2026-07-17T10:25:00+00:00,29324.760000000006,29356.390000000007,29314.210000000006,29353.890000000007,4759
2026-07-17T10:30:00+00:00,29353.890000000007,29371.510000000006,29343.760000000006,29371.510000000006,4174
2026-07-17T10:35:00+00:00,29371.510000000006,29401.510000000006,29368.760000000006,29398.140000000007,4937
2026-07-17T10:40:00+00:00,29398.140000000007,29404.510000000006,29375.260000000006,29380.510000000006,4878
2026-07-17T10:45:00+00:00,29380.510000000006,29394.640000000007,29370.390000000007,29377.390000000007,4543
2026-07-17T10:50:00+00:00,29377.390000000007,29383.760000000006,29367.890000000007,29373.890000000007,3837
2026-07-17T10:55:00+00:00,29373.890000000007,29382.760000000006,29357.260000000006,29363.890000000007,5119
2026-07-17T11:00:00+00:00,29363.890000000007,29387.640000000007,29340.890000000007,29340.890000000007,7211
2026-07-17T11:05:00+00:00,29340.890000000007,29361.890000000007,29329.890000000007,29333.010000000006,5475
2026-07-17T11:10:00+00:00,29333.010000000006,29358.890000000007,29331.890000000007,29338.140000000007,4697
2026-07-17T11:15:00+00:00,29338.140000000007,29340.760000000006,29320.390000000007,29322.510000000006,4902
2026-07-17T11:20:00+00:00,29322.510000000006,29329.760000000006,29308.890000000007,29325.140000000007,5306
2026-07-17T11:25:00+00:00,29325.140000000007,29347.510000000006,29324.760000000006,29340.890000000007,4920
2026-07-17T11:30:00+00:00,29340.890000000007,29344.140000000007,29318.510000000006,29329.140000000007,5686
2026-07-17T11:35:00+00:00,29329.140000000007,29341.260000000006,29328.010000000006,29328.760000000006,4299
2026-07-17T11:40:00+00:00,29328.760000000006,29336.390000000007,29298.640000000007,29308.760000000006,5523
2026-07-17T11:45:00+00:00,29308.760000000006,29328.510000000006,29298.510000000006,29324.010000000006,4309
2026-07-17T11:50:00+00:00,29324.010000000006,29339.760000000006,29306.010000000006,29337.760000000006,5825
2026-07-17T11:55:00+00:00,29337.760000000006,29340.140000000007,29316.010000000006,29320.010000000006,4930
2026-07-17T12:00:00+00:00,29320.010000000006,29325.010000000006,29275.260000000006,29279.140000000007,6323
2026-07-17T12:05:00+00:00,29279.140000000007,29281.640000000007,29262.890000000007,29265.390000000007,6482
2026-07-17T12:10:00+00:00,29265.390000000007,29274.640000000007,29255.640000000007,29263.760000000006,5743
2026-07-17T12:15:00+00:00,29263.760000000006,29268.890000000007,29252.760000000006,29255.260000000006,4348
2026-07-17T12:20:00+00:00,29255.260000000006,29275.760000000006,29250.760000000006,29267.640000000007,5871
2026-07-17T12:25:00+00:00,29267.640000000007,29272.510000000006,29242.390000000007,29255.390000000007,5796
2026-07-17T12:30:00+00:00,29255.390000000007,29258.890000000007,29241.390000000007,29249.390000000007,6368
2026-07-17T12:35:00+00:00,29249.390000000007,29261.640000000007,29242.390000000007,29253.390000000007,5215
2026-07-17T12:40:00+00:00,29253.390000000007,29260.760000000006,29231.260000000006,29254.510000000006,6192
2026-07-17T12:45:00+00:00,29254.510000000006,29270.140000000007,29231.760000000006,29231.760000000006,6204
2026-07-17T12:50:00+00:00,29231.760000000006,29252.010000000006,29226.890000000007,29252.010000000006,5922
2026-07-17T12:55:00+00:00,29252.010000000006,29265.760000000006,29239.760000000006,29244.760000000006,5933
2026-07-17T13:00:00+00:00,29244.760000000006,29245.260000000006,29215.010000000006,29224.140000000007,9109
2026-07-17T13:05:00+00:00,29224.140000000007,29230.760000000006,29205.890000000007,29207.260000000006,7915
2026-07-17T13:10:00+00:00,29207.260000000006,29215.140000000007,29199.510000000006,29202.010000000006,6608
2026-07-17T13:15:00+00:00,29202.010000000006,29215.140000000007,29191.890000000007,29194.010000000006,7500
2026-07-17T13:20:00+00:00,29194.010000000006,29209.260000000006,29176.890000000007,29178.640000000007,7699
2026-07-17T13:25:00+00:00,29178.640000000007,29225.890000000007,29161.510000000006,29186.260000000006,16881
2026-07-17T13:30:00+00:00,29186.260000000006,29264.410000000007,29121.410000000007,29133.790000000005,61287
2026-07-17T13:35:00+00:00,29133.790000000005,29150.040000000005,29039.040000000005,29043.910000000007,50645
2026-07-17T13:40:00+00:00,29043.910000000007,29091.540000000005,28988.540000000005,29000.040000000005,51065
2026-07-17T13:45:00+00:00,29000.040000000005,29096.660000000007,28991.910000000007,29078.910000000007,53425
2026-07-17T13:50:00+00:00,29078.910000000007,29191.540000000005,29066.540000000005,29181.910000000007,43126
2026-07-17T13:55:00+00:00,29181.910000000007,29259.410000000007,29158.790000000005,29254.960000000006,38443
2026-07-17T14:00:00+00:00,29254.960000000006,29362.540000000005,29245.710000000006,29297.910000000007,48346
2026-07-17T14:05:00+00:00,29297.910000000007,29395.910000000007,29297.910000000007,29388.660000000007,45333
2026-07-17T14:10:00+00:00,29388.660000000007,29441.410000000007,29364.410000000007,29382.660000000007,43748
2026-07-17T14:15:00+00:00,29382.660000000007,29465.160000000007,29360.410000000007,29430.790000000005,45016
2026-07-17T14:20:00+00:00,29430.790000000005,29457.910000000007,29397.410000000007,29447.910000000007,44870
2026-07-17T14:25:00+00:00,29447.910000000007,29467.160000000007,29398.160000000007,29411.790000000005,40163
2026-07-17T14:30:00+00:00,29411.790000000005,29427.540000000005,29342.160000000007,29372.910000000007,42832
2026-07-17T14:35:00+00:00,29372.910000000007,29474.540000000005,29369.160000000007,29474.410000000007,38878
2026-07-17T14:40:00+00:00,29474.410000000007,29474.410000000007,29386.660000000007,29404.410000000007,35866
2026-07-17T14:45:00+00:00,29404.410000000007,29436.160000000007,29349.660000000007,29368.660000000007,40194
2026-07-17T14:50:00+00:00,29368.660000000007,29393.910000000007,29329.910000000007,29341.660000000007,37012
2026-07-17T14:55:00+00:00,29341.660000000007,29388.410000000007,29301.660000000007,29306.910000000007,34348
2026-07-17T15:00:00+00:00,29306.910000000007,29321.790000000005,29265.410000000007,29270.290000000005,32059
2026-07-17T15:05:00+00:00,29270.290000000005,29313.540000000005,29257.540000000005,29311.290000000005,34349
2026-07-17T15:10:00+00:00,29311.290000000005,29334.790000000005,29271.040000000005,29287.290000000005,35249
2026-07-17T15:15:00+00:00,29287.290000000005,29326.040000000005,29267.660000000007,29305.540000000005,30413
2026-07-17T15:20:00+00:00,29305.540000000005,29322.410000000007,29254.290000000005,29271.540000000005,31153
2026-07-17T15:25:00+00:00,29271.540000000005,29338.660000000007,29271.040000000005,29332.040000000005,31908
2026-07-17T15:30:00+00:00,29332.040000000005,29370.160000000007,29300.460000000006,29333.540000000005,31103
2026-07-17T15:35:00+00:00,29333.540000000005,29411.910000000007,29306.040000000005,29402.790000000005,29899
2026-07-17T15:40:00+00:00,29402.790000000005,29423.290000000005,29346.660000000007,29378.660000000007,26162
2026-07-17T15:45:00+00:00,29378.660000000007,29407.410000000007,29361.790000000005,29405.910000000007,24568
2026-07-17T15:50:00+00:00,29405.910000000007,29464.540000000005,29383.160000000007,29464.540000000005,23190
2026-07-17T15:55:00+00:00,29464.540000000005,29528.290000000005,29460.160000000007,29513.410000000007,28255
2026-07-17T16:00:00+00:00,29513.410000000007,29535.160000000007,29438.410000000007,29464.160000000007,32744
2026-07-17T16:05:00+00:00,29464.160000000007,29497.410000000007,29427.290000000005,29497.410000000007,25424
2026-07-17T16:10:00+00:00,29497.410000000007,29523.040000000005,29478.790000000005,29518.540000000005,24945
2026-07-17T16:15:00+00:00,29518.540000000005,29534.660000000007,29506.160000000007,29522.040000000005,25688
2026-07-17T16:20:00+00:00,29522.040000000005,29529.410000000007,29445.410000000007,29447.660000000007,24992
2026-07-17T16:25:00+00:00,29447.660000000007,29522.540000000005,29441.160000000007,29494.660000000007,22388
2026-07-17T16:30:00+00:00,29494.660000000007,29509.910000000007,29466.660000000007,29484.290000000005,21262
2026-07-17T16:35:00+00:00,29484.290000000005,29520.790000000005,29483.910000000007,29507.660000000007,18164
2026-07-17T16:40:00+00:00,29507.660000000007,29550.410000000007,29483.410000000007,29549.540000000005,19945
2026-07-17T16:45:00+00:00,29549.540000000005,29582.040000000005,29543.290000000005,29577.040000000005,17957
2026-07-17T16:50:00+00:00,29577.040000000005,29608.290000000005,29563.540000000005,29590.410000000007,19105
2026-07-17T16:55:00+00:00,29590.410000000007,29598.540000000005,29542.790000000005,29555.540000000005,14619
2026-07-17T17:00:00+00:00,29555.540000000005,29613.290000000005,29547.040000000005,29590.660000000007,18240
2026-07-17T17:05:00+00:00,29590.660000000007,29618.540000000005,29581.790000000005,29614.540000000005,15823
2026-07-17T17:10:00+00:00,29614.540000000005,29626.040000000005,29575.290000000005,29575.290000000005,15187
2026-07-17T17:15:00+00:00,29575.290000000005,29622.040000000005,29567.790000000005,29583.290000000005,16565
2026-07-17T17:20:00+00:00,29583.290000000005,29585.040000000005,29559.910000000007,29570.540000000005,17872
2026-07-17T17:25:00+00:00,29570.540000000005,29621.290000000005,29568.660000000007,29615.540000000005,14896
2026-07-17T17:30:00+00:00,29615.540000000005,29621.660000000007,29594.790000000005,29598.290000000005,16237
2026-07-17T17:35:00+00:00,29598.290000000005,29603.790000000005,29552.160000000007,29560.910000000007,18342
2026-07-17T17:40:00+00:00,29560.910000000007,29563.160000000007,29524.410000000007,29529.790000000005,17420
2026-07-17T17:45:00+00:00,29529.790000000005,29548.290000000005,29521.160000000007,29540.410000000007,16525
2026-07-17T17:50:00+00:00,29540.410000000007,29545.040000000005,29499.290000000005,29500.290000000005,15118
2026-07-17T17:55:00+00:00,29500.290000000005,29504.910000000007,29465.040000000005,29476.040000000005,16343
2026-07-17T18:00:00+00:00,29476.040000000005,29515.410000000007,29464.160000000007,29486.910000000007,18407
2026-07-17T18:05:00+00:00,29486.910000000007,29486.910000000007,29450.910000000007,29452.040000000005,16982
2026-07-17T18:10:00+00:00,29452.040000000005,29461.040000000005,29437.040000000005,29443.290000000005,16030
2026-07-17T18:15:00+00:00,29443.290000000005,29449.910000000007,29412.410000000007,29427.790000000005,19952
2026-07-17T18:20:00+00:00,29427.790000000005,29442.540000000005,29405.790000000005,29418.040000000005,18251
2026-07-17T18:25:00+00:00,29418.040000000005,29435.540000000005,29402.660000000007,29432.410000000007,17082
2026-07-17T18:30:00+00:00,29432.410000000007,29471.790000000005,29404.910000000007,29421.910000000007,21351
2026-07-17T18:35:00+00:00,29421.910000000007,29434.540000000005,29411.540000000005,29417.290000000005,14064
2026-07-17T18:40:00+00:00,29417.290000000005,29423.290000000005,29376.790000000005,29388.660000000007,16518
2026-07-17T18:45:00+00:00,29388.660000000007,29445.290000000005,29378.540000000005,29427.410000000007,17502
2026-07-17T18:50:00+00:00,29427.410000000007,29460.790000000005,29412.160000000007,29460.790000000005,16887
2026-07-17T18:55:00+00:00,29460.790000000005,29465.290000000005,29432.660000000007,29441.790000000005,16787
2026-07-17T19:00:00+00:00,29441.790000000005,29449.040000000005,29411.040000000005,29430.290000000005,18924
2026-07-17T19:05:00+00:00,29430.290000000005,29436.910000000007,29390.290000000005,29396.040000000005,16199
2026-07-17T19:10:00+00:00,29396.040000000005,29400.160000000007,29338.790000000005,29341.410000000007,15536
2026-07-17T19:15:00+00:00,29341.410000000007,29354.160000000007,29315.410000000007,29349.040000000005,22106
2026-07-17T19:20:00+00:00,29349.040000000005,29349.040000000005,29316.040000000005,29316.040000000005,17954
2026-07-17T19:25:00+00:00,29316.040000000005,29383.660000000007,29299.040000000005,29375.410000000007,19164
2026-07-17T19:30:00+00:00,29375.410000000007,29423.160000000007,29372.660000000007,29381.660000000007,28632
2026-07-17T19:35:00+00:00,29381.660000000007,29405.410000000007,29347.540000000005,29348.160000000007,23839
2026-07-17T19:40:00+00:00,29348.160000000007,29387.790000000005,29335.410000000007,29375.910000000007,23803
2026-07-17T19:45:00+00:00,29375.910000000007,29409.660000000007,29368.540000000005,29406.540000000005,24566
2026-07-17T19:50:00+00:00,29406.540000000005,29433.290000000005,29391.290000000005,29417.660000000007,27916
2026-07-17T19:55:00+00:00,29417.660000000007,29428.040000000005,29337.160000000007,29344.410000000007,27523
2026-07-17T20:00:00+00:00,29344.410000000007,29344.640000000007,29292.640000000007,29307.890000000007,17318
2026-07-17T20:05:00+00:00,29307.890000000007,29319.260000000006,29298.890000000007,29315.260000000006,8457
2026-07-17T20:10:00+00:00,29315.260000000006,29328.140000000007,29297.760000000006,29318.390000000007,6965
2026-07-17T20:15:00+00:00,29318.390000000007,29324.010000000006,28581.79,28588.29,4444
2026-07-17T20:20:00+00:00,28588.29,28595.79,28586.04,28592.29,3854
2026-07-17T20:25:00+00:00,28592.29,28597.29,28590.41,28592.41,2745
2026-07-17T20:30:00+00:00,28592.41,28611.54,28592.41,28604.79,3618
2026-07-17T20:35:00+00:00,28604.79,28604.79,28593.79,28599.29,3064
2026-07-17T20:40:00+00:00,28599.29,28611.54,28598.29,28610.36,2270
2026-07-19T22:00:00+00:00,28610.36,28679.16,28599.61,28609.86,7889
2026-07-19T22:05:00+00:00,28609.86,28615.91,28587.61,28602.11,4438
2026-07-19T22:10:00+00:00,28602.11,28603.36,28577.54,28581.86,2594
2026-07-19T22:15:00+00:00,28581.86,28655.11,28581.86,28648.61,3306
2026-07-19T22:20:00+00:00,28648.61,28679.16,28647.36,28648.61,3644
2026-07-19T22:25:00+00:00,28648.61,28654.29,28628.79,28631.61,3186
2026-07-19T22:30:00+00:00,28631.61,28695.11,28625.54,28693.11,4005
2026-07-19T22:35:00+00:00,28693.11,28703.54,28671.61,28678.86,3038
2026-07-19T22:40:00+00:00,28678.86,28716.41,28678.86,28705.86,2815
2026-07-19T22:45:00+00:00,28705.86,28714.66,28684.86,28696.11,2303
2026-07-19T22:50:00+00:00,28696.11,28700.66,28680.61,28685.11,2150
2026-07-19T22:55:00+00:00,28685.11,28690.04,28677.61,28682.41,1473
2026-07-19T23:00:00+00:00,28682.41,28691.16,28653.36,28660.61,3383
2026-07-19T23:05:00+00:00,28660.61,28690.54,28653.61,28690.54,3499
2026-07-19T23:10:00+00:00,28690.54,28702.36,28673.61,28678.61,3067
2026-07-19T23:15:00+00:00,28678.61,28683.36,28657.61,28666.61,2525
2026-07-19T23:20:00+00:00,28666.61,28682.66,28648.86,28680.61,2693
2026-07-19T23:25:00+00:00,28680.61,28690.36,28658.36,28671.04,2892
2026-07-19T23:30:00+00:00,28671.04,28684.86,28659.86,28684.86,2604
2026-07-19T23:35:00+00:00,28684.86,28704.41,28677.61,28699.11,3275
2026-07-19T23:40:00+00:00,28699.11,28733.16,28692.36,28731.91,2982
2026-07-19T23:45:00+00:00,28731.91,28733.29,28683.11,28693.36,7705
2026-07-19T23:50:00+00:00,28693.36,28728.29,28692.79,28709.61,7083
2026-07-19T23:55:00+00:00,28709.61,28742.91,28706.36,28736.04,6278
2026-07-20T00:00:00+00:00,28736.04,28739.54,28673.54,28736.91,12410
2026-07-20T00:05:00+00:00,28736.91,28803.91,28733.86,28791.91,10626
2026-07-20T00:10:00+00:00,28791.91,28821.41,28784.79,28806.29,8339
2026-07-20T00:15:00+00:00,28806.29,28830.04,28804.04,28825.41,7555
2026-07-20T00:20:00+00:00,28825.41,28829.29,28804.54,28815.04,7595
2026-07-20T00:25:00+00:00,28815.04,28815.04,28793.66,28801.41,7929
2026-07-20T00:30:00+00:00,28801.41,28804.41,28743.54,28743.54,8886
2026-07-20T00:35:00+00:00,28743.54,28790.91,28742.54,28764.91,7425
2026-07-20T00:40:00+00:00,28764.91,28801.41,28752.91,28754.04,7843
2026-07-20T00:45:00+00:00,28754.04,28767.91,28726.04,28749.91,9393
2026-07-20T00:50:00+00:00,28749.91,28753.66,28728.86,28732.91,7960
2026-07-20T00:55:00+00:00,28732.91,28756.04,28718.91,28725.11,8646
2026-07-20T01:00:00+00:00,28725.11,28753.91,28714.54,28728.79,14956
2026-07-20T01:05:00+00:00,28728.79,28773.66,28723.11,28770.36,9956
2026-07-20T01:10:00+00:00,28770.36,28784.66,28714.91,28719.04,10288
2026-07-20T01:15:00+00:00,28719.04,28736.16,28697.61,28702.41,11293
2026-07-20T01:20:00+00:00,28702.41,28745.29,28689.11,28730.11,11251
2026-07-20T01:25:00+00:00,28730.11,28751.16,28679.66,28682.66,10644
2026-07-20T01:30:00+00:00,28682.66,28696.29,28672.16,28677.41,13081
2026-07-20T01:35:00+00:00,28677.41,28701.16,28669.29,28691.66,10239
2026-07-20T01:40:00+00:00,28691.66,28700.16,28643.79,28664.04,9877
2026-07-20T01:45:00+00:00,28664.04,28687.29,28653.16,28679.79,10011
2026-07-20T01:50:00+00:00,28679.79,28681.91,28634.29,28636.41,8552
2026-07-20T01:55:00+00:00,28636.41,28673.29,28630.41,28663.29,7865
2026-07-20T02:00:00+00:00,28663.29,28745.29,28662.61,28740.29,10559
2026-07-20T02:05:00+00:00,28740.29,28753.91,28733.54,28735.66,9359
2026-07-20T02:10:00+00:00,28735.66,28735.91,28700.79,28705.54,6853
2026-07-20T02:15:00+00:00,28705.54,28714.54,28675.66,28677.79,7011
2026-07-20T02:20:00+00:00,28677.79,28682.04,28660.54,28668.79,9032
2026-07-20T02:25:00+00:00,28668.79,28689.79,28660.54,28677.16,8732
2026-07-20T02:30:00+00:00,28677.16,28743.16,28677.16,28729.79,8254
2026-07-20T02:35:00+00:00,28729.79,28755.16,28723.04,28727.91,8294
2026-07-20T02:40:00+00:00,28727.91,28782.54,28724.79,28766.41,8022
2026-07-20T02:45:00+00:00,28766.41,28799.66,28761.54,28799.66,8872
2026-07-20T02:50:00+00:00,28799.66,28804.91,28770.04,28772.79,6685
2026-07-20T02:55:00+00:00,28772.79,28776.79,28750.79,28753.54,6004
2026-07-20T03:00:00+00:00,28753.54,28779.91,28748.54,28752.16,6497
2026-07-20T03:05:00+00:00,28752.16,28754.41,28723.16,28739.79,7003
2026-07-20T03:10:00+00:00,28739.79,28758.04,28733.54,28751.91,7222
2026-07-20T03:15:00+00:00,28751.91,28779.91,28741.36,28758.54,7316
2026-07-20T03:20:00+00:00,28758.54,28763.66,28731.04,28759.91,6464
2026-07-20T03:25:00+00:00,28759.91,28762.79,28736.86,28744.41,7692
2026-07-20T03:30:00+00:00,28744.41,28770.66,28731.54,28734.91,7726
2026-07-20T03:35:00+00:00,28734.91,28757.29,28717.66,28754.66,6330
2026-07-20T03:40:00+00:00,28754.66,28769.04,28735.29,28765.91,7134
2026-07-20T03:45:00+00:00,28765.91,28773.29,28751.36,28768.79,6141
2026-07-20T03:50:00+00:00,28768.79,28804.41,28766.29,28798.79,4982
2026-07-20T03:55:00+00:00,28798.79,28802.04,28748.54,28764.29,6582
2026-07-20T04:00:00+00:00,28764.29,28785.54,28758.61,28761.61,5371
2026-07-20T04:05:00+00:00,28761.61,28764.16,28738.16,28748.91,5472
2026-07-20T04:10:00+00:00,28748.91,28753.29,28730.79,28734.16,4875
2026-07-20T04:15:00+00:00,28734.16,28734.41,28712.29,28719.16,5830
2026-07-20T04:20:00+00:00,28719.16,28733.66,28711.29,28730.04,7389
2026-07-20T04:25:00+00:00,28730.04,28769.79,28727.36,28766.54,5983
2026-07-20T04:30:00+00:00,28766.54,28802.66,28755.66,28772.66,6593
2026-07-20T04:35:00+00:00,28772.66,28801.41,28765.91,28790.79,5927
2026-07-20T04:40:00+00:00,28790.79,28807.16,28774.04,28800.79,5821
2026-07-20T04:45:00+00:00,28800.79,28808.29,28792.54,28804.41,5056
2026-07-20T04:50:00+00:00,28804.41,28808.91,28780.91,28781.91,4242
2026-07-20T04:55:00+00:00,28781.91,28787.66,28759.91,28763.66,5101
2026-07-20T05:00:00+00:00,28763.66,28769.41,28740.66,28744.79,5907
2026-07-20T05:05:00+00:00,28744.79,28745.04,28712.41,28717.04,4953
2026-07-20T05:10:00+00:00,28717.04,28735.54,28679.04,28729.29,7612
2026-07-20T05:15:00+00:00,28729.29,28729.41,28706.04,28718.91,7212
2026-07-20T05:20:00+00:00,28718.91,28723.29,28694.29,28707.54,6894
2026-07-20T05:25:00+00:00,28707.54,28717.04,28695.91,28699.16,7153
2026-07-20T05:30:00+00:00,28699.16,28703.91,28684.91,28693.16,6081
2026-07-20T05:35:00+00:00,28693.16,28701.36,28681.54,28684.41,5606
2026-07-20T05:40:00+00:00,28684.41,28698.54,28676.29,28679.54,6477
2026-07-20T05:45:00+00:00,28679.54,28698.29,28672.91,28687.04,6776
2026-07-20T05:50:00+00:00,28687.04,28689.66,28657.91,28660.91,5754
2026-07-20T05:55:00+00:00,28660.91,28689.79,28656.41,28673.91,5744
2026-07-20T06:00:00+00:00,28673.91,28689.91,28666.91,28685.54,6961
2026-07-20T06:05:00+00:00,28685.54,28688.54,28662.66,28669.54,7279
2026-07-20T06:10:00+00:00,28669.54,28669.79,28649.04,28651.66,5911
2026-07-20T06:15:00+00:00,28651.66,28674.54,28644.79,28667.66,6312
2026-07-20T06:20:00+00:00,28667.66,28681.91,28637.66,28638.54,5174
2026-07-20T06:25:00+00:00,28638.54,28661.91,28635.79,28653.04,6179
2026-07-20T06:30:00+00:00,28653.04,28663.54,28642.16,28645.79,6365
2026-07-20T06:35:00+00:00,28645.79,28653.66,28633.16,28640.91,5474
2026-07-20T06:40:00+00:00,28640.91,28680.16,28638.66,28670.79,4842
2026-07-20T06:45:00+00:00,28670.79,28671.79,28645.91,28655.16,4753
2026-07-20T06:50:00+00:00,28655.16,28674.16,28654.54,28666.16,4912
2026-07-20T06:55:00+00:00,28666.16,28676.91,28647.91,28671.66,4384
2026-07-20T07:00:00+00:00,28671.66,28700.79,28671.66,28688.41,8895
2026-07-20T07:05:00+00:00,28688.41,28695.04,28674.91,28685.91,7427
2026-07-20T07:10:00+00:00,28685.91,28695.16,28676.79,28687.91,5865
2026-07-20T07:15:00+00:00,28687.91,28691.66,28665.11,28677.16,4929
2026-07-20T07:20:00+00:00,28677.16,28717.54,28667.54,28710.41,6849
2026-07-20T07:25:00+00:00,28710.41,28752.41,28706.54,28746.41,6166
2026-07-20T07:30:00+00:00,28746.41,28787.54,28744.29,28778.04,8087
2026-07-20T07:35:00+00:00,28778.04,28787.04,28764.66,28779.66,8167
2026-07-20T07:40:00+00:00,28779.66,28792.41,28757.54,28772.41,7838
2026-07-20T07:45:00+00:00,28772.41,28784.29,28750.16,28754.91,5856
2026-07-20T07:50:00+00:00,28754.91,28765.41,28746.41,28759.29,5258
2026-07-20T07:55:00+00:00,28759.29,28789.04,28758.29,28776.41,5886
2026-07-20T08:00:00+00:00,28776.41,28800.79,28772.91,28788.41,9511
2026-07-20T08:05:00+00:00,28788.41,28795.04,28756.66,28766.66,6051
2026-07-20T08:10:00+00:00,28766.66,28795.41,28760.61,28793.79,4925
2026-07-20T08:15:00+00:00,28793.79,28806.41,28780.61,28782.66,5225
2026-07-20T08:20:00+00:00,28782.66,28785.41,28768.04,28776.66,4682
2026-07-20T08:25:00+00:00,28776.66,28778.16,28762.41,28768.66,5748
2026-07-20T08:30:00+00:00,28768.66,28773.29,28738.16,28749.91,4904
2026-07-20T08:35:00+00:00,28749.91,28750.41,28728.29,28742.41,4530
2026-07-20T08:40:00+00:00,28742.41,28752.91,28727.66,28731.04,5064
2026-07-20T08:45:00+00:00,28731.04,28753.29,28727.91,28752.91,4357
2026-07-20T08:50:00+00:00,28752.91,28756.41,28730.54,28733.79,4439
2026-07-20T08:55:00+00:00,28733.79,28752.04,28732.04,28747.91,4152
2026-07-20T09:00:00+00:00,28747.91,28755.66,28735.66,28743.79,5096
2026-07-20T09:05:00+00:00,28743.79,28750.29,28722.54,28740.04,4859
2026-07-20T09:10:00+00:00,28740.04,28749.29,28736.16,28744.04,4534
2026-07-20T09:15:00+00:00,28744.04,28768.79,28744.04,28748.66,4275
2026-07-20T09:20:00+00:00,28748.66,28782.91,28747.79,28772.41,4518
2026-07-20T09:25:00+00:00,28772.41,28780.04,28768.54,28773.29,3620
2026-07-20T09:30:00+00:00,28773.29,28785.79,28765.41,28774.54,3992
2026-07-20T09:35:00+00:00,28774.54,28790.41,28773.54,28790.41,4124
2026-07-20T09:40:00+00:00,28790.41,28808.41,28787.79,28808.41,3916
2026-07-20T09:45:00+00:00,28808.41,28833.54,28807.16,28833.41,3765
2026-07-20T09:50:00+00:00,28833.41,28865.04,28830.41,28837.29,4090
2026-07-20T09:55:00+00:00,28837.29,28837.29,28815.54,28819.16,4549
2026-07-20T10:00:00+00:00,28819.16,28823.91,28804.54,28809.66,4026
2026-07-20T10:05:00+00:00,28809.66,28810.41,28794.54,28801.41,3618
2026-07-20T10:10:00+00:00,28801.41,28811.41,28795.16,28799.54,4105
2026-07-20T10:15:00+00:00,28799.54,28804.91,28788.29,28801.54,3953
2026-07-20T10:20:00+00:00,28801.54,28820.29,28797.79,28812.29,3854
2026-07-20T10:25:00+00:00,28812.29,28828.91,28800.29,28823.54,3905
2026-07-20T10:30:00+00:00,28823.54,28841.16,28816.91,28832.04,3964
2026-07-20T10:35:00+00:00,28832.04,28833.54,28814.04,28821.29,4098
2026-07-20T10:40:00+00:00,28821.29,28837.66,28815.54,28834.54,4250
2026-07-20T10:45:00+00:00,28834.54,28846.04,28831.16,28835.54,4670
2026-07-20T10:50:00+00:00,28835.54,28846.41,28829.41,28846.29,3850
2026-07-20T10:55:00+00:00,28846.29,28846.41,28832.79,28836.54,3722
2026-07-20T11:00:00+00:00,28836.54,28860.66,28831.16,28859.41,6714
2026-07-20T11:05:00+00:00,28859.41,28870.91,28856.41,28869.04,4684
2026-07-20T11:10:00+00:00,28869.04,28891.16,28866.16,28879.29,4898
2026-07-20T11:15:00+00:00,28879.29,28885.29,28867.41,28869.54,4382
2026-07-20T11:20:00+00:00,28869.54,28874.29,28858.41,28859.91,4016
2026-07-20T11:25:00+00:00,28859.91,28866.29,28855.16,28865.04,3876
2026-07-20T11:30:00+00:00,28865.04,28973.41,28862.91,28965.41,22514
2026-07-20T11:35:00+00:00,28965.41,28972.66,28951.79,28954.16,7858
2026-07-20T11:40:00+00:00,28954.16,28975.29,28944.54,28955.04,6564
2026-07-20T11:45:00+00:00,28955.04,28964.41,28929.29,28929.54,6040
2026-07-20T11:50:00+00:00,28929.54,28951.54,28915.54,28947.54,5600
2026-07-20T11:55:00+00:00,28947.54,28949.79,28934.66,28939.91,5314
2026-07-20T12:00:00+00:00,28939.91,28942.91,28849.16,28874.66,16406
2026-07-20T12:05:00+00:00,28874.66,28891.66,28868.54,28883.91,9632
2026-07-20T12:10:00+00:00,28883.91,28891.16,28857.79,28870.66,7762
2026-07-20T12:15:00+00:00,28870.66,28886.41,28858.66,28880.79,6204
2026-07-20T12:20:00+00:00,28880.79,28883.79,28865.79,28875.79,5692
2026-07-20T12:25:00+00:00,28875.79,28903.04,28867.29,28901.66,4740
2026-07-20T12:30:00+00:00,28901.66,28907.04,28884.04,28903.04,5653
2026-07-20T12:35:00+00:00,28903.04,28912.79,28899.91,28902.16,4707
2026-07-20T12:40:00+00:00,28902.16,28905.66,28868.54,28872.91,4864
2026-07-20T12:45:00+00:00,28872.91,28910.54,28871.29,28907.41,5737
2026-07-20T12:50:00+00:00,28907.41,28907.54,28880.04,28880.54,5212
2026-07-20T12:55:00+00:00,28880.54,28892.54,28870.66,28891.29,6526
2026-07-20T13:00:00+00:00,28891.29,28924.29,28891.29,28916.16,8809
2026-07-20T13:05:00+00:00,28916.16,28922.04,28908.16,28910.79,6986
2026-07-20T13:10:00+00:00,28910.79,28924.16,28890.29,28890.54,6402
2026-07-20T13:15:00+00:00,28890.54,28908.04,28888.79,28906.16,6358
2026-07-20T13:20:00+00:00,28906.16,28917.41,28905.66,28912.79,5388
2026-07-20T13:25:00+00:00,28912.79,28926.41,28888.79,28910.41,10323
2026-07-20T13:30:00+00:00,28910.41,29004.31,28898.36,29004.31,49127
2026-07-20T13:35:00+00:00,29004.31,29033.94,28987.44,28993.56,35779
2026-07-20T13:40:00+00:00,28993.56,29048.69,28990.06,29046.44,32260
2026-07-20T13:45:00+00:00,29046.44,29058.81,28983.44,28984.44,31164
2026-07-20T13:50:00+00:00,28984.44,28998.06,28894.94,28932.06,37773
2026-07-20T13:55:00+00:00,28932.06,28933.19,28848.31,28862.94,34114
2026-07-20T14:00:00+00:00,28862.94,28914.44,28830.31,28886.69,41023
2026-07-20T14:05:00+00:00,28886.69,28893.94,28851.69,28875.31,39422
2026-07-20T14:10:00+00:00,28875.31,28875.44,28806.44,28839.19,39118
2026-07-20T14:15:00+00:00,28839.19,28871.94,28807.56,28827.44,38208
2026-07-20T14:20:00+00:00,28827.44,28852.44,28775.81,28834.94,35925
2026-07-20T14:25:00+00:00,28834.94,28898.44,28831.31,28897.19,33852
2026-07-20T14:30:00+00:00,28897.19,28916.81,28848.69,28869.31,34961
2026-07-20T14:35:00+00:00,28869.31,28892.44,28840.44,28858.44,34674
2026-07-20T14:40:00+00:00,28858.44,28883.81,28819.94,28831.81,33909
2026-07-20T14:45:00+00:00,28831.81,28869.44,28793.69,28795.44,33436
2026-07-20T14:50:00+00:00,28795.44,28813.19,28763.94,28779.69,31362
2026-07-20T14:55:00+00:00,28779.69,28794.56,28743.19,28759.56,34096
2026-07-20T15:00:00+00:00,28759.56,28823.69,28740.69,28794.06,36963
2026-07-20T15:05:00+00:00,28794.06,28854.56,28751.94,28854.31,27105
2026-07-20T15:10:00+00:00,28854.31,28855.56,28801.56,28812.19,26114
2026-07-20T15:15:00+00:00,28812.19,28864.56,28797.69,28839.94,24718
2026-07-20T15:20:00+00:00,28839.94,28889.44,28826.19,28869.19,22441
2026-07-20T15:25:00+00:00,28869.19,28886.69,28838.06,28882.94,25117
2026-07-20T15:30:00+00:00,28882.94,28897.69,28877.94,28888.31,17858
2026-07-20T15:35:00+00:00,28888.31,28894.06,28866.31,28866.81,19941
2026-07-20T15:40:00+00:00,28866.81,28900.31,28853.56,28894.69,21204
2026-07-20T15:45:00+00:00,28894.69,28897.94,28846.06,28852.19,20123
2026-07-20T15:50:00+00:00,28852.19,28922.31,28843.06,28910.69,20807
2026-07-20T15:55:00+00:00,28910.69,28931.69,28910.69,28918.56,14591
2026-07-20T16:00:00+00:00,28918.56,28935.56,28896.94,28930.69,18425
2026-07-20T16:05:00+00:00,28930.69,28972.69,28930.69,28970.69,13690
2026-07-20T16:10:00+00:00,28970.69,28985.94,28962.81,28973.56,12454
2026-07-20T16:15:00+00:00,28973.56,28976.44,28951.81,28971.19,13569
2026-07-20T16:20:00+00:00,28971.19,28979.81,28961.69,28968.44,11858
2026-07-20T16:25:00+00:00,28968.44,28972.56,28937.31,28951.44,14332
2026-07-20T16:30:00+00:00,28951.44,28967.94,28911.06,28913.44,14285
2026-07-20T16:35:00+00:00,28913.44,28942.81,28910.06,28941.06,12609
2026-07-20T16:40:00+00:00,28941.06,28949.69,28837.11,28872.06,24313
2026-07-20T16:45:00+00:00,28872.06,28918.94,28859.44,28917.44,18206
2026-07-20T16:50:00+00:00,28917.44,28918.19,28842.69,28844.44,15540
2026-07-20T16:55:00+00:00,28844.44,28855.94,28823.44,28850.69,17075
2026-07-20T17:00:00+00:00,28850.69,28866.44,28822.56,28828.69,16493
2026-07-20T17:05:00+00:00,28828.69,28837.19,28805.94,28834.44,14667
2026-07-20T17:10:00+00:00,28834.44,28837.69,28790.19,28793.94,13908
2026-07-20T17:15:00+00:00,28793.94,28827.19,28779.31,28823.69,15888
2026-07-20T17:20:00+00:00,28823.69,28842.69,28811.19,28825.69,13012
2026-07-20T17:25:00+00:00,28825.69,28841.19,28812.19,28824.94,11652
2026-07-20T17:30:00+00:00,28824.94,28834.94,28813.69,28824.19,12012
2026-07-20T17:35:00+00:00,28824.19,28839.69,28809.94,28812.81,12495
2026-07-20T17:40:00+00:00,28812.81,28815.56,28768.44,28777.44,13283
2026-07-20T17:45:00+00:00,28777.44,28822.81,28776.06,28813.06,13843
2026-07-20T17:50:00+00:00,28813.06,28849.69,28810.31,28837.31,12413
2026-07-20T17:55:00+00:00,28837.31,28837.69,28809.81,28823.94,12554
2026-07-20T18:00:00+00:00,28823.94,28858.94,28823.94,28838.44,13597
2026-07-20T18:05:00+00:00,28838.44,28855.44,28824.44,28855.44,11655
2026-07-20T18:10:00+00:00,28855.44,28868.56,28842.56,28860.19,9740
2026-07-20T18:15:00+00:00,28860.19,28877.06,28846.94,28860.44,10243
2026-07-20T18:20:00+00:00,28860.44,28863.06,28806.31,28808.19,13218
2026-07-20T18:25:00+00:00,28808.19,28839.06,28799.94,28815.44,14812
2026-07-20T18:30:00+00:00,28815.44,28815.94,28762.81,28774.69,14470
2026-07-20T18:35:00+00:00,28774.69,28813.06,28765.06,28773.81,14060
2026-07-20T18:40:00+00:00,28773.81,28780.31,28727.19,28727.69,16759
2026-07-20T18:45:00+00:00,28727.69,28757.69,28724.31,28738.19,17225
2026-07-20T18:50:00+00:00,28738.19,28768.06,28733.31,28759.69,13470
2026-07-20T18:55:00+00:00,28759.69,28764.94,28723.31,28737.81,12145
2026-07-20T19:00:00+00:00,28737.81,28763.06,28705.31,28713.44,16311
2026-07-20T19:05:00+00:00,28713.44,28724.69,28700.56,28716.19,17188
2026-07-20T19:10:00+00:00,28716.19,28744.94,28675.56,28676.31,16235
2026-07-20T19:15:00+00:00,28676.31,28700.44,28664.31,28681.44,20484
2026-07-20T19:20:00+00:00,28681.44,28699.44,28665.06,28692.44,17311
2026-07-20T19:25:00+00:00,28692.44,28734.94,28666.19,28721.69,16463
2026-07-20T19:30:00+00:00,28721.69,28749.69,28702.81,28734.31,20250
2026-07-20T19:35:00+00:00,28734.31,28740.69,28704.69,28729.69,15920
2026-07-20T19:40:00+00:00,28729.69,28760.44,28721.94,28734.81,14122
2026-07-20T19:45:00+00:00,28734.81,28746.31,28709.19,28734.19,16860
2026-07-20T19:50:00+00:00,28734.19,28734.19,28661.31,28672.69,17442
2026-07-20T19:55:00+00:00,28672.69,28672.69,28635.69,28651.19,19942
2026-07-20T20:00:00+00:00,28651.19,28696.66,28650.61,28661.66,9751
2026-07-20T20:05:00+00:00,28661.66,28669.54,28634.91,28639.29,5237
2026-07-20T20:10:00+00:00,28639.29,28649.91,28635.54,28640.16,4066
2026-07-20T20:15:00+00:00,28640.16,28641.29,28621.41,28624.04,3356
2026-07-20T20:20:00+00:00,28624.04,28628.79,28620.79,28623.41,2193
2026-07-20T20:25:00+00:00,28623.41,28629.66,28617.79,28625.79,2565
2026-07-20T20:30:00+00:00,28625.79,28640.54,28624.91,28640.29,1696
2026-07-20T20:35:00+00:00,28640.29,28648.04,28637.29,28642.41,1659
2026-07-20T20:40:00+00:00,28642.41,28643.41,28630.91,28638.41,1797
2026-07-20T20:45:00+00:00,28638.41,28648.91,28636.66,28647.79,1782
2026-07-20T20:50:00+00:00,28647.79,28649.29,28635.29,28646.66,1778
2026-07-20T20:55:00+00:00,28646.66,28652.29,28641.66,28643.86,1504
2026-07-20T22:00:00+00:00,28643.86,28669.55,28598.62,28600.12,2960
2026-07-20T22:05:00+00:00,28600.12,28605.05,28575.3,28598.87,2257
2026-07-20T22:10:00+00:00,28598.87,28604.92,28589.62,28590.05,1811
2026-07-20T22:15:00+00:00,28590.05,28597.37,28581.37,28591.42,1831
2026-07-20T22:20:00+00:00,28591.42,28598.55,28585.3,28594.42,2052
2026-07-20T22:25:00+00:00,28594.42,28598.05,28581.87,28588.62,1634
2026-07-20T22:30:00+00:00,28588.62,28602.92,28571.12,28575.92,1768
2026-07-20T22:35:00+00:00,28575.92,28596.17,28573.42,28586.92,1854
2026-07-20T22:40:00+00:00,28586.92,28593.8,28582.05,28592.87,1304
2026-07-20T22:45:00+00:00,28592.87,28602.17,28576.42,28581.8,1448
2026-07-20T22:50:00+00:00,28581.8,28589.55,28576.67,28586.67,1136
2026-07-20T22:55:00+00:00,28586.67,28589.67,28584.67,28586.3,963
2026-07-20T23:00:00+00:00,28586.3,28602.92,28581.8,28602.8,2001
2026-07-20T23:05:00+00:00,28602.8,28644.55,28602.8,28642.67,2453
2026-07-20T23:10:00+00:00,28642.67,28647.17,28626.3,28637.67,2016
2026-07-20T23:15:00+00:00,28637.67,28671.17,28634.92,28667.92,2437
2026-07-20T23:20:00+00:00,28667.92,28689.3,28664.67,28682.05,3083
2026-07-20T23:25:00+00:00,28682.05,28690.92,28675.92,28688.67,1654
2026-07-20T23:30:00+00:00,28688.67,28693.3,28681.12,28684.8,2150
2026-07-20T23:35:00+00:00,28684.8,28685.05,28677.8,28679.55,1644
2026-07-20T23:40:00+00:00,28679.55,28685.67,28675.17,28680.67,1463
2026-07-20T23:45:00+00:00,28680.67,28697.17,28669.17,28671.67,5215
2026-07-20T23:50:00+00:00,28671.67,28671.67,28627.67,28652.3,5197
2026-07-20T23:55:00+00:00,28652.3,28670.67,28643.3,28649.17,4800
2026-07-21T00:00:00+00:00,28649.17,28649.17,28592.05,28609.17,15164
2026-07-21T00:05:00+00:00,28609.17,28619.8,28576.17,28595.87,10166
2026-07-21T00:10:00+00:00,28595.87,28633.8,28579.17,28606.17,11672
2026-07-21T00:15:00+00:00,28606.17,28673.17,28579.17,28670.3,11111
2026-07-21T00:20:00+00:00,28670.3,28676.3,28640.67,28666.05,12371
2026-07-21T00:25:00+00:00,28666.05,28703.8,28652.05,28687.05,8045
2026-07-21T00:30:00+00:00,28687.05,28733.8,28683.67,28729.42,8976
2026-07-21T00:35:00+00:00,28729.42,28737.8,28712.42,28731.8,6496
2026-07-21T00:40:00+00:00,28731.8,28748.8,28722.55,28735.67,7209
2026-07-21T00:45:00+00:00,28735.67,28765.8,28724.92,28757.8,7759
2026-07-21T00:50:00+00:00,28757.8,28766.05,28746.55,28751.3,4981
2026-07-21T00:55:00+00:00,28751.3,28751.67,28726.17,28727.17,6002
2026-07-21T01:00:00+00:00,28727.17,28747.17,28706.92,28746.17,8609
2026-07-21T01:05:00+00:00,28746.17,28777.55,28742.55,28767.67,7942
2026-07-21T01:10:00+00:00,28767.67,28780.42,28764.17,28773.05,6046
2026-07-21T01:15:00+00:00,28773.05,28781.17,28742.17,28766.92,7221
2026-07-21T01:20:00+00:00,28766.92,28775.8,28752.62,28759.62,5640
2026-07-21T01:25:00+00:00,28759.62,28769.55,28751.3,28760.42,5334
2026-07-21T01:30:00+00:00,28760.42,28785.55,28755.8,28781.67,6528
2026-07-21T01:35:00+00:00,28781.67,28790.42,28758.05,28758.8,5768
2026-07-21T01:40:00+00:00,28758.8,28766.92,28736.42,28744.3,6301
2026-07-21T01:45:00+00:00,28744.3,28780.05,28739.42,28772.55,5599
2026-07-21T01:50:00+00:00,28772.55,28776.67,28754.42,28766.17,6394
2026-07-21T01:55:00+00:00,28766.17,28766.17,28741.17,28752.55,5279
2026-07-21T02:00:00+00:00,28752.55,28781.92,28747.42,28778.05,6221
2026-07-21T02:05:00+00:00,28778.05,28807.3,28765.17,28765.8,5752
2026-07-21T02:10:00+00:00,28765.8,28768.8,28749.42,28754.55,5206
2026-07-21T02:15:00+00:00,28754.55,28759.8,28729.55,28733.05,5170
2026-07-21T02:20:00+00:00,28733.05,28782.92,28729.05,28782.05,4978
2026-07-21T02:25:00+00:00,28782.05,28789.17,28763.05,28763.05,4753
2026-07-21T02:30:00+00:00,28763.05,28795.8,28763.05,28791.17,4697
2026-07-21T02:35:00+00:00,28791.17,28818.8,28790.3,28814.17,4241
2026-07-21T02:40:00+00:00,28814.17,28824.8,28811.05,28818.3,3590
2026-07-21T02:45:00+00:00,28818.3,28818.8,28803.3,28805.3,3586
2026-07-21T02:50:00+00:00,28805.3,28811.55,28797.55,28805.67,3795
2026-07-21T02:55:00+00:00,28805.67,28825.67,28803.3,28823.8,3572
2026-07-21T03:00:00+00:00,28823.8,28843.55,28821.55,28837.17,3176
2026-07-21T03:05:00+00:00,28837.17,28841.3,28833.67,28836.3,2605
2026-07-21T03:10:00+00:00,28836.3,28850.67,28835.67,28844.3,2434
2026-07-21T03:15:00+00:00,28844.3,28862.8,28841.05,28859.92,2489
2026-07-21T03:20:00+00:00,28859.92,28863.92,28855.67,28861.05,2559
2026-07-21T03:25:00+00:00,28861.05,28866.67,28854.8,28865.17,2084
2026-07-21T03:30:00+00:00,28865.17,28885.55,28862.17,28884.05,3495
2026-07-21T03:35:00+00:00,28884.05,28908.67,28882.05,28908.42,3432
2026-07-21T03:40:00+00:00,28908.42,28918.42,28902.92,28903.17,3173
2026-07-21T03:45:00+00:00,28903.17,28942.17,28902.67,28937.3,4602
2026-07-21T03:50:00+00:00,28937.3,28946.05,28932.3,28944.17,3448
2026-07-21T03:55:00+00:00,28944.17,28946.92,28925.17,28941.55,2620
2026-07-21T04:00:00+00:00,28941.55,28951.55,28929.67,28931.42,2774
2026-07-21T04:05:00+00:00,28931.42,28958.17,28927.92,28938.42,3093
2026-07-21T04:10:00+00:00,28938.42,28946.17,28935.17,28936.42,2367
2026-07-21T04:15:00+00:00,28936.42,28941.3,28929.55,28929.8,2429
2026-07-21T04:20:00+00:00,28929.8,28946.42,28925.05,28932.3,2937
2026-07-21T04:25:00+00:00,28932.3,28943.8,28930.92,28934.67,2423
2026-07-21T04:30:00+00:00,28934.67,28936.92,28927.67,28929.8,2510
2026-07-21T04:35:00+00:00,28929.8,28944.8,28928.92,28940.17,2705
2026-07-21T04:40:00+00:00,28940.17,28942.55,28928.05,28933.8,2125
2026-07-21T04:45:00+00:00,28933.8,28945.67,28927.92,28942.17,1908
2026-07-21T04:50:00+00:00,28942.17,28942.67,28921.17,28923.55,2407
2026-07-21T04:55:00+00:00,28923.55,28932.42,28918.3,28924.8,3028
2026-07-21T05:00:00+00:00,28924.8,28930.3,28921.92,28925.92,3991
2026-07-21T05:05:00+00:00,28925.92,28927.55,28917.8,28921.17,2992
2026-07-21T05:10:00+00:00,28921.17,28921.17,28903.3,28904.67,2998
2026-07-21T05:15:00+00:00,28904.67,28905.92,28886.42,28888.17,3956
2026-07-21T05:20:00+00:00,28888.17,28918.42,28887.3,28912.67,4411
2026-07-21T05:25:00+00:00,28912.67,28939.92,28909.8,28935.67,3718
2026-07-21T05:30:00+00:00,28935.67,28940.05,28908.92,28927.67,3126
2026-07-21T05:35:00+00:00,28927.67,28941.17,28924.3,28930.17,3424
2026-07-21T05:40:00+00:00,28930.17,28962.55,28930.17,28956.55,4114
2026-07-21T05:45:00+00:00,28956.55,28960.8,28940.42,28954.67,3519
2026-07-21T05:50:00+00:00,28954.67,28970.05,28954.55,28966.3,3338
2026-07-21T05:55:00+00:00,28966.3,28973.8,28962.67,28967.92,3417
2026-07-21T06:00:00+00:00,28967.92,28988.42,28965.3,28988.42,4553
2026-07-21T06:05:00+00:00,28988.42,28994.3,28977.05,28985.05,3386
2026-07-21T06:10:00+00:00,28985.05,29007.67,28978.8,29001.92,3378
2026-07-21T06:15:00+00:00,29001.92,29010.67,28995.3,28997.92,3628
2026-07-21T06:20:00+00:00,28997.92,28998.55,28977.62,28986.05,3202
2026-07-21T06:25:00+00:00,28986.05,28996.05,28979.42,28979.67,3493
2026-07-21T06:30:00+00:00,28979.67,29003.67,28979.67,29003.17,5357
2026-07-21T06:35:00+00:00,29003.17,29022.3,28997.42,29006.8,3674
2026-07-21T06:40:00+00:00,29006.8,29023.8,29005.3,29023.42,2333
2026-07-21T06:45:00+00:00,29023.42,29024.42,29000.17,29018.3,2646
2026-07-21T06:50:00+00:00,29018.3,29019.55,29006.3,29010.55,2290
2026-07-21T06:55:00+00:00,29010.55,29017.8,29008.67,29016.05,2907
2026-07-21T07:00:00+00:00,29016.05,29029.42,29009.8,29017.55,6029
2026-07-21T07:05:00+00:00,29017.55,29024.3,29004.55,29006.42,3513
2026-07-21T07:10:00+00:00,29006.42,29015.05,28987.17,29000.67,4407
2026-07-21T07:15:00+00:00,29000.67,29000.67,28983.55,28994.92,4312
2026-07-21T07:20:00+00:00,28994.92,28994.92,28969.8,28974.42,4084
2026-07-21T07:25:00+00:00,28974.42,28981.55,28961.92,28973.17,4840
2026-07-21T07:30:00+00:00,28973.17,28989.05,28957.42,28988.8,4105
2026-07-21T07:35:00+00:00,28988.8,28996.05,28983.8,28988.8,3454
2026-07-21T07:40:00+00:00,28988.8,28991.92,28978.05,28981.3,3354
2026-07-21T07:45:00+00:00,28981.3,28984.42,28961.8,28966.55,2880
2026-07-21T07:50:00+00:00,28966.55,28980.55,28961.55,28977.67,3484
2026-07-21T07:55:00+00:00,28977.67,28989.8,28973.8,28987.67,3423
2026-07-21T08:00:00+00:00,28987.67,29003.55,28973.87,29001.55,5502
2026-07-21T08:05:00+00:00,29001.55,29009.55,28996.05,29005.05,4758
2026-07-21T08:10:00+00:00,29005.05,29022.92,28991.92,29021.3,3941
2026-07-21T08:15:00+00:00,29021.3,29025.3,29010.3,29016.17,3168
2026-07-21T08:20:00+00:00,29016.17,29032.67,29010.8,29030.55,3355
2026-07-21T08:25:00+00:00,29030.55,29037.55,29022.8,29037.55,3260
2026-07-21T08:30:00+00:00,29037.55,29044.42,29029.92,29030.92,3465
2026-07-21T08:35:00+00:00,29030.92,29042.55,29027.17,29030.8,2510
2026-07-21T08:40:00+00:00,29030.8,29045.55,29025.8,29036.3,2621
2026-07-21T08:45:00+00:00,29036.3,29038.3,29019.55,29030.17,2766
2026-07-21T08:50:00+00:00,29030.17,29035.17,29024.42,29029.67,2593
2026-07-21T08:55:00+00:00,29029.67,29044.05,29026.3,29036.8,2056
2026-07-21T09:00:00+00:00,29036.8,29050.55,29032.17,29040.3,2873
2026-07-21T09:05:00+00:00,29040.3,29048.8,29036.42,29045.3,3185
2026-07-21T09:10:00+00:00,29045.3,29048.8,29037.17,29040.92,2395
2026-07-21T09:15:00+00:00,29040.92,29064.92,29040.8,29057.55,3119
2026-07-21T09:20:00+00:00,29057.55,29064.92,29047.8,29051.3,2790
2026-07-21T09:25:00+00:00,29051.3,29056.92,29034.3,29036.05,2839
2026-07-21T09:30:00+00:00,29036.05,29048.8,29025.3,29040.8,3228
2026-07-21T09:35:00+00:00,29040.8,29042.17,29020.8,29031.8,2494
2026-07-21T09:40:00+00:00,29031.8,29039.92,29024.67,29034.55,2107
2026-07-21T09:45:00+00:00,29034.55,29054.3,29031.67,29051.3,2431
2026-07-21T09:50:00+00:00,29051.3,29051.3,29040.3,29046.67,2201
2026-07-21T09:55:00+00:00,29046.67,29046.8,29022.8,29023.92,2503
2026-07-21T10:00:00+00:00,29023.92,29052.17,29023.92,29031.8,3966
2026-07-21T10:05:00+00:00,29031.8,29035.05,29025.17,29027.3,2344
2026-07-21T10:10:00+00:00,29027.3,29067.42,29025.05,29040.8,5884
2026-07-21T10:15:00+00:00,29040.8,29049.05,29037.67,29044.05,3731
2026-07-21T10:20:00+00:00,29044.05,29056.3,29042.55,29049.42,2980
2026-07-21T10:25:00+00:00,29049.42,29050.8,29035.17,29043.67,2837
2026-07-21T10:30:00+00:00,29043.67,29055.67,29039.8,29051.42,2349
2026-07-21T10:35:00+00:00,29051.42,29072.17,29045.3,29047.55,3404
2026-07-21T10:40:00+00:00,29047.55,29048.42,29034.55,29041.17,3064
2026-07-21T10:45:00+00:00,29041.17,29053.67,29025.8,29050.55,2855
2026-07-21T10:50:00+00:00,29050.55,29051.05,29034.8,29034.8,2711
2026-07-21T10:55:00+00:00,29034.8,29046.05,29032.42,29036.3,2029
2026-07-21T11:00:00+00:00,29036.3,29053.05,29011.3,29011.92,4711
2026-07-21T11:05:00+00:00,29011.92,29016.05,29003.92,29006.05,3954
2026-07-21T11:10:00+00:00,29006.05,29031.8,29003.05,29027.42,3580
2026-07-21T11:15:00+00:00,29027.42,29028.67,28997.92,29002.3,2984
2026-07-21T11:20:00+00:00,29002.3,29010.67,28990.8,29010.55,3117
2026-07-21T11:25:00+00:00,29010.55,29012.05,28990.55,28997.67,3287
2026-07-21T11:30:00+00:00,28997.67,29013.17,28996.05,29011.3,3460
2026-07-21T11:35:00+00:00,29011.3,29041.55,29009.67,29026.92,3915
2026-07-21T11:40:00+00:00,29026.92,29039.55,29024.67,29035.67,3982
2026-07-21T11:45:00+00:00,29035.67,29050.17,29032.67,29048.3,3028
2026-07-21T11:50:00+00:00,29048.3,29051.55,29022.55,29025.55,3024
2026-07-21T11:55:00+00:00,29025.55,29028.92,29014.55,29022.42,3232
2026-07-21T12:00:00+00:00,29022.42,29042.3,29015.55,29033.05,4452
2026-07-21T12:05:00+00:00,29033.05,29059.17,29027.67,29052.67,4544
2026-07-21T12:10:00+00:00,29052.67,29063.92,29045.87,29047.17,4493
2026-07-21T12:15:00+00:00,29047.17,29047.8,29007.87,29020.42,6686
2026-07-21T12:20:00+00:00,29020.42,29024.55,29004.3,29022.05,5402
2026-07-21T12:25:00+00:00,29022.05,29022.17,29003.05,29003.05,4766
2026-07-21T12:30:00+00:00,29003.05,29011.55,28996.92,29002.92,4900
2026-07-21T12:35:00+00:00,29002.92,29005.17,28988.05,29003.92,5201
2026-07-21T12:40:00+00:00,29003.92,29012.05,28981.55,29004.05,7765
2026-07-21T12:45:00+00:00,29004.05,29046.8,29003.92,29038.55,7645
2026-07-21T12:50:00+00:00,29038.55,29056.55,29034.92,29046.3,6138
2026-07-21T12:55:00+00:00,29046.3,29049.92,29040.42,29042.42,5344
2026-07-21T13:00:00+00:00,29042.42,29052.67,29033.05,29033.05,6359
2026-07-21T13:05:00+00:00,29033.05,29041.42,29026.3,29030.92,4743
2026-07-21T13:10:00+00:00,29030.92,29036.67,29026.3,29032.05,4528
2026-07-21T13:15:00+00:00,29032.05,29040.55,29026.3,29038.67,5795
2026-07-21T13:20:00+00:00,29038.67,29050.3,29037.05,29047.67,4613
2026-07-21T13:25:00+00:00,29047.67,29091.55,29047.67,29091.3,8055
2026-07-21T13:30:00+00:00,29091.3,29114.45,29003.7,29016.82,55671
2026-07-21T13:35:00+00:00,29016.82,29093.32,29008.82,29060.45,46904
2026-07-21T13:40:00+00:00,29060.45,29062.32,28999.82,29013.82,40847
2026-07-21T13:45:00+00:00,29013.82,29021.95,28965.95,29011.82,50397
2026-07-21T13:50:00+00:00,29011.82,29046.57,28988.57,29010.95,47035
2026-07-21T13:55:00+00:00,29010.95,29032.45,28962.7,29021.45,41144
2026-07-21T14:00:00+00:00,29021.45,29057.7,28958.95,28983.45,42611
2026-07-21T14:05:00+00:00,28983.45,29006.82,28944.32,28949.7,36102
2026-07-21T14:10:00+00:00,28949.7,29007.2,28934.95,28999.95,32906
2026-07-21T14:15:00+00:00,28999.95,29031.7,28937.32,29027.32,37229
2026-07-21T14:20:00+00:00,29027.32,29040.7,28982.82,29017.82,30804
2026-07-21T14:25:00+00:00,29017.82,29087.45,29012.95,29076.57,26809
2026-07-21T14:30:00+00:00,29076.57,29099.2,29073.07,29087.95,20946
2026-07-21T14:35:00+00:00,29087.95,29104.82,29056.57,29074.07,19343
2026-07-21T14:40:00+00:00,29074.07,29094.57,29033.32,29093.95,21673
2026-07-21T14:45:00+00:00,29093.95,29124.7,29082.07,29097.57,22986
2026-07-21T14:50:00+00:00,29097.57,29105.95,29080.57,29100.07,19225
2026-07-21T14:55:00+00:00,29100.07,29110.95,29082.2,29107.45,19774
2026-07-21T15:00:00+00:00,29107.45,29114.07,29062.7,29069.32,20761
2026-07-21T15:05:00+00:00,29069.32,29150.2,29051.7,29143.7,18255
2026-07-21T15:10:00+00:00,29143.7,29166.95,29140.45,29160.82,14275
2026-07-21T15:15:00+00:00,29160.82,29167.45,29150.45,29153.7,13103
2026-07-21T15:20:00+00:00,29153.7,29177.7,29142.45,29170.45,11160
2026-07-21T15:25:00+00:00,29170.45,29189.32,29167.07,29177.2,8173
2026-07-21T15:30:00+00:00,29177.2,29177.95,29138.57,29165.95,9758
2026-07-21T15:35:00+00:00,29165.95,29175.7,29145.45,29146.2,7810
2026-07-21T15:40:00+00:00,29146.2,29152.82,29128.2,29130.82,8302
2026-07-21T15:45:00+00:00,29130.82,29161.45,29128.45,29158.7,11237
2026-07-21T15:50:00+00:00,29158.7,29169.82,29143.7,29144.7,9791
2026-07-21T15:55:00+00:00,29144.7,29152.7,29127.57,29129.45,10282
2026-07-21T16:00:00+00:00,29129.45,29173.32,29124.45,29172.7,11119
2026-07-21T16:05:00+00:00,29172.7,29192.57,29168.57,29178.32,9375
2026-07-21T16:10:00+00:00,29178.32,29183.45,29166.32,29172.07,8504
2026-07-21T16:15:00+00:00,29172.07,29189.2,29170.82,29184.95,8673
2026-07-21T16:20:00+00:00,29184.95,29206.82,29182.7,29195.7,7791
2026-07-21T16:25:00+00:00,29195.7,29199.82,29174.95,29181.95,8273
2026-07-21T16:30:00+00:00,29181.95,29192.2,29173.32,29183.95,7871
2026-07-21T16:35:00+00:00,29183.95,29201.2,29178.82,29200.32,6353
2026-07-21T16:40:00+00:00,29200.32,29204.57,29182.95,29188.45,5873
2026-07-21T16:45:00+00:00,29188.45,29197.32,29181.45,29193.7,6352
2026-07-21T16:50:00+00:00,29193.7,29217.07,29192.07,29217.07,6255
2026-07-21T16:55:00+00:00,29217.07,29221.07,29201.07,29201.45,5949
2026-07-21T17:00:00+00:00,29201.45,29219.95,29200.95,29218.57,6810
2026-07-21T17:05:00+00:00,29218.57,29225.07,29213.95,29216.57,6119
2026-07-21T17:10:00+00:00,29216.57,29219.82,29202.95,29205.07,7734
2026-07-21T17:15:00+00:00,29205.07,29214.45,29198.57,29200.45,7255
2026-07-21T17:20:00+00:00,29200.45,29209.32,29195.45,29198.95,7130
2026-07-21T17:25:00+00:00,29198.95,29205.57,29193.07,29202.82,6745
2026-07-21T17:30:00+00:00,29202.82,29221.07,29197.7,29206.95,7762
2026-07-21T17:35:00+00:00,29206.95,29220.32,29202.57,29216.7,6785
2026-07-21T17:40:00+00:00,29216.7,29217.45,29204.32,29211.07,5721
2026-07-21T17:45:00+00:00,29211.07,29226.95,29203.32,29226.82,5527
2026-07-21T17:50:00+00:00,29226.82,29232.32,29212.95,29214.32,5944
2026-07-21T17:55:00+00:00,29214.32,29217.57,29203.2,29211.45,5838
2026-07-21T18:00:00+00:00,29211.45,29224.45,29208.57,29213.2,7697
2026-07-21T18:05:00+00:00,29213.2,29231.07,29211.95,29220.45,6182
2026-07-21T18:10:00+00:00,29220.45,29222.07,29207.45,29207.57,5935
2026-07-21T18:15:00+00:00,29207.57,29212.57,29204.32,29208.82,5269
2026-07-21T18:20:00+00:00,29208.82,29214.32,29200.57,29210.2,5708
2026-07-21T18:25:00+00:00,29210.2,29210.2,29189.2,29195.07,5866
2026-07-21T18:30:00+00:00,29195.07,29198.82,29180.82,29186.2,6558
2026-07-21T18:35:00+00:00,29186.2,29205.32,29186.2,29196.82,5875
2026-07-21T18:40:00+00:00,29196.82,29218.57,29189.32,29217.32,6297
2026-07-21T18:45:00+00:00,29217.32,29225.32,29204.2,29209.57,5928
2026-07-21T18:50:00+00:00,29209.57,29212.32,29193.32,29193.32,5431
2026-07-21T18:55:00+00:00,29193.32,29202.32,29186.7,29197.82,5477
2026-07-21T19:00:00+00:00,29197.82,29205.07,29181.45,29188.57,7744
2026-07-21T19:05:00+00:00,29188.57,29196.95,29175.57,29180.32,7740
2026-07-21T19:10:00+00:00,29180.32,29188.7,29174.95,29179.95,6841
2026-07-21T19:15:00+00:00,29179.95,29190.07,29174.95,29186.7,6845
2026-07-21T19:20:00+00:00,29186.7,29189.32,29176.82,29179.95,5739
2026-07-21T19:25:00+00:00,29179.95,29182.32,29160.82,29163.45,8160
2026-07-21T19:30:00+00:00,29163.45,29180.82,29161.45,29175.95,9909
2026-07-21T19:35:00+00:00,29175.95,29200.82,29174.57,29194.95,7727
2026-07-21T19:40:00+00:00,29194.95,29210.07,29190.57,29207.32,7107
2026-07-21T19:45:00+00:00,29207.32,29210.57,29195.95,29209.82,7333
2026-07-21T19:50:00+00:00,29209.82,29219.07,29185.95,29207.45,12500
2026-07-21T19:55:00+00:00,29207.45,29216.32,29171.32,29182.2,15532
2026-07-21T20:00:00+00:00,29182.2,29185.55,29157.05,29159.8,8394
2026-07-21T20:05:00+00:00,29159.8,29174.8,29158.8,29173.17,4177
2026-07-21T20:10:00+00:00,29173.17,29178.17,29162.3,29175.92,2920
2026-07-21T20:15:00+00:00,29175.92,29175.92,29153.3,29159.55,2656
2026-07-21T20:20:00+00:00,29159.55,29161.92,29156.42,29158.92,1530
2026-07-21T20:25:00+00:00,29158.92,29163.17,29156.92,29162.3,1615
2026-07-21T20:30:00+00:00,29162.3,29170.8,29162.3,29169.05,1395
2026-07-21T20:35:00+00:00,29169.05,29171.67,29165.05,29169.05,1404
2026-07-21T20:40:00+00:00,29169.05,29169.55,29159.55,29162.3,1458
2026-07-21T20:45:00+00:00,29162.3,29163.92,29148.8,29152.17,1795
2026-07-21T20:50:00+00:00,29152.17,29158.55,29151.05,29153.67,1255
2026-07-21T20:55:00+00:00,29153.67,29160.3,29149.05,29159.12,1147
2026-07-21T22:00:00+00:00,29159.12,29178.23,29153.85,29160.23,2980
2026-07-21T22:05:00+00:00,29160.23,29164.1,29148.48,29156.35,2237
2026-07-21T22:10:00+00:00,29156.35,29165.73,29150.85,29165.48,2197
2026-07-21T22:15:00+00:00,29165.48,29169.6,29162.1,29166.6,2123
2026-07-21T22:20:00+00:00,29166.6,29169.73,29141.48,29141.85,1491
2026-07-21T22:25:00+00:00,29141.85,29147.8,29133.55,29138.35,1645
2026-07-21T22:30:00+00:00,29138.35,29148.1,29125.85,29145.35,1820
2026-07-21T22:35:00+00:00,29145.35,29149.1,29139.73,29142.73,1488
2026-07-21T22:40:00+00:00,29142.73,29148.23,29136.6,29137.73,1088
2026-07-21T22:45:00+00:00,29137.73,29137.73,29120.98,29126.73,2154
2026-07-21T22:50:00+00:00,29126.73,29132.1,29124.35,29131.98,1783
2026-07-21T22:55:00+00:00,29131.98,29143.35,29126.35,29141.98,1793
2026-07-21T23:00:00+00:00,29141.98,29142.23,29129.6,29139.1,1917
2026-07-21T23:05:00+00:00,29139.1,29139.48,29131.23,29138.6,1297
2026-07-21T23:10:00+00:00,29138.6,29152.35,29135.85,29150.1,1367
2026-07-21T23:15:00+00:00,29150.1,29171.35,29140.6,29168.85,1994
2026-07-21T23:20:00+00:00,29168.85,29168.85,29152.1,29155.48,1717
2026-07-21T23:25:00+00:00,29155.48,29166.35,29153.1,29163.98,1446
2026-07-21T23:30:00+00:00,29163.98,29171.85,29159.73,29163.98,1559
2026-07-21T23:35:00+00:00,29163.98,29163.98,29151.23,29153.85,1517
2026-07-21T23:40:00+00:00,29153.85,29157.1,29141.6,29147.85,1996
2026-07-21T23:45:00+00:00,29147.85,29161.85,29144.85,29160.6,4584
2026-07-21T23:50:00+00:00,29160.6,29169.23,29138.35,29147.85,3771
2026-07-21T23:55:00+00:00,29147.85,29170.85,29146.85,29165.85,3607
2026-07-22T00:00:00+00:00,29165.85,29192.1,29154.6,29191.23,10822
2026-07-22T00:05:00+00:00,29191.23,29203.23,29180.85,29195.85,7756
2026-07-22T00:10:00+00:00,29195.85,29204.23,29176.85,29196.35,6870
2026-07-22T00:15:00+00:00,29196.35,29197.85,29173.85,29191.85,7116
2026-07-22T00:20:00+00:00,29191.85,29195.23,29169.1,29177.1,6588
2026-07-22T00:25:00+00:00,29177.1,29184.23,29158.85,29167.48,7913
2026-07-22T00:30:00+00:00,29167.48,29172.98,29140.35,29153.73,7888
2026-07-22T00:35:00+00:00,29153.73,29161.1,29141.85,29158.6,7196
2026-07-22T00:40:00+00:00,29158.6,29165.23,29147.98,29152.23,4841
2026-07-22T00:45:00+00:00,29152.23,29154.6,29127.85,29148.73,6068
2026-07-22T00:50:00+00:00,29148.73,29151.1,29132.73,29135.6,5579
2026-07-22T00:55:00+00:00,29135.6,29160.35,29127.48,29156.48,5753
2026-07-22T01:00:00+00:00,29156.48,29161.98,29102.48,29110.1,8698
2026-07-22T01:05:00+00:00,29110.1,29118.35,29102.98,29110.73,4644
2026-07-22T01:10:00+00:00,29110.73,29128.6,29105.85,29124.35,3658
2026-07-22T01:15:00+00:00,29124.35,29138.98,29123.98,29132.23,4143
2026-07-22T01:20:00+00:00,29132.23,29133.6,29107.6,29109.35,4924
2026-07-22T01:25:00+00:00,29109.35,29130.85,29108.6,29114.23,4744
2026-07-22T01:30:00+00:00,29114.23,29117.35,29100.48,29111.85,7198
2026-07-22T01:35:00+00:00,29111.85,29124.1,29107.98,29120.6,4887
2026-07-22T01:40:00+00:00,29120.6,29128.98,29108.6,29122.73,5883
2026-07-22T01:45:00+00:00,29122.73,29155.6,29118.73,29155.6,4270
2026-07-22T01:50:00+00:00,29155.6,29172.98,29150.48,29168.98,4644
2026-07-22T01:55:00+00:00,29168.98,29170.35,29143.6,29144.6,3470
2026-07-22T02:00:00+00:00,29144.6,29152.1,29115.35,29130.73,5340
2026-07-22T02:05:00+00:00,29130.73,29137.1,29106.98,29114.1,4527
2026-07-22T02:10:00+00:00,29114.1,29131.85,29111.48,29129.6,4398
2026-07-22T02:15:00+00:00,29129.6,29135.98,29123.6,29127.1,5281
2026-07-22T02:20:00+00:00,29127.1,29134.35,29121.73,29131.23,4663
2026-07-22T02:25:00+00:00,29131.23,29151.98,29118.73,29144.1,4346
2026-07-22T02:30:00+00:00,29144.1,29145.1,29119.23,29122.48,5759
2026-07-22T02:35:00+00:00,29122.48,29125.23,29111.48,29111.73,4981
2026-07-22T02:40:00+00:00,29111.73,29132.73,29111.48,29120.98,4102
2026-07-22T02:45:00+00:00,29120.98,29131.85,29114.23,29129.1,3975
2026-07-22T02:50:00+00:00,29129.1,29129.48,29113.35,29120.73,3964
2026-07-22T02:55:00+00:00,29120.73,29122.35,29097.23,29107.23,4217
2026-07-22T03:00:00+00:00,29107.23,29108.85,29095.6,29102.73,4728
2026-07-22T03:05:00+00:00,29102.73,29111.98,29083.23,29084.35,4538
2026-07-22T03:10:00+00:00,29084.35,29087.85,29078.35,29081.98,2997
2026-07-22T03:15:00+00:00,29081.98,29095.48,29080.73,29084.6,4592
2026-07-22T03:20:00+00:00,29084.6,29118.73,29084.48,29116.98,4103
2026-07-22T03:25:00+00:00,29116.98,29129.73,29114.98,29129.6,3745
2026-07-22T03:30:00+00:00,29129.6,29134.85,29087.98,29094.1,5127
2026-07-22T03:35:00+00:00,29094.1,29100.35,29087.35,29095.98,4653
2026-07-22T03:40:00+00:00,29095.98,29103.35,29085.6,29091.1,4421
2026-07-22T03:45:00+00:00,29091.1,29109.48,29091.1,29102.85,2843
2026-07-22T03:50:00+00:00,29102.85,29102.85,29059.73,29065.6,5318
2026-07-22T03:55:00+00:00,29065.6,29075.23,29058.35,29067.35,4051
2026-07-22T04:00:00+00:00,29067.35,29081.35,29056.1,29081.35,4663
2026-07-22T04:05:00+00:00,29081.35,29091.98,29075.6,29087.48,3474
2026-07-22T04:10:00+00:00,29087.48,29091.98,29077.35,29081.85,3465
2026-07-22T04:15:00+00:00,29081.85,29095.23,29080.73,29091.1,3435
2026-07-22T04:20:00+00:00,29091.1,29103.6,29088.1,29099.6,2909
2026-07-22T04:25:00+00:00,29099.6,29106.35,29091.73,29101.35,2551
2026-07-22T04:30:00+00:00,29101.35,29101.35,29083.1,29085.85,3947
2026-07-22T04:35:00+00:00,29085.85,29089.23,29079.35,29080.48,2771
2026-07-22T04:40:00+00:00,29080.48,29091.35,29077.1,29085.23,3701
2026-07-22T04:45:00+00:00,29085.23,29087.35,29073.73,29076.6,3976
2026-07-22T04:50:00+00:00,29076.6,29078.98,29070.98,29070.98,2520
2026-07-22T04:55:00+00:00,29070.98,29089.73,29061.73,29089.35,4416
2026-07-22T05:00:00+00:00,29089.35,29092.98,29068.1,29069.48,4720
2026-07-22T05:05:00+00:00,29069.48,29072.73,29052.73,29053.23,4809
2026-07-22T05:10:00+00:00,29053.23,29062.1,29047.98,29054.98,5831
2026-07-22T05:15:00+00:00,29054.98,29063.73,29045.23,29055.35,6958
2026-07-22T05:20:00+00:00,29055.35,29055.35,29034.23,29038.23,5247
2026-07-22T05:25:00+00:00,29038.23,29054.1,29033.73,29033.73,6267
2026-07-22T05:30:00+00:00,29033.73,29051.73,29030.35,29049.98,7299
2026-07-22T05:35:00+00:00,29049.98,29050.35,29022.85,29035.6,6433
2026-07-22T05:40:00+00:00,29035.6,29038.6,29013.85,29015.48,5066
2026-07-22T05:45:00+00:00,29015.48,29024.35,29008.73,29021.98,5159
2026-07-22T05:50:00+00:00,29021.98,29045.35,29020.6,29024.73,4869
2026-07-22T05:55:00+00:00,29024.73,29041.1,29022.98,29040.73,4189
2026-07-22T06:00:00+00:00,29040.73,29040.98,29017.85,29019.48,5823
2026-07-22T06:05:00+00:00,29019.48,29020.1,28995.6,28997.48,5821
2026-07-22T06:10:00+00:00,28997.48,29010.98,28994.35,29000.98,4795
2026-07-22T06:15:00+00:00,29000.98,29000.98,28963.35,28965.98,4566
2026-07-22T06:20:00+00:00,28965.98,28967.23,28928.1,28949.6,5348
2026-07-22T06:25:00+00:00,28949.6,28955.35,28936.73,28947.35,4559
2026-07-22T06:30:00+00:00,28947.35,28962.48,28936.23,28962.48,4595
2026-07-22T06:35:00+00:00,28962.48,28982.73,28961.85,28978.6,3451
2026-07-22T06:40:00+00:00,28978.6,28982.48,28969.98,28969.98,3463
2026-07-22T06:45:00+00:00,28969.98,28970.23,28936.35,28937.48,4018
2026-07-22T06:50:00+00:00,28937.48,28970.48,28930.98,28961.1,3529
2026-07-22T06:55:00+00:00,28961.1,28966.85,28951.35,28960.1,3807
2026-07-22T07:00:00+00:00,28960.1,28969.98,28941.85,28951.6,8533
2026-07-22T07:05:00+00:00,28951.6,28952.85,28918.98,28934.35,5306
2026-07-22T07:10:00+00:00,28934.35,28966.73,28933.48,28965.35,4738
2026-07-22T07:15:00+00:00,28965.35,28982.23,28958.73,28974.1,4509
2026-07-22T07:20:00+00:00,28974.1,28982.35,28956.35,28960.1,4048
2026-07-22T07:25:00+00:00,28960.1,28991.73,28952.35,28986.6,4266
2026-07-22T07:30:00+00:00,28986.6,28991.1,28939.35,28939.35,6256
2026-07-22T07:35:00+00:00,28939.35,28943.85,28916.48,28916.48,5923
2026-07-22T07:40:00+00:00,28916.48,28932.73,28894.48,28932.73,5473
2026-07-22T07:45:00+00:00,28932.73,28943.73,28912.73,28915.35,5688
2026-07-22T07:50:00+00:00,28915.35,28935.1,28908.48,28929.48,5071
2026-07-22T07:55:00+00:00,28929.48,28936.1,28917.85,28924.48,4718
2026-07-22T08:00:00+00:00,28924.48,28954.48,28908.73,28951.98,8948
2026-07-22T08:05:00+00:00,28951.98,28974.6,28936.1,28962.23,6158
2026-07-22T08:10:00+00:00,28962.23,28964.85,28931.85,28935.35,5683
2026-07-22T08:15:00+00:00,28935.35,28949.3,28930.35,28940.23,6102
2026-07-22T08:20:00+00:00,28940.23,28971.73,28937.23,28967.98,5612
2026-07-22T08:25:00+00:00,28967.98,28972.23,28955.35,28969.6,6256
2026-07-22T08:30:00+00:00,28969.6,28983.98,28965.05,28979.35,5344
2026-07-22T08:35:00+00:00,28979.35,28980.35,28954.73,28956.23,4076
2026-07-22T08:40:00+00:00,28956.23,28967.35,28948.48,28954.1,4394
2026-07-22T08:45:00+00:00,28954.1,28975.1,28953.85,28963.1,4251
2026-07-22T08:50:00+00:00,28963.1,28975.85,28954.6,28972.98,4353
2026-07-22T08:55:00+00:00,28972.98,28985.35,28962.48,28978.1,4385
2026-07-22T09:00:00+00:00,28978.1,29005.73,28975.1,28999.73,4926
2026-07-22T09:05:00+00:00,28999.73,29017.35,28992.35,29005.23,4062
2026-07-22T09:10:00+00:00,29005.23,29012.98,28994.6,28999.35,3889
2026-07-22T09:15:00+00:00,28999.35,29004.23,28996.35,29002.73,3900
2026-07-22T09:20:00+00:00,29002.73,29014.35,28998.35,29006.48,4321
2026-07-22T09:25:00+00:00,29006.48,29010.48,28992.73,28993.35,3548
2026-07-22T09:30:00+00:00,28993.35,28993.98,28964.73,28966.23,4055
2026-07-22T09:35:00+00:00,28966.23,28981.98,28965.48,28978.23,4376
2026-07-22T09:40:00+00:00,28978.23,28986.98,28970.23,28983.98,4560
2026-07-22T09:45:00+00:00,28983.98,28991.35,28979.98,28983.1,3546
2026-07-22T09:50:00+00:00,28983.1,28983.73,28957.6,28966.1,4295
2026-07-22T09:55:00+00:00,28966.1,28995.73,28964.35,28995.48,4043
2026-07-22T10:00:00+00:00,28995.48,29026.35,28995.1,29011.23,4068
2026-07-22T10:05:00+00:00,29011.23,29013.85,28998.73,29000.85,3873
2026-07-22T10:10:00+00:00,29000.85,29009.1,28988.23,28988.48,3790
2026-07-22T10:15:00+00:00,28988.48,29006.35,28981.48,28998.35,3601
2026-07-22T10:20:00+00:00,28998.35,29034.73,28998.23,29029.98,7591
2026-07-22T10:25:00+00:00,29029.98,29033.23,29023.98,29029.35,4205
2026-07-22T10:30:00+00:00,29029.35,29036.73,29012.73,29014.1,5496
2026-07-22T10:35:00+00:00,29014.1,29021.85,29003.98,29007.85,5131
2026-07-22T10:40:00+00:00,29007.85,29011.1,29002.6,29002.98,4446
2026-07-22T10:45:00+00:00,29002.98,29038.35,29001.6,29038.35,3837
2026-07-22T10:50:00+00:00,29038.35,29040.98,29024.35,29025.98,3119
2026-07-22T10:55:00+00:00,29025.98,29030.1,29019.73,29022.48,3433
2026-07-22T11:00:00+00:00,29022.48,29032.48,29003.48,29003.48,6724
2026-07-22T11:05:00+00:00,29003.48,29014.23,28998.73,29003.6,5289
2026-07-22T11:10:00+00:00,29003.6,29005.73,28990.35,28991.98,4217
2026-07-22T11:15:00+00:00,28991.98,28991.98,28979.6,28981.35,3456
2026-07-22T11:20:00+00:00,28981.35,29003.23,28981.35,28988.23,4911
2026-07-22T11:25:00+00:00,28988.23,28988.85,28967.1,28970.23,4407
2026-07-22T11:30:00+00:00,28970.23,28978.48,28963.73,28972.73,3992
2026-07-22T11:35:00+00:00,28972.73,28981.85,28953.73,28956.48,4741
2026-07-22T11:40:00+00:00,28956.48,28956.48,28886.1,28910.73,10342
2026-07-22T11:45:00+00:00,28910.73,28946.98,28903.6,28939.48,6201
2026-07-22T11:50:00+00:00,28939.48,28941.85,28925.73,28933.98,5135
2026-07-22T11:55:00+00:00,28933.98,28936.73,28912.98,28922.48,4935
2026-07-22T12:00:00+00:00,28922.48,28939.23,28896.85,28905.48,6134
2026-07-22T12:05:00+00:00,28905.48,28923.98,28893.98,28902.85,5539
2026-07-22T12:10:00+00:00,28902.85,28917.98,28894.48,28912.35,4802
2026-07-22T12:15:00+00:00,28912.35,28914.98,28888.6,28894.6,5027
2026-07-22T12:20:00+00:00,28894.6,28897.73,28865.35,28865.98,5185
2026-07-22T12:25:00+00:00,28865.98,28895.48,28863.23,28894.35,4815
2026-07-22T12:30:00+00:00,28894.35,28934.23,28894.35,28927.48,8716
2026-07-22T12:35:00+00:00,28927.48,28934.85,28910.85,28932.1,5689
2026-07-22T12:40:00+00:00,28932.1,28935.98,28922.85,28923.98,4903
2026-07-22T12:45:00+00:00,28923.98,28924.6,28879.23,28887.6,8709
2026-07-22T12:50:00+00:00,28887.6,28914.23,28884.35,28914.1,5214
2026-07-22T12:55:00+00:00,28914.1,28914.85,28830.55,28884.98,8051
2026-07-22T13:00:00+00:00,28884.98,28915.23,28884.98,28913.1,7079
2026-07-22T13:05:00+00:00,28913.1,28928.85,28905.73,28927.6,5511
2026-07-22T13:10:00+00:00,28927.6,28930.73,28917.85,28924.73,4771
2026-07-22T13:15:00+00:00,28924.73,28949.35,28922.48,28946.73,5258
2026-07-22T13:20:00+00:00,28946.73,28957.35,28936.98,28957.35,5732
2026-07-22T13:25:00+00:00,28957.35,28966.48,28941.98,28957.85,9159
2026-07-22T13:30:00+00:00,28957.85,29029.75,28957.85,29020.13,47649
2026-07-22T13:35:00+00:00,29020.13,29032.38,28982.5,29023.75,42109
2026-07-22T13:40:00+00:00,29023.75,29053.75,29002,29046.75,35267
2026-07-22T13:45:00+00:00,29046.75,29084.75,29026.38,29040.88,33932
2026-07-22T13:50:00+00:00,29040.88,29106.88,29022.25,29105,31835
2026-07-22T13:55:00+00:00,29105,29144.88,29097.88,29144,25703
2026-07-22T14:00:00+00:00,29144,29151.38,29106.75,29126.63,25987
2026-07-22T14:05:00+00:00,29126.63,29145.13,29090.38,29091.13,25712
2026-07-22T14:10:00+00:00,29091.13,29130.88,29087,29104.13,26342
2026-07-22T14:15:00+00:00,29104.13,29120.5,29064.63,29120,30108
2026-07-22T14:20:00+00:00,29120,29141.63,29068.25,29086.25,32489
2026-07-22T14:25:00+00:00,29086.25,29099.88,29069.88,29087.63,28871
2026-07-22T14:30:00+00:00,29087.63,29127.5,29084.5,29085.75,26893
2026-07-22T14:35:00+00:00,29085.75,29113.63,29075.75,29088.63,23157
2026-07-22T14:40:00+00:00,29088.63,29100.63,29042.88,29054.38,27595
2026-07-22T14:45:00+00:00,29054.38,29098.75,29043.38,29092.63,27847
2026-07-22T14:50:00+00:00,29092.63,29095,29056,29069.13,24012
2026-07-22T14:55:00+00:00,29069.13,29112.5,29051.38,29108.5,19320
2026-07-22T15:00:00+00:00,29108.5,29142.38,29108.5,29137.88,18928
2026-07-22T15:05:00+00:00,29137.88,29170.5,29130.88,29160.63,16359
2026-07-22T15:10:00+00:00,29160.63,29181.5,29157.63,29174.63,14647
2026-07-22T15:15:00+00:00,29174.63,29181.5,29161.13,29177.63,12563
2026-07-22T15:20:00+00:00,29177.63,29195.5,29165.63,29190.88,13746
2026-07-22T15:25:00+00:00,29190.88,29210.13,29188.63,29192.88,12042
2026-07-22T15:30:00+00:00,29192.88,29203.13,29157.13,29159.88,12946
2026-07-22T15:35:00+00:00,29159.88,29178.25,29147.13,29150.5,13735
2026-07-22T15:40:00+00:00,29150.5,29170.5,29143.25,29157.13,13935
2026-07-22T15:45:00+00:00,29157.13,29177.38,29157.13,29175.38,10979
2026-07-22T15:50:00+00:00,29175.38,29200.5,29173,29175.75,10436
2026-07-22T15:55:00+00:00,29175.75,29198.75,29167.5,29198,10390
2026-07-22T16:00:00+00:00,29198,29201.38,29181.13,29188.5,9522
2026-07-22T16:05:00+00:00,29188.5,29201.38,29182.88,29196.63,7785
2026-07-22T16:10:00+00:00,29196.63,29201,29184.5,29197.75,7571
2026-07-22T16:15:00+00:00,29197.75,29203,29186.38,29197.63,8293
2026-07-22T16:20:00+00:00,29197.63,29197.63,29176.25,29183.13,8888
2026-07-22T16:25:00+00:00,29183.13,29184.88,29168.88,29179.38,9034
2026-07-22T16:30:00+00:00,29179.38,29196.38,29176.25,29191.13,7819
2026-07-22T16:35:00+00:00,29191.13,29191.25,29170,29173.5,7633
2026-07-22T16:40:00+00:00,29173.5,29174.63,29152.13,29158.75,8603
2026-07-22T16:45:00+00:00,29158.75,29164.75,29145.38,29156.5,9136
2026-07-22T16:50:00+00:00,29156.5,29164.75,29149,29159.13,8184
2026-07-22T16:55:00+00:00,29159.13,29189.75,29158.13,29178.75,6874
2026-07-22T17:00:00+00:00,29178.75,29194.5,29171.63,29176.38,6840
2026-07-22T17:05:00+00:00,29176.38,29199,29175.75,29194.38,6347
2026-07-22T17:10:00+00:00,29194.38,29196.13,29176,29178.38,6723
2026-07-22T17:15:00+00:00,29178.38,29186.25,29169.75,29178,7870
2026-07-22T17:20:00+00:00,29178,29184.38,29163.63,29181.75,8537
2026-07-22T17:25:00+00:00,29181.75,29186.88,29166.88,29173.63,7168
2026-07-22T17:30:00+00:00,29173.63,29187.88,29150.38,29151.88,7815
2026-07-22T17:35:00+00:00,29151.88,29183.38,29149.13,29182.25,8008
2026-07-22T17:40:00+00:00,29182.25,29182.38,29157.5,29162.13,6439
2026-07-22T17:45:00+00:00,29162.13,29165.88,29149.88,29150.38,6473
2026-07-22T17:50:00+00:00,29150.38,29155.63,29118.75,29118.88,8448
2026-07-22T17:55:00+00:00,29118.88,29129.5,29102.88,29112.38,11746
2026-07-22T18:00:00+00:00,29112.38,29129.63,29101.25,29120.63,11157
2026-07-22T18:05:00+00:00,29120.63,29138.5,29113.88,29114.13,8647
2026-07-22T18:10:00+00:00,29114.13,29121.63,29093.25,29093.25,9153
2026-07-22T18:15:00+00:00,29093.25,29109.13,29090.88,29100.38,8757
2026-07-22T18:20:00+00:00,29100.38,29120.63,29092.88,29098.13,8213
2026-07-22T18:25:00+00:00,29098.13,29116.13,29094,29107.38,7049
2026-07-22T18:30:00+00:00,29107.38,29107.88,29076.38,29082.88,8480
2026-07-22T18:35:00+00:00,29082.88,29107.63,29080.13,29101.25,7356
2026-07-22T18:40:00+00:00,29101.25,29103.63,29092.13,29096.88,6285
2026-07-22T18:45:00+00:00,29096.88,29116.88,29095.25,29100.88,6443
2026-07-22T18:50:00+00:00,29100.88,29122.5,29093.25,29121.75,7290
2026-07-22T18:55:00+00:00,29121.75,29126.63,29111.5,29113.75,6008
2026-07-22T19:00:00+00:00,29113.75,29125.5,29103.13,29117.25,8819
2026-07-22T19:05:00+00:00,29117.25,29121.75,29109,29114.5,7111
2026-07-22T19:10:00+00:00,29114.5,29114.5,29083.63,29092.5,8311
2026-07-22T19:15:00+00:00,29092.5,29114.13,29086,29108.63,8782
2026-07-22T19:20:00+00:00,29108.63,29115.5,29092.63,29105.63,7173
2026-07-22T19:25:00+00:00,29105.63,29127.25,29096.38,29121.25,6957
2026-07-22T19:30:00+00:00,29121.25,29122.13,29093.75,29097.5,10010
2026-07-22T19:35:00+00:00,29097.5,29103.63,29061.13,29067.88,10391
2026-07-22T19:40:00+00:00,29067.88,29091.13,29064,29080.13,9409
2026-07-22T19:45:00+00:00,29080.13,29095.5,29077,29092.25,8494
2026-07-22T19:50:00+00:00,29092.25,29112.88,29067.5,29071.5,12399
2026-07-22T19:55:00+00:00,29071.5,29071.75,29027.13,29027.13,18090
2026-07-22T20:00:00+00:00,29027.13,29100.3,29010.55,29015.8,16959
2026-07-22T20:05:00+00:00,29015.8,29039.35,28987.3,29022.55,11047
2026-07-22T20:10:00+00:00,29022.55,29117.1,29012.05,29115.98,8403
2026-07-22T20:15:00+00:00,29115.98,29126.98,29090.8,29116.05,7257
2026-07-22T20:20:00+00:00,29116.05,29117.98,29082.8,29101.05,3824
2026-07-22T20:25:00+00:00,29101.05,29107.6,29071.98,29085.85,2552
2026-07-22T20:30:00+00:00,29085.85,29092.35,29068.1,29082.73,3085
2026-07-22T20:35:00+00:00,29082.73,29088.1,29051.98,29064.35,3488
2026-07-22T20:40:00+00:00,29064.35,29068.1,29051.3,29051.8,3009
2026-07-22T20:45:00+00:00,29051.8,29066.35,29046.55,29056.73,2583
2026-07-22T20:50:00+00:00,29056.73,29080.35,29056.73,29070.1,2574
2026-07-22T20:55:00+00:00,29070.1,29070.1,29034.3,29034.3,3974
2026-07-22T22:00:00+00:00,29034.3,29034.3,28946.63,28948.63,4412
2026-07-22T22:05:00+00:00,28948.63,28952.81,28931.68,28938.06,2698
2026-07-22T22:10:00+00:00,28938.06,28962.68,28936.43,28955.81,2787
2026-07-22T22:15:00+00:00,28955.81,28964.06,28941.68,28953.93,2381
2026-07-22T22:20:00+00:00,28953.93,28966.18,28949.31,28960.18,2734
2026-07-22T22:25:00+00:00,28960.18,28976.93,28947.63,28952.81,2678
2026-07-22T22:30:00+00:00,28952.81,28958.93,28947.68,28950.31,2518
2026-07-22T22:35:00+00:00,28950.31,28955.68,28916.81,28918.31,2933
2026-07-22T22:40:00+00:00,28918.31,28925.56,28912.31,28916.81,2830
2026-07-22T22:45:00+00:00,28916.81,28935.18,28910.31,28933.31,2398
2026-07-22T22:50:00+00:00,28933.31,28949.93,28927.18,28949.31,2033
2026-07-22T22:55:00+00:00,28949.31,28954.93,28939.68,28942.93,1836
2026-07-22T23:00:00+00:00,28942.93,28951.06,28898.68,28909.43,2767
2026-07-22T23:05:00+00:00,28909.43,28912.68,28903.31,28904.43,2039
2026-07-22T23:10:00+00:00,28904.43,28938.18,28900.93,28934.43,2483
2026-07-22T23:15:00+00:00,28934.43,28936.93,28907.31,28913.43,1854
2026-07-22T23:20:00+00:00,28913.43,28926.93,28913.18,28926.93,1273
2026-07-22T23:25:00+00:00,28926.93,28933.81,28917.43,28928.81,1635
2026-07-22T23:30:00+00:00,28928.81,28947.68,28928.68,28942.43,2195
2026-07-22T23:35:00+00:00,28942.43,28954.06,28941.68,28950.43,1633
2026-07-22T23:40:00+00:00,28950.43,28968.31,28950.43,28967.31,2601
2026-07-22T23:45:00+00:00,28967.31,29011.18,28963.93,28998.68,4764
2026-07-22T23:50:00+00:00,28998.68,29006.06,28990.93,28996.93,2644
2026-07-22T23:55:00+00:00,28996.93,29013.93,28990.31,29013.43,3237
2026-07-23T00:00:00+00:00,29013.43,29033.18,29003.68,29026.81,9626
2026-07-23T00:05:00+00:00,29026.81,29042.68,29026.81,29035.56,6097
2026-07-23T00:10:00+00:00,29035.56,29040.31,29014.43,29038.31,4391
2026-07-23T00:15:00+00:00,29038.31,29081.06,29027.93,29069.93,6113
2026-07-23T00:20:00+00:00,29069.93,29104.18,29069.93,29103.43,6106
2026-07-23T00:25:00+00:00,29103.43,29126.56,29096.56,29097.56,4795
2026-07-23T00:30:00+00:00,29097.56,29112.93,29089.68,29110.43,6935
2026-07-23T00:35:00+00:00,29110.43,29119.68,29102.43,29110.81,4430
2026-07-23T00:40:00+00:00,29110.81,29117.43,29102.18,29105.06,5503
2026-07-23T00:45:00+00:00,29105.06,29116.18,29100.43,29114.81,4696
2026-07-23T00:50:00+00:00,29114.81,29152.31,29103.31,29139.31,4666
2026-07-23T00:55:00+00:00,29139.31,29147.68,29126.31,29126.31,3492
2026-07-23T01:00:00+00:00,29126.31,29140.18,29108.56,29132.93,6875
2026-07-23T01:05:00+00:00,29132.93,29141.18,29121.56,29128.93,4227
2026-07-23T01:10:00+00:00,29128.93,29141.93,29128.93,29139.81,4233
2026-07-23T01:15:00+00:00,29139.81,29143.68,29111.06,29112.93,4890
2026-07-23T01:20:00+00:00,29112.93,29126.31,29102.93,29113.68,5471
2026-07-23T01:25:00+00:00,29113.68,29123.43,29105.68,29110.31,5859
2026-07-23T01:30:00+00:00,29110.31,29118.81,29078.93,29116.18,10212
2026-07-23T01:35:00+00:00,29116.18,29130.43,29079.06,29080.56,7263
2026-07-23T01:40:00+00:00,29080.56,29082.56,29052.18,29052.93,7256
2026-07-23T01:45:00+00:00,29052.93,29069.18,29049.18,29053.93,6214
2026-07-23T01:50:00+00:00,29053.93,29081.93,29046.68,29081.93,7180
2026-07-23T01:55:00+00:00,29081.93,29087.93,29046.93,29047.31,5865
2026-07-23T02:00:00+00:00,29047.31,29065.31,29036.68,29064.43,7618
2026-07-23T02:05:00+00:00,29064.43,29070.81,29047.43,29048.68,5361
2026-07-23T02:10:00+00:00,29048.68,29048.68,29018.81,29019.68,5105
2026-07-23T02:15:00+00:00,29019.68,29025.81,28996.18,29001.18,4816
2026-07-23T02:20:00+00:00,29001.18,29003.81,28976.13,28979.06,4408
2026-07-23T02:25:00+00:00,28979.06,28979.68,28963.31,28974.93,5517
2026-07-23T02:30:00+00:00,28974.93,28995.93,28971.56,28994.43,5581
2026-07-23T02:35:00+00:00,28994.43,28994.56,28942.18,28945.43,4967
2026-07-23T02:40:00+00:00,28945.43,28948.18,28929.93,28939.56,5787
2026-07-23T02:45:00+00:00,28939.56,28963.56,28939.06,28939.56,4210
2026-07-23T02:50:00+00:00,28939.56,28965.56,28933.56,28962.56,4897
2026-07-23T02:55:00+00:00,28962.56,28967.31,28955.06,28962.18,3868
2026-07-23T03:00:00+00:00,28962.18,28967.56,28939.81,28944.43,4476
2026-07-23T03:05:00+00:00,28944.43,28948.93,28914.68,28922.31,4276
2026-07-23T03:10:00+00:00,28922.31,28929.93,28901.31,28923.93,4120
2026-07-23T03:15:00+00:00,28923.93,28930.06,28911.31,28925.93,4617
2026-07-23T03:20:00+00:00,28925.93,28950.18,28920.06,28937.43,5097
2026-07-23T03:25:00+00:00,28937.43,28954.56,28916.38,28954.56,4238
2026-07-23T03:30:00+00:00,28954.56,28984.81,28943.06,28953.18,7905
2026-07-23T03:35:00+00:00,28953.18,28970.18,28947.43,28969.31,6256
2026-07-23T03:40:00+00:00,28969.31,28987.31,28965.18,28987.31,5459
2026-07-23T03:45:00+00:00,28987.31,28994.43,28974.06,28991.18,4067
2026-07-23T03:50:00+00:00,28991.18,28998.81,28983.31,28995.56,3418
2026-07-23T03:55:00+00:00,28995.56,28996.93,28981.68,28982.31,4259
2026-07-23T04:00:00+00:00,28982.31,28985.06,28961.18,28964.31,3667
2026-07-23T04:05:00+00:00,28964.31,28971.81,28938.68,28957.81,4411
2026-07-23T04:10:00+00:00,28957.81,29005.81,28955.81,29005.81,4443
2026-07-23T04:15:00+00:00,29005.81,29010.31,28983.06,28983.93,3973
2026-07-23T04:20:00+00:00,28983.93,29012.43,28983.93,29011.68,4337
2026-07-23T04:25:00+00:00,29011.68,29032.81,28996.93,29021.56,4742
2026-07-23T04:30:00+00:00,29021.56,29035.81,29015.56,29034.56,5310
2026-07-23T04:35:00+00:00,29034.56,29036.06,29015.06,29032.18,4501
2026-07-23T04:40:00+00:00,29032.18,29033.93,29008.81,29012.06,3798
2026-07-23T04:45:00+00:00,29012.06,29027.56,29000.06,29000.06,4107
2026-07-23T04:50:00+00:00,29000.06,29000.06,28983.68,28989.93,4284
2026-07-23T04:55:00+00:00,28989.93,28999.31,28983.18,28995.06,4400
2026-07-23T05:00:00+00:00,28995.06,28999.06,28977.56,28982.31,5537
2026-07-23T05:05:00+00:00,28982.31,28991.06,28977.68,28984.68,5692
2026-07-23T05:10:00+00:00,28984.68,28989.06,28971.31,28988.06,5311
2026-07-23T05:15:00+00:00,28988.06,28989.06,28973.31,28981.81,4274
2026-07-23T05:20:00+00:00,28981.81,29002.81,28969.93,28990.56,5430
2026-07-23T05:25:00+00:00,28990.56,29041.18,28989.43,29041.18,4992
2026-07-23T05:30:00+00:00,29041.18,29053.56,29037.68,29044.31,6240
2026-07-23T05:35:00+00:00,29044.31,29044.43,29011.56,29014.06,4912
2026-07-23T05:40:00+00:00,29014.06,29027.81,29007.18,29019.06,4786
2026-07-23T05:45:00+00:00,29019.06,29019.81,28976.81,28977.06,4999
2026-07-23T05:50:00+00:00,28977.06,28989.31,28950.18,28950.18,5270
2026-07-23T05:55:00+00:00,28950.18,28978.56,28950.18,28957.68,4785
2026-07-23T06:00:00+00:00,28957.68,28987.06,28956.06,28971.68,5733
2026-07-23T06:05:00+00:00,28971.68,28980.56,28948.31,28953.06,4928
2026-07-23T06:10:00+00:00,28953.06,28973.68,28950.18,28969.31,5798
2026-07-23T06:15:00+00:00,28969.31,28976.06,28957.56,28972.93,5862
2026-07-23T06:20:00+00:00,28972.93,28980.68,28950.06,28961.56,4816
2026-07-23T06:25:00+00:00,28961.56,28980.68,28958.31,28977.93,4454
2026-07-23T06:30:00+00:00,28977.93,28983.18,28961.31,28967.56,5383
2026-07-23T06:35:00+00:00,28967.56,28971.93,28954.06,28960.68,4114
2026-07-23T06:40:00+00:00,28960.68,28969.81,28952.31,28952.93,3837
2026-07-23T06:45:00+00:00,28952.93,28989.93,28951.93,28975.31,3504
2026-07-23T06:50:00+00:00,28975.31,28978.93,28950.18,28956.81,3950
2026-07-23T06:55:00+00:00,28956.81,28960.31,28947.43,28954.68,4127
2026-07-23T07:00:00+00:00,28954.68,28956.68,28916.81,28931.93,8712
2026-07-23T07:05:00+00:00,28931.93,28933.18,28889.68,28890.31,6671
2026-07-23T07:10:00+00:00,28890.31,28892.56,28825.18,28865.81,10432
2026-07-23T07:15:00+00:00,28865.81,28885.06,28863.06,28883.68,7024
2026-07-23T07:20:00+00:00,28883.68,28904.68,28880.18,28880.18,6627
2026-07-23T07:25:00+00:00,28880.18,28909.06,28880.18,28886.81,6897
2026-07-23T07:30:00+00:00,28886.81,28890.81,28847.18,28852.43,5984
2026-07-23T07:35:00+00:00,28852.43,28860.56,28844.81,28846.93,4939
2026-07-23T07:40:00+00:00,28846.93,28848.93,28808.68,28811.31,6665
2026-07-23T07:45:00+00:00,28811.31,28822.43,28792.93,28814.06,6755
2026-07-23T07:50:00+00:00,28814.06,28836.68,28805.81,28830.06,7040
2026-07-23T07:55:00+00:00,28830.06,28859.31,28830.06,28858.06,6566
2026-07-23T08:00:00+00:00,28858.06,28872.06,28829.68,28865.18,8535
2026-07-23T08:05:00+00:00,28865.18,28906.68,28862.43,28906.68,5840
2026-07-23T08:10:00+00:00,28906.68,28912.81,28890.93,28905.13,4716
2026-07-23T08:15:00+00:00,28905.13,28931.68,28896.18,28920.56,5698
2026-07-23T08:20:00+00:00,28920.56,28925.06,28889.43,28895.56,5976
2026-07-23T08:25:00+00:00,28895.56,28922.06,28889.43,28920.93,5461
2026-07-23T08:30:00+00:00,28920.93,28931.81,28908.68,28927.68,5214
2026-07-23T08:35:00+00:00,28927.68,28931.06,28911.68,28913.81,4856
2026-07-23T08:40:00+00:00,28913.81,28924.43,28901.56,28908.31,4717
2026-07-23T08:45:00+00:00,28908.31,28927.18,28905.31,28920.93,5349
2026-07-23T08:50:00+00:00,28920.93,28948.93,28916.93,28946.56,4687
2026-07-23T08:55:00+00:00,28946.56,28981.18,28945.06,28973.68,4122
2026-07-23T09:00:00+00:00,28973.68,29007.68,28958.18,28997.43,7367
2026-07-23T09:05:00+00:00,28997.43,28998.68,28977.18,28977.18,5659
2026-07-23T09:10:00+00:00,28977.18,28980.31,28950.68,28952.06,4691
2026-07-23T09:15:00+00:00,28952.06,28967.81,28948.56,28959.31,4069
2026-07-23T09:20:00+00:00,28959.31,28972.93,28951.81,28966.43,3887
2026-07-23T09:25:00+00:00,28966.43,28969.81,28956.06,28961.81,3284
2026-07-23T09:30:00+00:00,28961.81,28961.93,28938.68,28944.18,4048
2026-07-23T09:35:00+00:00,28944.18,28952.18,28941.06,28946.43,3794
2026-07-23T09:40:00+00:00,28946.43,28951.81,28940.18,28946.06,4437
2026-07-23T09:45:00+00:00,28946.06,28957.31,28944.43,28944.81,3984
2026-07-23T09:50:00+00:00,28944.81,28948.13,28930.18,28934.81,4344
2026-07-23T09:55:00+00:00,28934.81,28938.31,28916.18,28925.81,5063
2026-07-23T10:00:00+00:00,28925.81,28935.81,28916.68,28929.81,4926
2026-07-23T10:05:00+00:00,28929.81,28937.81,28916.18,28918.93,4741
2026-07-23T10:10:00+00:00,28918.93,28920.06,28909.18,28913.43,3651
2026-07-23T10:15:00+00:00,28913.43,28925.56,28907.68,28911.43,4087
2026-07-23T10:20:00+00:00,28911.43,28926.93,28908.81,28920.06,5153
2026-07-23T10:25:00+00:00,28920.06,28934.06,28916.93,28923.68,3993
2026-07-23T10:30:00+00:00,28923.68,28972.31,28917.31,28963.06,5624
2026-07-23T10:35:00+00:00,28963.06,28987.06,28963.06,28980.68,4218
2026-07-23T10:40:00+00:00,28980.68,28992.81,28965.31,28971.81,4274
2026-07-23T10:45:00+00:00,28971.81,28979.31,28966.31,28976.93,4091
2026-07-23T10:50:00+00:00,28976.93,28978.06,28967.56,28968.81,4724
2026-07-23T10:55:00+00:00,28968.81,28978.43,28965.56,28973.18,3803
2026-07-23T11:00:00+00:00,28973.18,28978.18,28926.06,28927.81,7519
2026-07-23T11:05:00+00:00,28927.81,28928.68,28907.18,28911.93,6298
2026-07-23T11:10:00+00:00,28911.93,28929.31,28904.93,28927.81,5039
2026-07-23T11:15:00+00:00,28927.81,28942.31,28919.56,28921.81,4888
2026-07-23T11:20:00+00:00,28921.81,28921.81,28880.93,28883.06,6318
2026-07-23T11:25:00+00:00,28883.06,28890.81,28863.68,28865.06,5954
2026-07-23T11:30:00+00:00,28865.06,28872.31,28841.06,28851.18,6454
2026-07-23T11:35:00+00:00,28851.18,28851.43,28787.81,28799.43,8589
2026-07-23T11:40:00+00:00,28799.43,28807.81,28784.81,28796.31,7567
2026-07-23T11:45:00+00:00,28796.31,28810.93,28784.43,28809.56,7308
2026-07-23T11:50:00+00:00,28809.56,28851.88,28805.56,28823.93,6579
2026-07-23T11:55:00+00:00,28823.93,28843.81,28813.43,28835.56,6448
2026-07-23T12:00:00+00:00,28835.56,28837.31,28818.06,28820.93,6837
2026-07-23T12:05:00+00:00,28820.93,28823.93,28787.06,28795.06,6612
2026-07-23T12:10:00+00:00,28795.06,28811.93,28786.18,28786.63,4581
2026-07-23T12:15:00+00:00,28786.63,28807.63,28758.88,28762.81,9818
2026-07-23T12:20:00+00:00,28762.81,28769.56,28733.43,28744.56,8674
2026-07-23T12:25:00+00:00,28744.56,28748.68,28726.06,28735.88,7028
2026-07-23T12:30:00+00:00,28735.88,28744.13,28699.31,28708.56,8342
2026-07-23T12:35:00+00:00,28708.56,28708.93,28663.06,28666.43,10531
2026-07-23T12:40:00+00:00,28666.43,28677.56,28640.43,28659.31,11707
2026-07-23T12:45:00+00:00,28659.31,28667.68,28627.43,28656.43,14463
2026-07-23T12:50:00+00:00,28656.43,28675.68,28647.81,28654.43,12463
2026-07-23T12:55:00+00:00,28654.43,28666.31,28644.31,28657.56,10279
2026-07-23T13:00:00+00:00,28657.56,28675.06,28636.31,28640.31,13612
2026-07-23T13:05:00+00:00,28640.31,28642.68,28596.18,28598.31,14557
2026-07-23T13:10:00+00:00,28598.31,28609.81,28587.06,28597.68,10961
2026-07-23T13:15:00+00:00,28597.68,28602.06,28574.56,28586.93,11725
2026-07-23T13:20:00+00:00,28586.93,28591.06,28571.06,28573.06,10073
2026-07-23T13:25:00+00:00,28573.06,28594.93,28569.31,28589.56,12843
2026-07-23T13:30:00+00:00,28589.56,28635.46,28528.579999999998,28631.579999999998,66133
2026-07-23T13:35:00+00:00,28631.579999999998,28687.829999999998,28610.46,28668.46,51950
2026-07-23T13:40:00+00:00,28668.46,28752.829999999998,28668.46,28727.96,42540
2026-07-23T13:45:00+00:00,28727.96,28738.329999999998,28620.079999999998,28632.079999999998,47993
2026-07-23T13:50:00+00:00,28632.079999999998,28690.579999999998,28588.96,28687.579999999998,57131
2026-07-23T13:55:00+00:00,28687.579999999998,28705.329999999998,28567.829999999998,28579.46,48500
2026-07-23T14:00:00+00:00,28579.46,28639.329999999998,28579.46,28619.329999999998,52074
2026-07-23T14:05:00+00:00,28619.329999999998,28670.96,28550.079999999998,28587.71,50102
2026-07-23T14:10:00+00:00,28587.71,28641.329999999998,28567.71,28574.96,53348
2026-07-23T14:15:00+00:00,28574.96,28613.21,28558.579999999998,28575.829999999998,48508
2026-07-23T14:20:00+00:00,28575.829999999998,28650.079999999998,28563.71,28580.21,45536
2026-07-23T14:25:00+00:00,28580.21,28613.46,28565.329999999998,28604.46,40613
2026-07-23T14:30:00+00:00,28604.46,28622.329999999998,28514.71,28541.46,45387
2026-07-23T14:35:00+00:00,28541.46,28634.21,28518.579999999998,28626.329999999998,42582
2026-07-23T14:40:00+00:00,28626.329999999998,28642.579999999998,28497.329999999998,28517.579999999998,44968
2026-07-23T14:45:00+00:00,28517.579999999998,28540.829999999998,28492.329999999998,28499.079999999998,41074
2026-07-23T14:50:00+00:00,28499.079999999998,28517.079999999998,28450.329999999998,28453.21,34258
2026-07-23T14:55:00+00:00,28453.21,28489.329999999998,28448.829999999998,28468.579999999998,36037
2026-07-23T15:00:00+00:00,28468.579999999998,28474.96,28429.71,28439.46,29622
2026-07-23T15:05:00+00:00,28439.46,28441.829999999998,28397.21,28399.96,29692
2026-07-23T15:10:00+00:00,28399.96,28414.71,28354.079999999998,28364.829999999998,26653
2026-07-23T15:15:00+00:00,28364.829999999998,28408.579999999998,28363.329999999998,28407.829999999998,31255
2026-07-23T15:20:00+00:00,28407.829999999998,28439.71,28333.829999999998,28375.46,29312
2026-07-23T15:25:00+00:00,28375.46,28378.329999999998,28319.579999999998,28336.829999999998,27803
2026-07-23T15:30:00+00:00,28336.829999999998,28362.71,28303.96,28360.21,27055
2026-07-23T15:35:00+00:00,28360.21,28407.329999999998,28359.829999999998,28398.46,30203
2026-07-23T15:40:00+00:00,28398.46,28421.71,28365.21,28365.21,23378
2026-07-23T15:45:00+00:00,28365.21,28398.71,28350.21,28393.21,25231
2026-07-23T15:50:00+00:00,28393.21,28428.21,28376.079999999998,28427.079999999998,24842
2026-07-23T15:55:00+00:00,28427.079999999998,28460.579999999998,28421.96,28459.079999999998,18592
2026-07-23T16:00:00+00:00,28459.079999999998,28498.579999999998,28444.71,28487.329999999998,23155
2026-07-23T16:05:00+00:00,28487.329999999998,28494.21,28448.829999999998,28493.96,23895
2026-07-23T16:10:00+00:00,28493.96,28514.71,28488.21,28500.46,20990
2026-07-23T16:15:00+00:00,28500.46,28515.46,28481.21,28501.579999999998,19344
2026-07-23T16:20:00+00:00,28501.579999999998,28566.96,28500.96,28559.21,18670
2026-07-23T16:25:00+00:00,28559.21,28585.829999999998,28544.71,28578.079999999998,16994
2026-07-23T16:30:00+00:00,28578.079999999998,28578.71,28557.21,28561.46,17948
2026-07-23T16:35:00+00:00,28561.46,28608.96,28554.329999999998,28602.829999999998,18247
2026-07-23T16:40:00+00:00,28602.829999999998,28604.96,28558.079999999998,28558.71,17345
2026-07-23T16:45:00+00:00,28558.71,28558.71,28506.96,28508.71,20627
2026-07-23T16:50:00+00:00,28508.71,28517.46,28480.829999999998,28482.46,20851
2026-07-23T16:55:00+00:00,28482.46,28517.329999999998,28482.46,28512.329999999998,21567
2026-07-23T17:00:00+00:00,28512.329999999998,28533.46,28485.96,28486.21,20263
2026-07-23T17:05:00+00:00,28486.21,28500.96,28459.71,28497.329999999998,23735
2026-07-23T17:10:00+00:00,28497.329999999998,28528.829999999998,28496.21,28514.46,21927
2026-07-23T17:15:00+00:00,28514.46,28527.46,28485.96,28510.21,20472
2026-07-23T17:20:00+00:00,28510.21,28544.71,28499.329999999998,28534.96,20596
2026-07-23T17:25:00+00:00,28534.96,28547.329999999998,28522.579999999998,28523.71,16795
2026-07-23T17:30:00+00:00,28523.71,28527.329999999998,28477.579999999998,28491.46,23158
2026-07-23T17:35:00+00:00,28491.46,28495.71,28458.46,28460.96,23471
2026-07-23T17:40:00+00:00,28460.96,28475.21,28442.46,28465.079999999998,20400
2026-07-23T17:45:00+00:00,28465.079999999998,28500.21,28453.21,28491.96,21017
2026-07-23T17:50:00+00:00,28491.96,28498.96,28467.71,28467.96,19279
2026-07-23T17:55:00+00:00,28467.96,28468.46,28437.21,28439.579999999998,16383
2026-07-23T18:00:00+00:00,28439.579999999998,28451.96,28422.46,28432.579999999998,20314
2026-07-23T18:05:00+00:00,28432.579999999998,28441.71,28413.96,28418.21,15814
2026-07-23T18:10:00+00:00,28418.21,28448.71,28414.71,28430.71,16500
2026-07-23T18:15:00+00:00,28430.71,28448.96,28416.96,28427.079999999998,15080
2026-07-23T18:20:00+00:00,28427.079999999998,28452.46,28420.329999999998,28451.21,13773
2026-07-23T18:25:00+00:00,28451.21,28455.21,28426.71,28446.329999999998,15035
2026-07-23T18:30:00+00:00,28446.329999999998,28467.579999999998,28440.46,28467.579999999998,14459
2026-07-23T18:35:00+00:00,28467.579999999998,28473.96,28425.829999999998,28439.21,13983
2026-07-23T18:40:00+00:00,28439.21,28446.46,28416.71,28421.21,12402
2026-07-23T18:45:00+00:00,28421.21,28449.46,28420.21,28435.71,12498
2026-07-23T18:50:00+00:00,28435.71,28439.71,28402.21,28403.21,12817
2026-07-23T18:55:00+00:00,28403.21,28422.329999999998,28396.579999999998,28421.21,12931
2026-07-23T19:00:00+00:00,28421.21,28437.71,28385.13,28386.71,13122
2026-07-23T19:05:00+00:00,28386.71,28398.46,28379.46,28380.829999999998,10699
2026-07-23T19:10:00+00:00,28380.829999999998,28394.71,28372.46,28376.96,9867
2026-07-23T19:15:00+00:00,28376.96,28411.96,28375.579999999998,28396.46,11914
2026-07-23T19:20:00+00:00,28396.46,28444.329999999998,28395.079999999998,28444.079999999998,12568
2026-07-23T19:25:00+00:00,28444.079999999998,28465.079999999998,28433.079999999998,28453.21,15626
2026-07-23T19:30:00+00:00,28453.21,28465.96,28404.579999999998,28430.96,19794
2026-07-23T19:35:00+00:00,28430.96,28436.46,28410.329999999998,28410.329999999998,14998
2026-07-23T19:40:00+00:00,28410.329999999998,28415.46,28373.579999999998,28373.579999999998,15340
2026-07-23T19:45:00+00:00,28373.579999999998,28382.71,28357.46,28369.46,15926
2026-07-23T19:50:00+00:00,28369.46,28415.329999999998,28369.46,28405.46,24564
2026-07-23T19:55:00+00:00,28405.46,28503.829999999998,28405.46,28482.46,26030
2026-07-23T20:00:00+00:00,28482.46,28595.88,28482.46,28579.68,14059
2026-07-23T20:05:00+00:00,28579.68,28593.68,28571.31,28583.68,5329
2026-07-23T20:10:00+00:00,28583.68,28616.93,28583.68,28597.31,6641
2026-07-23T20:15:00+00:00,28597.31,28626.81,28589.88,28625.56,5535
2026-07-23T20:20:00+00:00,28625.56,28641.43,28620.06,28640.68,4605
2026-07-23T20:25:00+00:00,28640.68,28647.56,28629.81,28639.81,4250
2026-07-23T20:30:00+00:00,28639.81,28651.93,28627.43,28637.06,4624
2026-07-23T20:35:00+00:00,28637.06,28643.68,28634.18,28638.06,3362
2026-07-23T20:40:00+00:00,28638.06,28638.06,28599.06,28606.68,3786
2026-07-23T20:45:00+00:00,28606.68,28609.81,28596.06,28600.06,2966
2026-07-23T20:50:00+00:00,28600.06,28606.93,28597.06,28603.18,3103
2026-07-23T20:55:00+00:00,28603.18,28617.06,28599.43,28611.25,2588
2026-07-23T22:00:00+00:00,28611.25,28611.25,28531.98,28534.61,4672
2026-07-23T22:05:00+00:00,28534.61,28541.43,28525.68,28536.48,2773
2026-07-23T22:10:00+00:00,28536.48,28536.86,28507.86,28517.36,2990
2026-07-23T22:15:00+00:00,28517.36,28518.86,28499.73,28505.73,2288
2026-07-23T22:20:00+00:00,28505.73,28551.36,28503.73,28545.11,3402
2026-07-23T22:25:00+00:00,28545.11,28548.23,28528.61,28538.61,2807
2026-07-23T22:30:00+00:00,28538.61,28566.73,28538.23,28553.36,2811
2026-07-23T22:35:00+00:00,28553.36,28561.61,28542.86,28548.73,1945
2026-07-23T22:40:00+00:00,28548.73,28560.61,28543.61,28559.61,1743
2026-07-23T22:45:00+00:00,28559.61,28581.73,28558.86,28572.98,2266
2026-07-23T22:50:00+00:00,28572.98,28583.48,28569.98,28581.73,1523
2026-07-23T22:55:00+00:00,28581.73,28607.11,28581.61,28605.36,1981
2026-07-23T23:00:00+00:00,28605.36,28609.36,28574.86,28578.36,2431
2026-07-23T23:05:00+00:00,28578.36,28584.98,28567.23,28577.86,2323
2026-07-23T23:10:00+00:00,28577.86,28579.86,28565.11,28573.11,1385
2026-07-23T23:15:00+00:00,28573.11,28582.48,28565.23,28570.98,1914
2026-07-23T23:20:00+00:00,28570.98,28583.11,28568.11,28577.61,1644
2026-07-23T23:25:00+00:00,28577.61,28580.86,28571.23,28575.11,1752
2026-07-23T23:30:00+00:00,28575.11,28576.61,28558.23,28570.61,1607
2026-07-23T23:35:00+00:00,28570.61,28571.73,28551.36,28551.98,1537
2026-07-23T23:40:00+00:00,28551.98,28571.61,28536.36,28561.86,4467
2026-07-23T23:45:00+00:00,28561.86,28584.36,28550.36,28555.11,9510
2026-07-23T23:50:00+00:00,28555.11,28561.48,28534.11,28539.61,5751
2026-07-23T23:55:00+00:00,28539.61,28567.61,28536.48,28554.86,5198
2026-07-24T00:00:00+00:00,28554.86,28599.61,28529.48,28530.61,14697
2026-07-24T00:05:00+00:00,28530.61,28546.23,28503.48,28511.61,12466
2026-07-24T00:10:00+00:00,28511.61,28525.23,28494.86,28517.73,10015
2026-07-24T00:15:00+00:00,28517.73,28533.48,28491.36,28505.98,10904
2026-07-24T00:20:00+00:00,28505.98,28557.73,28497.61,28542.48,9759
2026-07-24T00:25:00+00:00,28542.48,28550.98,28512.23,28519.61,8929
2026-07-24T00:30:00+00:00,28519.61,28523.73,28497.98,28505.11,8891
2026-07-24T00:35:00+00:00,28505.11,28540.36,28497.73,28526.11,8097
2026-07-24T00:40:00+00:00,28526.11,28550.98,28519.23,28531.11,7901
2026-07-24T00:45:00+00:00,28531.11,28554.86,28525.98,28543.23,9355
2026-07-24T00:50:00+00:00,28543.23,28550.61,28511.48,28512.73,8486
2026-07-24T00:55:00+00:00,28512.73,28550.23,28502.48,28545.98,7780
2026-07-24T01:00:00+00:00,28545.98,28565.98,28532.73,28565.36,11908
2026-07-24T01:05:00+00:00,28565.36,28576.73,28558.73,28561.61,8915
2026-07-24T01:10:00+00:00,28561.61,28567.36,28533.48,28538.36,7585
2026-07-24T01:15:00+00:00,28538.36,28558.23,28525.73,28541.73,8180
2026-07-24T01:20:00+00:00,28541.73,28546.98,28516.73,28530.36,7673
2026-07-24T01:25:00+00:00,28530.36,28568.61,28527.86,28531.23,8459
2026-07-24T01:30:00+00:00,28531.23,28559.23,28521.98,28555.98,12390
2026-07-24T01:35:00+00:00,28555.98,28559.73,28530.48,28531.98,10055
2026-07-24T01:40:00+00:00,28531.98,28559.73,28520.86,28539.86,8571
2026-07-24T01:45:00+00:00,28539.86,28548.23,28518.86,28518.98,7858
2026-07-24T01:50:00+00:00,28518.98,28524.61,28504.61,28520.98,6802
2026-07-24T01:55:00+00:00,28520.98,28526.36,28486.61,28489.61,6392
2026-07-24T02:00:00+00:00,28489.61,28497.86,28478.23,28479.23,7445
2026-07-24T02:05:00+00:00,28479.23,28492.11,28469.36,28491.98,7179
2026-07-24T02:10:00+00:00,28491.98,28506.48,28484.86,28492.86,7830
2026-07-24T02:15:00+00:00,28492.86,28498.73,28475.23,28481.23,7410
2026-07-24T02:20:00+00:00,28481.23,28486.73,28461.86,28483.61,5854
2026-07-24T02:25:00+00:00,28483.61,28498.73,28466.86,28469.48,5669
2026-07-24T02:30:00+00:00,28469.48,28473.73,28445.86,28447.36,6263
2026-07-24T02:35:00+00:00,28447.36,28447.36,28427.73,28429.23,5106
2026-07-24T02:40:00+00:00,28429.23,28436.61,28423.11,28423.61,5294
2026-07-24T02:45:00+00:00,28423.61,28428.11,28406.48,28413.48,6518
2026-07-24T02:50:00+00:00,28413.48,28423.36,28404.48,28406.48,4771
2026-07-24T02:55:00+00:00,28406.48,28419.61,28391.98,28394.86,4734
2026-07-24T03:00:00+00:00,28394.86,28416.86,28393.61,28410.98,4992
2026-07-24T03:05:00+00:00,28410.98,28420.48,28399.23,28402.11,5737
2026-07-24T03:10:00+00:00,28402.11,28421.36,28396.23,28413.86,5545
2026-07-24T03:15:00+00:00,28413.86,28434.98,28405.86,28406.73,4976
2026-07-24T03:20:00+00:00,28406.73,28415.98,28396.86,28404.86,6223
2026-07-24T03:25:00+00:00,28404.86,28431.86,28402.86,28420.11,6374
2026-07-24T03:30:00+00:00,28420.11,28430.36,28386.86,28396.36,9197
2026-07-24T03:35:00+00:00,28396.36,28412.61,28384.86,28398.23,7143
2026-07-24T03:40:00+00:00,28398.23,28403.86,28375.48,28380.11,6305
2026-07-24T03:45:00+00:00,28380.11,28394.61,28369.73,28386.23,6070
2026-07-24T03:50:00+00:00,28386.23,28386.48,28369.23,28374.11,5447
2026-07-24T03:55:00+00:00,28374.11,28374.73,28356.73,28360.73,3756
2026-07-24T04:00:00+00:00,28360.73,28367.23,28342.36,28350.98,3858
2026-07-24T04:05:00+00:00,28350.98,28389.98,28350.98,28389.98,6002
2026-07-24T04:10:00+00:00,28389.98,28390.48,28357.61,28360.98,4174
2026-07-24T04:15:00+00:00,28360.98,28388.73,28357.36,28386.86,3638
2026-07-24T04:20:00+00:00,28386.86,28409.61,28370.23,28407.48,4973
2026-07-24T04:25:00+00:00,28407.48,28431.36,28398.11,28426.36,5214
2026-07-24T04:30:00+00:00,28426.36,28432.73,28414.36,28421.11,6626
2026-07-24T04:35:00+00:00,28421.11,28427.98,28402.73,28404.98,5276
2026-07-24T04:40:00+00:00,28404.98,28410.61,28387.11,28403.48,4372
2026-07-24T04:45:00+00:00,28403.48,28412.36,28394.98,28404.36,5387
2026-07-24T04:50:00+00:00,28404.36,28429.23,28401.36,28420.48,4732
2026-07-24T04:55:00+00:00,28420.48,28446.23,28416.61,28440.36,4845
2026-07-24T05:00:00+00:00,28440.36,28450.36,28423.36,28437.98,6524
2026-07-24T05:05:00+00:00,28437.98,28475.36,28437.73,28461.11,5939
2026-07-24T05:10:00+00:00,28461.11,28470.86,28454.36,28467.73,5532
2026-07-24T05:15:00+00:00,28467.73,28470.48,28446.23,28460.11,7545
2026-07-24T05:20:00+00:00,28460.11,28474.86,28453.98,28467.98,6143
2026-07-24T05:25:00+00:00,28467.98,28476.48,28455.98,28457.61,4988
2026-07-24T05:30:00+00:00,28457.61,28465.11,28445.73,28458.86,6639
2026-07-24T05:35:00+00:00,28458.86,28463.48,28441.73,28456.11,4931
2026-07-24T05:40:00+00:00,28456.11,28469.73,28442.86,28465.86,7015
2026-07-24T05:45:00+00:00,28465.86,28481.61,28460.98,28464.36,4651
2026-07-24T05:50:00+00:00,28464.36,28468.11,28429.61,28430.98,4858
2026-07-24T05:55:00+00:00,28430.98,28432.61,28419.48,28420.98,5211
2026-07-24T06:00:00+00:00,28420.98,28424.48,28396.73,28398.98,4959
2026-07-24T06:05:00+00:00,28398.98,28404.36,28388.61,28392.36,4929
2026-07-24T06:10:00+00:00,28392.36,28402.11,28378.61,28384.98,4978
2026-07-24T06:15:00+00:00,28384.98,28424.11,28384.23,28423.23,4606
2026-07-24T06:20:00+00:00,28423.23,28440.11,28422.48,28432.48,4957
2026-07-24T06:25:00+00:00,28432.48,28451.11,28397.86,28411.11,5069
2026-07-24T06:30:00+00:00,28411.11,28417.86,28401.61,28417.61,6154
2026-07-24T06:35:00+00:00,28417.61,28436.23,28411.98,28418.11,4353
2026-07-24T06:40:00+00:00,28418.11,28421.48,28380.36,28382.36,3105
2026-07-24T06:45:00+00:00,28382.36,28382.61,28357.11,28360.11,4102
2026-07-24T06:50:00+00:00,28360.11,28392.36,28360.11,28389.11,4150
2026-07-24T06:55:00+00:00,28389.11,28422.11,28382.23,28419.36,5479
2026-07-24T07:00:00+00:00,28419.36,28461.98,28415.61,28447.98,8739
2026-07-24T07:05:00+00:00,28447.98,28473.36,28435.23,28472.86,5607
2026-07-24T07:10:00+00:00,28472.86,28512.86,28472.86,28510.43,6456
2026-07-24T07:15:00+00:00,28510.43,28531.36,28499.73,28521.11,6122
2026-07-24T07:20:00+00:00,28521.11,28528.86,28507.86,28513.11,4479
2026-07-24T07:25:00+00:00,28513.11,28538.48,28510.86,28528.23,5072
2026-07-24T07:30:00+00:00,28528.23,28533.23,28510.61,28518.98,5984
2026-07-24T07:35:00+00:00,28518.98,28522.36,28505.73,28507.73,4331
2026-07-24T07:40:00+00:00,28507.73,28509.48,28485.86,28501.36,4209
2026-07-24T07:45:00+00:00,28501.36,28506.98,28491.73,28504.23,4420
2026-07-24T07:50:00+00:00,28504.23,28508.11,28490.86,28499.73,3782
2026-07-24T07:55:00+00:00,28499.73,28506.61,28487.98,28490.61,3972
2026-07-24T08:00:00+00:00,28490.61,28494.61,28465.48,28467.48,7381
2026-07-24T08:05:00+00:00,28467.48,28471.48,28450.23,28454.23,6328
2026-07-24T08:10:00+00:00,28454.23,28459.48,28432.36,28449.23,6032
2026-07-24T08:15:00+00:00,28449.23,28476.11,28447.36,28468.98,5402
2026-07-24T08:20:00+00:00,28468.98,28477.23,28461.11,28463.11,6229
2026-07-24T08:25:00+00:00,28463.11,28497.11,28456.73,28496.98,6192
2026-07-24T08:30:00+00:00,28496.98,28515.36,28489.36,28510.48,4996
2026-07-24T08:35:00+00:00,28510.48,28524.36,28504.11,28508.36,4469
2026-07-24T08:40:00+00:00,28508.36,28512.48,28494.98,28504.98,3955
2026-07-24T08:45:00+00:00,28504.98,28508.98,28484.48,28495.23,4074
2026-07-24T08:50:00+00:00,28495.23,28501.61,28488.23,28499.36,4454
2026-07-24T08:55:00+00:00,28499.36,28504.98,28488.11,28496.36,4524
2026-07-24T09:00:00+00:00,28496.36,28512.36,28486.98,28496.73,6935
2026-07-24T09:05:00+00:00,28496.73,28555.73,28490.86,28552.86,5655
2026-07-24T09:10:00+00:00,28552.86,28556.98,28513.86,28517.48,4746
2026-07-24T09:15:00+00:00,28517.48,28528.11,28508.11,28524.11,4492
2026-07-24T09:20:00+00:00,28524.11,28537.86,28518.73,28536.61,4746
2026-07-24T09:25:00+00:00,28536.61,28551.73,28534.61,28548.23,4187
2026-07-24T09:30:00+00:00,28548.23,28564.98,28538.98,28557.86,5182
2026-07-24T09:35:00+00:00,28557.86,28566.61,28547.43,28566.36,3961
2026-07-24T09:40:00+00:00,28566.36,28576.73,28560.23,28571.23,2865
2026-07-24T09:45:00+00:00,28571.23,28577.11,28558.73,28559.36,3185
2026-07-24T09:50:00+00:00,28559.36,28569.36,28555.86,28557.86,2861
2026-07-24T09:55:00+00:00,28557.86,28579.23,28557.86,28574.98,3401
2026-07-24T10:00:00+00:00,28574.98,28580.11,28552.73,28554.86,3382
2026-07-24T10:05:00+00:00,28554.86,28559.23,28539.48,28545.98,3663
2026-07-24T10:10:00+00:00,28545.98,28550.11,28534.36,28538.73,3145
2026-07-24T10:15:00+00:00,28538.73,28544.73,28531.23,28535.98,3229
2026-07-24T10:20:00+00:00,28535.98,28546.73,28529.98,28543.23,3228
2026-07-24T10:25:00+00:00,28543.23,28553.98,28529.23,28542.98,3269
2026-07-24T10:30:00+00:00,28542.98,28560.61,28539.11,28540.11,3998
2026-07-24T10:35:00+00:00,28540.11,28540.61,28520.36,28521.36,3440
2026-07-24T10:40:00+00:00,28521.36,28527.48,28512.98,28522.36,3793
2026-07-24T10:45:00+00:00,28522.36,28531.86,28518.36,28526.61,3371
2026-07-24T10:50:00+00:00,28526.61,28526.61,28508.61,28513.86,4388
2026-07-24T10:55:00+00:00,28513.86,28523.36,28510.73,28514.98,4216
2026-07-24T11:00:00+00:00,28514.98,28535.23,28507.11,28528.11,6875
2026-07-24T11:05:00+00:00,28528.11,28541.73,28516.23,28517.48,5726
2026-07-24T11:10:00+00:00,28517.48,28531.98,28513.36,28531.86,4069
2026-07-24T11:15:00+00:00,28531.86,28536.61,28522.73,28529.23,4377
2026-07-24T11:20:00+00:00,28529.23,28538.36,28515.36,28530.36,4570
2026-07-24T11:25:00+00:00,28530.36,28530.48,28512.36,28517.73,4068
2026-07-24T11:30:00+00:00,28517.73,28523.61,28498.23,28500.73,4184
2026-07-24T11:35:00+00:00,28500.73,28522.11,28493.86,28497.98,6207
2026-07-24T11:40:00+00:00,28497.98,28509.36,28491.86,28491.86,5897
2026-07-24T11:45:00+00:00,28491.86,28503.23,28478.36,28490.48,4703
2026-07-24T11:50:00+00:00,28490.48,28503.73,28487.73,28492.86,4215
2026-07-24T11:55:00+00:00,28492.86,28572.61,28477.23,28554.23,10493
2026-07-24T12:00:00+00:00,28554.23,28554.98,28506.48,28527.73,10553
2026-07-24T12:05:00+00:00,28527.73,28552.86,28500.86,28550.36,7235
2026-07-24T12:10:00+00:00,28550.36,28570.48,28539.86,28564.86,5703
2026-07-24T12:15:00+00:00,28564.86,28569.61,28553.61,28557.86,6914
2026-07-24T12:20:00+00:00,28557.86,28564.36,28542.11,28561.48,5815
2026-07-24T12:25:00+00:00,28561.48,28565.86,28528.73,28561.86,5680
2026-07-24T12:30:00+00:00,28561.86,28563.73,28516.73,28518.23,5882
2026-07-24T12:35:00+00:00,28518.23,28538.98,28516.86,28525.36,5749
2026-07-24T12:40:00+00:00,28525.36,28527.11,28500.36,28504.23,6646
2026-07-24T12:45:00+00:00,28504.23,28510.23,28493.11,28499.11,5327
2026-07-24T12:50:00+00:00,28499.11,28504.61,28482.61,28485.73,4923
2026-07-24T12:55:00+00:00,28485.73,28488.23,28463.73,28466.98,6612
2026-07-24T13:00:00+00:00,28466.98,28476.11,28457.36,28471.98,7856
2026-07-24T13:05:00+00:00,28471.98,28477.23,28447.23,28459.48,6411
2026-07-24T13:10:00+00:00,28459.48,28471.61,28452.36,28467.11,5990
2026-07-24T13:15:00+00:00,28467.11,28484.61,28460.11,28479.23,6420
2026-07-24T13:20:00+00:00,28479.23,28483.86,28454.61,28476.86,6811
2026-07-24T13:25:00+00:00,28476.86,28490.61,28414.86,28414.86,12931
2026-07-24T13:30:00+00:00,28414.86,28481.76,28376.13,28479.38,67290
2026-07-24T13:35:00+00:00,28479.38,28496.51,28378.63,28402.76,60393
2026-07-24T13:40:00+00:00,28402.76,28405.13,28334.76,28359.18,38831
2026-07-24T13:45:00+00:00,28359.18,28383.76,28321.76,28376.01,46537
2026-07-24T13:50:00+00:00,28376.01,28376.01,28213.38,28220.13,45897
2026-07-24T13:55:00+00:00,28220.13,28243.38,28189.63,28198.68,38151
2026-07-24T14:00:00+00:00,28198.68,28269.76,28180.43,28214.51,50739
2026-07-24T14:05:00+00:00,28214.51,28314.88,28211.88,28303.38,47633
2026-07-24T14:10:00+00:00,28303.38,28326.51,28262.88,28296.51,46931
2026-07-24T14:15:00+00:00,28296.51,28306.76,28176.76,28208.38,45993
2026-07-24T14:20:00+00:00,28208.38,28298.76,28182.26,28267.38,43294
2026-07-24T14:25:00+00:00,28267.38,28282.26,28239.13,28267.01,41522
2026-07-24T14:30:00+00:00,28267.01,28270.26,28181.01,28181.01,42115
2026-07-24T14:35:00+00:00,28181.01,28219.38,28150.76,28158.63,41978
2026-07-24T14:40:00+00:00,28158.63,28180.88,28140.51,28163.51,39331
2026-07-24T14:45:00+00:00,28163.51,28200.13,28130.51,28196.13,35364
2026-07-24T14:50:00+00:00,28196.13,28239.38,28188.26,28225.76,31066
2026-07-24T14:55:00+00:00,28225.76,28332.88,28225.76,28325.51,32163
2026-07-24T15:00:00+00:00,28325.51,28352.26,28280.38,28280.88,35747
2026-07-24T15:05:00+00:00,28280.88,28298.88,28237.76,28239.76,33478
2026-07-24T15:10:00+00:00,28239.76,28384.51,28231.13,28370.38,42745
2026-07-24T15:15:00+00:00,28370.38,28431.51,28333.18,28339.38,39041
2026-07-24T15:20:00+00:00,28339.38,28399.63,28336.13,28377.51,34444
2026-07-24T15:25:00+00:00,28377.51,28426.76,28368.63,28376.01,29591
2026-07-24T15:30:00+00:00,28376.01,28415.63,28360.63,28363.13,29006
2026-07-24T15:35:00+00:00,28363.13,28441.38,28361.76,28437.51,24904
2026-07-24T15:40:00+00:00,28437.51,28452.01,28365.13,28381.26,23326
2026-07-24T15:45:00+00:00,28381.26,28406.01,28368.76,28378.26,23478
2026-07-24T15:50:00+00:00,28378.26,28425.13,28378.26,28412.01,21103
2026-07-24T15:55:00+00:00,28412.01,28458.63,28409.76,28452.13,18649
2026-07-24T16:00:00+00:00,28452.13,28469.76,28426.51,28467.01,19766
2026-07-24T16:05:00+00:00,28467.01,28493.63,28456.01,28479.76,15274
2026-07-24T16:10:00+00:00,28479.76,28506.13,28448.01,28450.26,18380
2026-07-24T16:15:00+00:00,28450.26,28452.01,28428.76,28441.76,16818
2026-07-24T16:20:00+00:00,28441.76,28467.63,28439.51,28460.01,14015
2026-07-24T16:25:00+00:00,28460.01,28467.51,28441.88,28441.88,14270
2026-07-24T16:30:00+00:00,28441.88,28443.51,28404.01,28417.76,18385
2026-07-24T16:35:00+00:00,28417.76,28430.26,28392.38,28400.51,15808
2026-07-24T16:40:00+00:00,28400.51,28400.51,28371.13,28375.76,16635
2026-07-24T16:45:00+00:00,28375.76,28385.88,28342.13,28356.88,17944
2026-07-24T16:50:00+00:00,28356.88,28363.26,28337.51,28349.76,18061
2026-07-24T16:55:00+00:00,28349.76,28385.76,28339.38,28370.51,16957
2026-07-24T17:00:00+00:00,28370.51,28377.76,28343.26,28353.51,18268
2026-07-24T17:05:00+00:00,28353.51,28361.63,28310.01,28311.63,20264
2026-07-24T17:10:00+00:00,28311.63,28345.88,28303.51,28334.51,17248
2026-07-24T17:15:00+00:00,28334.51,28365.76,28317.01,28362.76,16379
2026-07-24T17:20:00+00:00,28362.76,28369.51,28338.01,28365.51,16520
2026-07-24T17:25:00+00:00,28365.51,28396.88,28347.88,28390.01,13835
2026-07-24T17:30:00+00:00,28390.01,28418.76,28380.51,28416.01,13660
2026-07-24T17:35:00+00:00,28416.01,28418.26,28362.01,28363.26,13654
2026-07-24T17:40:00+00:00,28363.26,28365.01,28339.13,28339.76,15057
2026-07-24T17:45:00+00:00,28339.76,28359.88,28327.88,28359.26,13863
2026-07-24T17:50:00+00:00,28359.26,28376.76,28343.76,28358.13,13896
2026-07-24T17:55:00+00:00,28358.13,28367.01,28341.76,28342.01,14312
2026-07-24T18:00:00+00:00,28342.01,28361.26,28327.51,28331.01,13994
2026-07-24T18:05:00+00:00,28331.01,28343.01,28319.26,28325.63,13639
2026-07-24T18:10:00+00:00,28325.63,28330.76,28297.38,28303.51,11463
2026-07-24T18:15:00+00:00,28303.51,28305.26,28272.38,28274.76,13221
2026-07-24T18:20:00+00:00,28274.76,28274.76,28249.76,28252.51,14306
2026-07-24T18:25:00+00:00,28252.51,28256.01,28209.63,28213.01,15002
2026-07-24T18:30:00+00:00,28213.01,28221.26,28167.88,28174.01,20077
2026-07-24T18:35:00+00:00,28174.01,28196.38,28157.01,28170.51,19349
2026-07-24T18:40:00+00:00,28170.51,28170.51,28134.88,28151.76,16411
2026-07-24T18:45:00+00:00,28151.76,28200.63,28145.51,28179.88,17777
2026-07-24T18:50:00+00:00,28179.88,28195.26,28164.26,28174.38,16251
2026-07-24T18:55:00+00:00,28174.38,28202.51,28168.51,28177.13,16252
2026-07-24T19:00:00+00:00,28177.13,28203.26,28156.76,28160.63,20094
2026-07-24T19:05:00+00:00,28160.63,28186.26,28102.38,28106.26,20553
2026-07-24T19:10:00+00:00,28106.26,28135.01,28095.76,28097.26,17929
2026-07-24T19:15:00+00:00,28097.26,28118.76,28088.76,28118.76,17927
2026-07-24T19:20:00+00:00,28118.76,28132.13,28095.51,28105.51,18800
2026-07-24T19:25:00+00:00,28105.51,28141.51,28096.38,28130.26,17607
2026-07-24T19:30:00+00:00,28130.26,28172.26,28129.13,28157.26,20682
2026-07-24T19:35:00+00:00,28157.26,28178.01,28145.01,28149.01,20775
2026-07-24T19:40:00+00:00,28149.01,28158.76,28115.26,28150.26,18112
2026-07-24T19:45:00+00:00,28150.26,28159.01,28118.51,28151.63,16297
2026-07-24T19:50:00+00:00,28151.63,28155.01,28100.76,28147.38,20435
2026-07-24T19:55:00+00:00,28147.38,28169.01,28123.76,28161.51,22218
2026-07-24T20:00:00+00:00,28161.51,28178.23,28139.23,28151.86,11387
2026-07-24T20:05:00+00:00,28151.86,28152.86,28135.18,28149.48,5380
2026-07-24T20:10:00+00:00,28149.48,28170.11,28142.48,28166.86,5792
2026-07-24T20:15:00+00:00,28166.86,28179.11,28164.04,28168.04,4039
2026-07-24T20:20:00+00:00,28168.04,28190.66,28167.54,28174.54,3274
2026-07-24T20:25:00+00:00,28174.54,28183.54,28166.54,28167.16,3105
2026-07-24T20:30:00+00:00,28167.16,28170.16,28146.86,28154.29,3232
2026-07-24T20:35:00+00:00,28154.29,28165.54,28150.16,28153.29,2574
2026-07-24T20:40:00+00:00,28153.29,28168.24,28147.91,28168.24,2186
2026-07-26T22:00:00+00:00,28168.24,28548.08,28168.24,28487.33,4738
2026-07-26T22:05:00+00:00,28487.33,28508.33,28451.83,28465.08,3268
2026-07-26T22:10:00+00:00,28465.08,28487.010000000002,28457.83,28485.58,3156
2026-07-26T22:15:00+00:00,28485.58,28511.83,28467.83,28511.38,3546
2026-07-26T22:20:00+00:00,28511.38,28518.63,28497.58,28498.63,2645
2026-07-26T22:25:00+00:00,28498.63,28504.88,28484.760000000002,28495.08,2706
2026-07-26T22:30:00+00:00,28495.08,28508.63,28491.33,28503.58,2812
2026-07-26T22:35:00+00:00,28503.58,28513.510000000002,28498.010000000002,28505.63,2926
2026-07-26T22:40:00+00:00,28505.63,28507.88,28498.510000000002,28499.510000000002,1906
2026-07-26T22:45:00+00:00,28499.510000000002,28499.88,28488.83,28493.260000000002,1580
2026-07-26T22:50:00+00:00,28493.260000000002,28507.13,28488.010000000002,28488.63,2009
2026-07-26T22:55:00+00:00,28488.63,28493.010000000002,28477.260000000002,28482.510000000002,2263
2026-07-26T23:00:00+00:00,28482.510000000002,28491.760000000002,28471.510000000002,28476.130000000005,3138
2026-07-26T23:05:00+00:00,28476.130000000005,28510.630000000005,28475.130000000005,28507.260000000002,3259
2026-07-26T23:10:00+00:00,28507.260000000002,28509.880000000005,28498.760000000002,28502.880000000005,1753
2026-07-26T23:15:00+00:00,28502.880000000005,28509.010000000002,28484.130000000005,28484.880000000005,2011
2026-07-26T23:20:00+00:00,28484.880000000005,28492.380000000005,28483.510000000002,28485.760000000002,1503
2026-07-26T23:25:00+00:00,28485.760000000002,28500.510000000002,28485.760000000002,28490.010000000002,1514
2026-07-26T23:30:00+00:00,28490.010000000002,28505.260000000002,28483.130000000005,28503.380000000005,1907
2026-07-26T23:35:00+00:00,28503.380000000005,28505.010000000002,28498.130000000005,28499.130000000005,1456
2026-07-26T23:40:00+00:00,28499.130000000005,28541.510000000002,28499.130000000005,28526.510000000002,2554
2026-07-26T23:45:00+00:00,28526.510000000002,28564.130000000005,28513.880000000005,28562.880000000005,3901
2026-07-26T23:50:00+00:00,28562.880000000005,28590.260000000002,28557.260000000002,28573.380000000005,4516
2026-07-26T23:55:00+00:00,28573.380000000005,28603.260000000002,28557.760000000002,28600.630000000005,5756
2026-07-27T00:00:00+00:00,28600.630000000005,28602.760000000002,28495.260000000002,28495.760000000002,1643
2026-07-27T00:05:00+00:00,28495.760000000002,28526.760000000002,28491.010000000002,28499.380000000005,5031
2026-07-27T00:10:00+00:00,28499.380000000005,28536.760000000002,28493.130000000005,28534.510000000002,7532
2026-07-27T00:15:00+00:00,28534.510000000002,28535.760000000002,28454.510000000002,28468.130000000005,5300
2026-07-27T00:20:00+00:00,28468.130000000005,28483.880000000005,28464.010000000002,28477.130000000005,2767
2026-07-27T00:25:00+00:00,28477.130000000005,28516.630000000005,28475.880000000005,28494.760000000002,5502
2026-07-27T00:30:00+00:00,28494.760000000002,28528.260000000002,28494.380000000005,28511.880000000005,3521
2026-07-27T00:35:00+00:00,28511.880000000005,28515.010000000002,28475.130000000005,28478.380000000005,5542
2026-07-27T00:40:00+00:00,28478.380000000005,28490.760000000002,28471.380000000005,28471.380000000005,4886
2026-07-27T00:45:00+00:00,28471.380000000005,28499.510000000002,28471.380000000005,28493.760000000002,5241
2026-07-27T00:50:00+00:00,28493.760000000002,28527.760000000002,28487.010000000002,28499.510000000002,6238
2026-07-27T00:55:00+00:00,28499.510000000002,28500.510000000002,28468.510000000002,28468.510000000002,3952
2026-07-27T01:00:00+00:00,28468.510000000002,28505.760000000002,28468.510000000002,28474.130000000005,3208
2026-07-27T01:05:00+00:00,28474.130000000005,28499.760000000002,28463.510000000002,28480.630000000005,6274
2026-07-27T01:10:00+00:00,28480.630000000005,28480.630000000005,28439.010000000002,28441.260000000002,4689
2026-07-27T01:15:00+00:00,28441.260000000002,28453.380000000005,28421.260000000002,28421.260000000002,7817
2026-07-27T01:20:00+00:00,28421.260000000002,28438.380000000005,28411.880000000005,28427.130000000005,5508
2026-07-27T01:25:00+00:00,28427.130000000005,28428.380000000005,28399.330000000005,28411.260000000002,5746
2026-07-27T01:30:00+00:00,28411.260000000002,28464.130000000005,28408.010000000002,28449.260000000002,3849
2026-07-27T01:35:00+00:00,28449.260000000002,28484.630000000005,28424.630000000005,28479.380000000005,6648
2026-07-27T01:40:00+00:00,28479.380000000005,28490.880000000005,28449.760000000002,28460.260000000002,10080
2026-07-27T01:45:00+00:00,28460.260000000002,28483.630000000005,28444.760000000002,28474.010000000002,4205
2026-07-27T01:50:00+00:00,28474.010000000002,28477.760000000002,28447.760000000002,28464.880000000005,6073
2026-07-27T01:55:00+00:00,28464.880000000005,28486.630000000005,28459.130000000005,28486.630000000005,6664
2026-07-27T02:00:00+00:00,28486.630000000005,28498.880000000005,28463.630000000005,28467.010000000002,5417
2026-07-27T02:05:00+00:00,28467.010000000002,28491.130000000005,28459.760000000002,28485.010000000002,4048
2026-07-27T02:10:00+00:00,28485.010000000002,28489.510000000002,28469.630000000005,28481.630000000005,6299
2026-07-27T02:15:00+00:00,28481.630000000005,28499.880000000005,28479.760000000002,28497.260000000002,4779
2026-07-27T02:20:00+00:00,28497.260000000002,28506.260000000002,28479.760000000002,28498.760000000002,5924
2026-07-27T02:25:00+00:00,28498.760000000002,28524.630000000005,28496.880000000005,28511.380000000005,5266
2026-07-27T02:30:00+00:00,28511.380000000005,28511.380000000005,28478.880000000005,28488.510000000002,6898
2026-07-27T02:35:00+00:00,28488.510000000002,28523.510000000002,28484.130000000005,28522.630000000005,6424
2026-07-27T02:40:00+00:00,28522.630000000005,28528.010000000002,28516.260000000002,28519.880000000005,5229
2026-07-27T02:45:00+00:00,28519.880000000005,28529.880000000005,28492.010000000002,28494.760000000002,5682
2026-07-27T02:50:00+00:00,28494.760000000002,28498.880000000005,28485.260000000002,28488.630000000005,4944
2026-07-27T02:55:00+00:00,28488.630000000005,28495.380000000005,28483.880000000005,28486.630000000005,3527
2026-07-27T03:00:00+00:00,28486.630000000005,28514.010000000002,28479.630000000005,28483.880000000005,4417
2026-07-27T03:05:00+00:00,28483.880000000005,28499.010000000002,28479.130000000005,28483.760000000002,5384
2026-07-27T03:10:00+00:00,28483.760000000002,28516.510000000002,28477.880000000005,28515.760000000002,4335
2026-07-27T03:15:00+00:00,28515.760000000002,28520.630000000005,28510.260000000002,28520.010000000002,4489
2026-07-27T03:20:00+00:00,28520.010000000002,28522.630000000005,28498.510000000002,28499.510000000002,4546
2026-07-27T03:25:00+00:00,28499.510000000002,28513.510000000002,28490.760000000002,28491.260000000002,5037
2026-07-27T03:30:00+00:00,28491.260000000002,28493.760000000002,28472.510000000002,28485.510000000002,6810
2026-07-27T03:35:00+00:00,28485.510000000002,28489.130000000005,28478.380000000005,28482.630000000005,5706
2026-07-27T03:40:00+00:00,28482.630000000005,28508.760000000002,28479.260000000002,28491.130000000005,5363
2026-07-27T03:45:00+00:00,28491.130000000005,28499.010000000002,28473.010000000002,28476.630000000005,4562
2026-07-27T03:50:00+00:00,28476.630000000005,28484.880000000005,28473.260000000002,28482.260000000002,5318
2026-07-27T03:55:00+00:00,28482.260000000002,28497.130000000005,28466.010000000002,28485.880000000005,5202
2026-07-27T04:00:00+00:00,28485.880000000005,28496.760000000002,28481.380000000005,28484.130000000005,4375
2026-07-27T04:05:00+00:00,28484.130000000005,28495.130000000005,28470.260000000002,28479.010000000002,4848
2026-07-27T04:10:00+00:00,28479.010000000002,28494.380000000005,28474.760000000002,28493.130000000005,6069
2026-07-27T04:15:00+00:00,28493.130000000005,28513.010000000002,28483.760000000002,28511.510000000002,4752
2026-07-27T04:20:00+00:00,28511.510000000002,28517.880000000005,28497.760000000002,28498.380000000005,4372
2026-07-27T04:25:00+00:00,28498.380000000005,28507.760000000002,28479.760000000002,28492.510000000002,5858
2026-07-27T04:30:00+00:00,28492.510000000002,28516.510000000002,28482.010000000002,28513.880000000005,4899
2026-07-27T04:35:00+00:00,28513.880000000005,28517.010000000002,28506.260000000002,28512.760000000002,4344
2026-07-27T04:40:00+00:00,28512.760000000002,28525.880000000005,28509.260000000002,28520.510000000002,4425
2026-07-27T04:45:00+00:00,28520.510000000002,28523.260000000002,28510.510000000002,28516.010000000002,5357
2026-07-27T04:50:00+00:00,28516.010000000002,28533.880000000005,28514.130000000005,28532.130000000005,4859
2026-07-27T04:55:00+00:00,28532.130000000005,28535.380000000005,28514.760000000002,28516.760000000002,3833
2026-07-27T05:00:00+00:00,28516.760000000002,28528.380000000005,28510.380000000005,28516.010000000002,6059
2026-07-27T05:05:00+00:00,28516.010000000002,28532.380000000005,28513.260000000002,28530.380000000005,4337
2026-07-27T05:10:00+00:00,28530.380000000005,28546.880000000005,28530.380000000005,28542.010000000002,4210
2026-07-27T05:15:00+00:00,28542.010000000002,28553.760000000002,28537.130000000005,28547.880000000005,4076
2026-07-27T05:20:00+00:00,28547.880000000005,28556.130000000005,28547.510000000002,28549.510000000002,4115
2026-07-27T05:25:00+00:00,28549.510000000002,28551.760000000002,28544.630000000005,28551.760000000002,3587
2026-07-27T05:30:00+00:00,28551.760000000002,28560.130000000005,28546.760000000002,28559.130000000005,4923
2026-07-27T05:35:00+00:00,28559.130000000005,28576.010000000002,28557.880000000005,28571.260000000002,3743
2026-07-27T05:40:00+00:00,28571.260000000002,28572.760000000002,28556.260000000002,28559.380000000005,4022
2026-07-27T05:45:00+00:00,28559.380000000005,28565.010000000002,28554.510000000002,28562.630000000005,4951
2026-07-27T05:50:00+00:00,28562.630000000005,28571.760000000002,28558.880000000005,28569.760000000002,4017
2026-07-27T05:55:00+00:00,28569.760000000002,28575.630000000005,28565.260000000002,28567.260000000002,3705
2026-07-27T06:00:00+00:00,28567.260000000002,28589.010000000002,28567.260000000002,28579.010000000002,5944
2026-07-27T06:05:00+00:00,28579.010000000002,28596.880000000005,28573.880000000005,28595.630000000005,4245
2026-07-27T06:10:00+00:00,28595.630000000005,28600.510000000002,28584.880000000005,28589.630000000005,4709
2026-07-27T06:15:00+00:00,28589.630000000005,28594.260000000002,28585.760000000002,28593.880000000005,4549
2026-07-27T06:20:00+00:00,28593.880000000005,28594.130000000005,28570.760000000002,28574.510000000002,3897
2026-07-27T06:25:00+00:00,28574.510000000002,28576.760000000002,28566.510000000002,28571.260000000002,3612
2026-07-27T06:30:00+00:00,28571.260000000002,28584.130000000005,28567.510000000002,28580.760000000002,4715
2026-07-27T06:35:00+00:00,28580.760000000002,28587.260000000002,28574.880000000005,28575.880000000005,4063
2026-07-27T06:40:00+00:00,28575.880000000005,28578.630000000005,28567.130000000005,28569.010000000002,3132
2026-07-27T06:45:00+00:00,28569.010000000002,28571.880000000005,28561.260000000002,28567.130000000005,2837
2026-07-27T06:50:00+00:00,28567.130000000005,28572.380000000005,28552.880000000005,28561.380000000005,3954
2026-07-27T06:55:00+00:00,28561.380000000005,28574.880000000005,28559.630000000005,28565.760000000002,3785
2026-07-27T07:00:00+00:00,28565.760000000002,28597.260000000002,28562.630000000005,28595.010000000002,7166
2026-07-27T07:05:00+00:00,28595.010000000002,28595.380000000005,28567.380000000005,28577.260000000002,6279
2026-07-27T07:10:00+00:00,28577.260000000002,28600.880000000005,28576.260000000002,28599.880000000005,5815
2026-07-27T07:15:00+00:00,28599.880000000005,28604.010000000002,28588.510000000002,28591.010000000002,5359
2026-07-27T07:20:00+00:00,28591.010000000002,28595.510000000002,28585.010000000002,28588.010000000002,4325
2026-07-27T07:25:00+00:00,28588.010000000002,28590.010000000002,28574.760000000002,28577.380000000005,5431
2026-07-27T07:30:00+00:00,28577.380000000005,28578.630000000005,28562.880000000005,28568.760000000002,4572
2026-07-27T07:35:00+00:00,28568.760000000002,28569.510000000002,28544.630000000005,28552.260000000002,4784
2026-07-27T07:40:00+00:00,28552.260000000002,28570.010000000002,28548.260000000002,28568.760000000002,3973
2026-07-27T07:45:00+00:00,28568.760000000002,28573.760000000002,28558.760000000002,28571.630000000005,4650
2026-07-27T07:50:00+00:00,28571.630000000005,28571.630000000005,28547.880000000005,28552.260000000002,4552
2026-07-27T07:55:00+00:00,28552.260000000002,28558.130000000005,28534.130000000005,28534.130000000005,5094
2026-07-27T08:00:00+00:00,28534.130000000005,28572.880000000005,28533.380000000005,28554.880000000005,9489
2026-07-27T08:05:00+00:00,28554.880000000005,28569.010000000002,28547.760000000002,28560.010000000002,7452
2026-07-27T08:10:00+00:00,28560.010000000002,28566.760000000002,28546.010000000002,28566.130000000005,5950
2026-07-27T08:15:00+00:00,28566.130000000005,28576.130000000005,28550.510000000002,28569.510000000002,5615
2026-07-27T08:20:00+00:00,28569.510000000002,28577.630000000005,28565.880000000005,28571.260000000002,4417
2026-07-27T08:25:00+00:00,28571.260000000002,28595.260000000002,28571.260000000002,28592.880000000005,5097
2026-07-27T08:30:00+00:00,28592.880000000005,28596.380000000005,28579.630000000005,28579.630000000005,4341
2026-07-27T08:35:00+00:00,28579.630000000005,28594.510000000002,28575.630000000005,28593.260000000002,4676
2026-07-27T08:40:00+00:00,28593.260000000002,28615.010000000002,28591.010000000002,28608.380000000005,4444
2026-07-27T08:45:00+00:00,28608.380000000005,28611.880000000005,28599.510000000002,28599.510000000002,3218
2026-07-27T08:50:00+00:00,28599.510000000002,28616.880000000005,28596.880000000005,28616.010000000002,3804
2026-07-27T08:55:00+00:00,28616.010000000002,28621.130000000005,28608.130000000005,28608.880000000005,3409
2026-07-27T09:00:00+00:00,28608.880000000005,28609.380000000005,28592.760000000002,28602.010000000002,3740
2026-07-27T09:05:00+00:00,28602.010000000002,28603.630000000005,28593.880000000005,28596.010000000002,3533
2026-07-27T09:10:00+00:00,28596.010000000002,28605.880000000005,28594.380000000005,28597.760000000002,3570
2026-07-27T09:15:00+00:00,28597.760000000002,28605.510000000002,28595.760000000002,28599.760000000002,2854
2026-07-27T09:20:00+00:00,28599.760000000002,28610.260000000002,28598.380000000005,28604.010000000002,2935
2026-07-27T09:25:00+00:00,28604.010000000002,28609.260000000002,28596.130000000005,28598.260000000002,4524
2026-07-27T09:30:00+00:00,28598.260000000002,28606.010000000002,28591.130000000005,28605.010000000002,4266
2026-07-27T09:35:00+00:00,28605.010000000002,28617.880000000005,28601.510000000002,28609.760000000002,3302
2026-07-27T09:40:00+00:00,28609.760000000002,28620.130000000005,28606.630000000005,28619.130000000005,2718
2026-07-27T09:45:00+00:00,28619.130000000005,28634.130000000005,28615.260000000002,28630.630000000005,3729
2026-07-27T09:50:00+00:00,28630.630000000005,28634.510000000002,28627.760000000002,28629.760000000002,3056
2026-07-27T09:55:00+00:00,28629.760000000002,28631.510000000002,28618.260000000002,28618.380000000005,2300
2026-07-27T10:00:00+00:00,28618.380000000005,28625.760000000002,28617.010000000002,28618.510000000002,3002
2026-07-27T10:05:00+00:00,28618.510000000002,28621.880000000005,28614.260000000002,28615.380000000005,3133
2026-07-27T10:10:00+00:00,28615.380000000005,28616.380000000005,28599.260000000002,28610.880000000005,4499
2026-07-27T10:15:00+00:00,28610.880000000005,28620.010000000002,28603.260000000002,28609.010000000002,3594
2026-07-27T10:20:00+00:00,28609.010000000002,28616.630000000005,28606.760000000002,28607.130000000005,2825
2026-07-27T10:25:00+00:00,28607.130000000005,28616.760000000002,28606.510000000002,28610.510000000002,2664
2026-07-27T10:30:00+00:00,28610.510000000002,28618.630000000005,28608.510000000002,28611.130000000005,2492
2026-07-27T10:35:00+00:00,28611.130000000005,28614.380000000005,28606.760000000002,28614.130000000005,2096
2026-07-27T10:40:00+00:00,28614.130000000005,28622.880000000005,28605.880000000005,28618.630000000005,2666
2026-07-27T10:45:00+00:00,28618.630000000005,28622.630000000005,28613.260000000002,28621.510000000002,2326
2026-07-27T10:50:00+00:00,28621.510000000002,28623.130000000005,28614.880000000005,28617.630000000005,2353
2026-07-27T10:55:00+00:00,28617.630000000005,28629.880000000005,28612.260000000002,28613.760000000002,3533
2026-07-27T11:00:00+00:00,28613.760000000002,28616.510000000002,28585.630000000005,28594.260000000002,5847
2026-07-27T11:05:00+00:00,28594.260000000002,28595.880000000005,28584.880000000005,28586.380000000005,3487
2026-07-27T11:10:00+00:00,28586.380000000005,28596.130000000005,28581.260000000002,28584.380000000005,3203
2026-07-27T11:15:00+00:00,28584.380000000005,28592.130000000005,28573.510000000002,28573.760000000002,4144
2026-07-27T11:20:00+00:00,28573.760000000002,28577.380000000005,28565.760000000002,28565.760000000002,3417
2026-07-27T11:25:00+00:00,28565.760000000002,28572.630000000005,28523.630000000005,28523.630000000005,4570
2026-07-27T11:30:00+00:00,28523.630000000005,28557.380000000005,28520.760000000002,28535.010000000002,7195
2026-07-27T11:35:00+00:00,28535.010000000002,28552.880000000005,28533.260000000002,28551.260000000002,4574
2026-07-27T11:40:00+00:00,28551.260000000002,28554.260000000002,28528.130000000005,28539.760000000002,5228
2026-07-27T11:45:00+00:00,28539.760000000002,28548.880000000005,28537.510000000002,28546.010000000002,3592
2026-07-27T11:50:00+00:00,28546.010000000002,28549.010000000002,28532.130000000005,28532.380000000005,3767
2026-07-27T11:55:00+00:00,28532.380000000005,28547.510000000002,28532.010000000002,28545.260000000002,3929
2026-07-27T12:00:00+00:00,28545.260000000002,28569.630000000005,28545.260000000002,28562.380000000005,5010
2026-07-27T12:05:00+00:00,28562.380000000005,28569.630000000005,28553.760000000002,28556.380000000005,4699
2026-07-27T12:10:00+00:00,28556.380000000005,28556.510000000002,28506.510000000002,28508.760000000002,8144
2026-07-27T12:15:00+00:00,28508.760000000002,28523.630000000005,28508.510000000002,28513.130000000005,5944
2026-07-27T12:20:00+00:00,28513.130000000005,28518.510000000002,28501.880000000005,28509.130000000005,5707
2026-07-27T12:25:00+00:00,28509.130000000005,28525.130000000005,28506.630000000005,28521.580000000005,4284
2026-07-27T12:30:00+00:00,28521.580000000005,28528.830000000005,28505.260000000002,28523.760000000002,5864
2026-07-27T12:35:00+00:00,28523.760000000002,28541.380000000005,28523.760000000002,28536.760000000002,4910
2026-07-27T12:40:00+00:00,28536.760000000002,28543.510000000002,28528.880000000005,28542.510000000002,5635
2026-07-27T12:45:00+00:00,28542.510000000002,28563.880000000005,28539.260000000002,28556.760000000002,4616
2026-07-27T12:50:00+00:00,28556.760000000002,28563.380000000005,28540.380000000005,28562.880000000005,7283
2026-07-27T12:55:00+00:00,28562.880000000005,28564.010000000002,28547.510000000002,28563.010000000002,5460
2026-07-27T13:00:00+00:00,28563.010000000002,28571.510000000002,28535.760000000002,28552.010000000002,8907
2026-07-27T13:05:00+00:00,28552.010000000002,28552.010000000002,28520.130000000005,28529.260000000002,8169
2026-07-27T13:10:00+00:00,28529.260000000002,28547.510000000002,28527.630000000005,28533.260000000002,6621
2026-07-27T13:15:00+00:00,28533.260000000002,28547.510000000002,28509.760000000002,28513.010000000002,6745
2026-07-27T13:20:00+00:00,28513.010000000002,28514.880000000005,28506.130000000005,28509.260000000002,6543
2026-07-27T13:25:00+00:00,28509.260000000002,28510.630000000005,28460.760000000002,28460.760000000002,11994
2026-07-27T13:30:00+00:00,28460.760000000002,28486.530000000002,28361.030000000002,28409.030000000002,59241
2026-07-27T13:35:00+00:00,28409.030000000002,28485.660000000003,28400.030000000002,28417.660000000003,52494
2026-07-27T13:40:00+00:00,28417.660000000003,28426.160000000003,28302.030000000002,28326.030000000002,55958
2026-07-27T13:45:00+00:00,28326.030000000002,28361.160000000003,28297.660000000003,28332.280000000002,56568
2026-07-27T13:50:00+00:00,28332.280000000002,28375.780000000002,28321.030000000002,28332.030000000002,49189
2026-07-27T13:55:00+00:00,28332.030000000002,28336.160000000003,28214.910000000003,28220.030000000002,44998
2026-07-27T14:00:00+00:00,28220.030000000002,28243.660000000003,28160.910000000003,28191.030000000002,42859
2026-07-27T14:05:00+00:00,28191.030000000002,28219.410000000003,28150.780000000002,28194.280000000002,44690
2026-07-27T14:10:00+00:00,28194.280000000002,28195.660000000003,28104.660000000003,28124.160000000003,42222
2026-07-27T14:15:00+00:00,28124.160000000003,28170.780000000002,28098.410000000003,28134.030000000002,42676
2026-07-27T14:20:00+00:00,28134.030000000002,28134.030000000002,28041.280000000002,28055.160000000003,40749
2026-07-27T14:25:00+00:00,28055.160000000003,28056.030000000002,27951.410000000003,27958.030000000002,38557
2026-07-27T14:30:00+00:00,27958.030000000002,27976.780000000002,27914.030000000002,27923.530000000002,43817
2026-07-27T14:35:00+00:00,27923.530000000002,27938.530000000002,27868.530000000002,27904.280000000002,50353
2026-07-27T14:40:00+00:00,27904.280000000002,27916.030000000002,27812.530000000002,27830.660000000003,47795
2026-07-27T14:45:00+00:00,27830.660000000003,27944.030000000002,27830.410000000003,27936.910000000003,52045
2026-07-27T14:50:00+00:00,27936.910000000003,27997.910000000003,27936.160000000003,27975.160000000003,41861
2026-07-27T14:55:00+00:00,27975.160000000003,28051.780000000002,27961.280000000002,28042.910000000003,37205
2026-07-27T15:00:00+00:00,28042.910000000003,28058.660000000003,28011.910000000003,28033.660000000003,38364
2026-07-27T15:05:00+00:00,28033.660000000003,28070.160000000003,28011.410000000003,28023.530000000002,33360
2026-07-27T15:10:00+00:00,28023.530000000002,28052.780000000002,27995.160000000003,28000.030000000002,39364
2026-07-27T15:15:00+00:00,28000.030000000002,28006.780000000002,27921.660000000003,27979.030000000002,39575
2026-07-27T15:20:00+00:00,27979.030000000002,28022.780000000002,27935.030000000002,27949.280000000002,40346
2026-07-27T15:25:00+00:00,27949.280000000002,27966.160000000003,27920.280000000002,27945.530000000002,34033
2026-07-27T15:30:00+00:00,27945.530000000002,27955.780000000002,27885.280000000002,27900.530000000002,29612
2026-07-27T15:35:00+00:00,27900.530000000002,27906.410000000003,27853.410000000003,27889.280000000002,31321
2026-07-27T15:40:00+00:00,27889.280000000002,27919.280000000002,27867.160000000003,27912.280000000002,31691
2026-07-27T15:45:00+00:00,27912.280000000002,27921.030000000002,27868.530000000002,27885.280000000002,30493
2026-07-27T15:50:00+00:00,27885.280000000002,27908.660000000003,27869.780000000002,27893.280000000002,28623
2026-07-27T15:55:00+00:00,27893.280000000002,27946.160000000003,27887.910000000003,27935.030000000002,29480
2026-07-27T16:00:00+00:00,27935.030000000002,27992.660000000003,27930.660000000003,27992.660000000003,28656
2026-07-27T16:05:00+00:00,27992.660000000003,28006.280000000002,27964.280000000002,27996.910000000003,25303
2026-07-27T16:10:00+00:00,27996.910000000003,28025.410000000003,27945.660000000003,27951.160000000003,23011
2026-07-27T16:15:00+00:00,27951.160000000003,27957.410000000003,27917.530000000002,27936.030000000002,27592
2026-07-27T16:20:00+00:00,27936.030000000002,27968.660000000003,27919.410000000003,27968.280000000002,24583
2026-07-27T16:25:00+00:00,27968.280000000002,28073.280000000002,27965.660000000003,28026.160000000003,36116
2026-07-27T16:30:00+00:00,28026.160000000003,28068.660000000003,28006.280000000002,28021.660000000003,28966
2026-07-27T16:35:00+00:00,28021.660000000003,28052.410000000003,27986.280000000002,28043.160000000003,26392
2026-07-27T16:40:00+00:00,28043.160000000003,28051.410000000003,27992.030000000002,28006.410000000003,22961
2026-07-27T16:45:00+00:00,28006.410000000003,28028.280000000002,27988.410000000003,27989.780000000002,21521
2026-07-27T16:50:00+00:00,27989.780000000002,27989.780000000002,27923.530000000002,27931.910000000003,24874
2026-07-27T16:55:00+00:00,27931.910000000003,27932.160000000003,27900.780000000002,27919.530000000002,21152
2026-07-27T17:00:00+00:00,27919.530000000002,27928.030000000002,27870.330000000005,27879.410000000003,17570
2026-07-27T17:05:00+00:00,27879.410000000003,27901.780000000002,27867.160000000003,27890.780000000002,18273
2026-07-27T17:10:00+00:00,27890.780000000002,27916.410000000003,27877.660000000003,27907.410000000003,19477
2026-07-27T17:15:00+00:00,27907.410000000003,27915.160000000003,27860.030000000002,27874.660000000003,20135
2026-07-27T17:20:00+00:00,27874.660000000003,27906.660000000003,27868.410000000003,27883.280000000002,19484
2026-07-27T17:25:00+00:00,27883.280000000002,27894.910000000003,27866.780000000002,27871.160000000003,17646
2026-07-27T17:30:00+00:00,27871.160000000003,27933.280000000002,27870.160000000003,27931.780000000002,17632
2026-07-27T17:35:00+00:00,27931.780000000002,27936.410000000003,27900.660000000003,27904.280000000002,18717
2026-07-27T17:40:00+00:00,27904.280000000002,27915.280000000002,27888.780000000002,27908.160000000003,17453
2026-07-27T17:45:00+00:00,27908.160000000003,27931.530000000002,27887.030000000002,27905.160000000003,16944
2026-07-27T17:50:00+00:00,27905.160000000003,27959.160000000003,27899.280000000002,27957.780000000002,17912
2026-07-27T17:55:00+00:00,27957.780000000002,27978.410000000003,27944.660000000003,27977.530000000002,16020
2026-07-27T18:00:00+00:00,27977.530000000002,27993.410000000003,27963.910000000003,27965.780000000002,18826
2026-07-27T18:05:00+00:00,27965.780000000002,27988.030000000002,27958.780000000002,27970.410000000003,15848
2026-07-27T18:10:00+00:00,27970.410000000003,27984.280000000002,27965.910000000003,27973.910000000003,14773
2026-07-27T18:15:00+00:00,27973.910000000003,27977.660000000003,27923.160000000003,27935.660000000003,17623
2026-07-27T18:20:00+00:00,27935.660000000003,27958.910000000003,27926.030000000002,27952.160000000003,16018
2026-07-27T18:25:00+00:00,27952.160000000003,27964.160000000003,27942.160000000003,27954.530000000002,15797
2026-07-27T18:30:00+00:00,27954.530000000002,27954.910000000003,27910.280000000002,27913.780000000002,14749
2026-07-27T18:35:00+00:00,27913.780000000002,27927.160000000003,27900.410000000003,27905.410000000003,14321
2026-07-27T18:40:00+00:00,27905.410000000003,27959.530000000002,27893.030000000002,27955.030000000002,17500
2026-07-27T18:45:00+00:00,27955.030000000002,27972.530000000002,27942.530000000002,27946.280000000002,16685
2026-07-27T18:50:00+00:00,27946.280000000002,28032.660000000003,27943.660000000003,28024.030000000002,17261
2026-07-27T18:55:00+00:00,28024.030000000002,28063.660000000003,28024.030000000002,28060.910000000003,21803
2026-07-27T19:00:00+00:00,28060.910000000003,28068.910000000003,28043.660000000003,28045.660000000003,17702
2026-07-27T19:05:00+00:00,28045.660000000003,28096.280000000002,28038.780000000002,28087.660000000003,18089
2026-07-27T19:10:00+00:00,28087.660000000003,28104.410000000003,28065.660000000003,28074.280000000002,12128
2026-07-27T19:15:00+00:00,28074.280000000002,28090.160000000003,28068.280000000002,28086.160000000003,9718
2026-07-27T19:20:00+00:00,28086.160000000003,28108.280000000002,28074.780000000002,28097.780000000002,9640
2026-07-27T19:25:00+00:00,28097.780000000002,28115.910000000003,28076.780000000002,28115.910000000003,9721
2026-07-27T19:30:00+00:00,28115.910000000003,28126.910000000003,28105.410000000003,28105.410000000003,11476
2026-07-27T19:35:00+00:00,28105.410000000003,28114.530000000002,28053.660000000003,28057.780000000002,12271
2026-07-27T19:40:00+00:00,28057.780000000002,28075.780000000002,28045.280000000002,28049.280000000002,11478
2026-07-27T19:45:00+00:00,28049.280000000002,28059.910000000003,28028.660000000003,28058.030000000002,14270
2026-07-27T19:50:00+00:00,28058.030000000002,28065.330000000005,28037.410000000003,28051.410000000003,21061
2026-07-27T19:55:00+00:00,28051.410000000003,28077.660000000003,28034.280000000002,28065.160000000003,19905
2026-07-27T20:00:00+00:00,28065.160000000003,28091.510000000002,28054.760000000002,28068.760000000002,8837
2026-07-27T20:05:00+00:00,28068.760000000002,28071.010000000002,28051.260000000002,28068.880000000005,4288
2026-07-27T20:10:00+00:00,28068.880000000005,28068.880000000005,28041.630000000005,28063.260000000002,5294
2026-07-27T20:15:00+00:00,28063.260000000002,28065.760000000002,28054.260000000002,28059.130000000005,3295
2026-07-27T20:20:00+00:00,28059.130000000005,28060.260000000002,28046.380000000005,28056.880000000005,2440
2026-07-27T20:25:00+00:00,28056.880000000005,28066.880000000005,28056.760000000002,28066.760000000002,2699
2026-07-27T20:30:00+00:00,28066.760000000002,28092.010000000002,28064.260000000002,28090.380000000005,2636
2026-07-27T20:35:00+00:00,28090.380000000005,28103.130000000005,28085.260000000002,28091.510000000002,3878
2026-07-27T20:40:00+00:00,28091.510000000002,28092.760000000002,28079.880000000005,28080.130000000005,2289
2026-07-27T20:45:00+00:00,28080.130000000005,28082.010000000002,28066.010000000002,28067.010000000002,2662
2026-07-27T20:50:00+00:00,28067.010000000002,28076.010000000002,28059.880000000005,28066.010000000002,2345
2026-07-27T20:55:00+00:00,28066.010000000002,28083.580000000005,28065.010000000002,28082.700000000004,2364
2026-07-27T22:00:00+00:00,28082.700000000004,28101.860000000004,28063.480000000003,28064.180000000004,3175
2026-07-27T22:05:00+00:00,28064.180000000004,28067.980000000003,28047.980000000003,28051.480000000003,2476
2026-07-27T22:10:00+00:00,28051.480000000003,28052.360000000004,28030.480000000003,28032.480000000003,2389
2026-07-27T22:15:00+00:00,28032.480000000003,28041.980000000003,28027.730000000003,28032.480000000003,1979
2026-07-27T22:20:00+00:00,28032.480000000003,28039.110000000004,28021.230000000003,28023.480000000003,2507
2026-07-27T22:25:00+00:00,28023.480000000003,28028.360000000004,28000.860000000004,28003.110000000004,2921
2026-07-27T22:30:00+00:00,28003.110000000004,28022.730000000003,28003.110000000004,28020.610000000004,2644
2026-07-27T22:35:00+00:00,28020.610000000004,28029.480000000003,28012.110000000004,28018.730000000003,1902
2026-07-27T22:40:00+00:00,28018.730000000003,28018.730000000003,27999.610000000004,28007.230000000003,1935
2026-07-27T22:45:00+00:00,28007.230000000003,28017.360000000004,28000.110000000004,28012.730000000003,1529
2026-07-27T22:50:00+00:00,28012.730000000003,28022.610000000004,28007.730000000003,28010.360000000004,1865
2026-07-27T22:55:00+00:00,28010.360000000004,28012.230000000003,27999.980000000003,28007.230000000003,1565
2026-07-27T23:00:00+00:00,28007.230000000003,28009.230000000003,27980.230000000003,27985.610000000004,3090
2026-07-27T23:05:00+00:00,27985.610000000004,28025.860000000004,27982.610000000004,28004.480000000003,2882
2026-07-27T23:10:00+00:00,28004.480000000003,28011.610000000004,27998.360000000004,28004.610000000004,2197
2026-07-27T23:15:00+00:00,28004.610000000004,28023.230000000003,27992.610000000004,28019.480000000003,2181
2026-07-27T23:20:00+00:00,28019.480000000003,28031.980000000003,28012.110000000004,28021.610000000004,2049
2026-07-27T23:25:00+00:00,28021.610000000004,28037.110000000004,28017.610000000004,28035.860000000004,2073
2026-07-27T23:30:00+00:00,28035.860000000004,28035.860000000004,28025.730000000003,28029.230000000003,2030
2026-07-27T23:35:00+00:00,28029.230000000003,28029.610000000004,28014.610000000004,28019.110000000004,2151
2026-07-27T23:40:00+00:00,28019.110000000004,28019.980000000003,28004.610000000004,28006.980000000003,2000
2026-07-27T23:45:00+00:00,28006.980000000003,28017.860000000004,27995.610000000004,28004.360000000004,9133
2026-07-27T23:50:00+00:00,28004.360000000004,28051.980000000003,27999.230000000003,28046.230000000003,6833
2026-07-27T23:55:00+00:00,28046.230000000003,28051.480000000003,28030.360000000004,28037.480000000003,7429
2026-07-28T00:00:00+00:00,28037.480000000003,28068.860000000004,28028.730000000003,28059.230000000003,16849
2026-07-28T00:05:00+00:00,28059.230000000003,28063.110000000004,28004.230000000003,28014.730000000003,13337
2026-07-28T00:10:00+00:00,28014.730000000003,28025.730000000003,27969.610000000004,27985.480000000003,11470
2026-07-28T00:15:00+00:00,27985.480000000003,28006.110000000004,27976.480000000003,27988.480000000003,14717
2026-07-28T00:20:00+00:00,27988.480000000003,27997.860000000004,27956.360000000004,27965.110000000004,12595
2026-07-28T00:25:00+00:00,27965.110000000004,27978.860000000004,27944.360000000004,27978.860000000004,10893
2026-07-28T00:30:00+00:00,27978.860000000004,28001.480000000003,27935.110000000004,27993.230000000003,13859
2026-07-28T00:35:00+00:00,27993.230000000003,28012.860000000004,27989.230000000003,27994.360000000004,13527
2026-07-28T00:40:00+00:00,27994.360000000004,28012.230000000003,27982.860000000004,27995.110000000004,11304
2026-07-28T00:45:00+00:00,27995.110000000004,27995.110000000004,27945.110000000004,27952.230000000003,12736
2026-07-28T00:50:00+00:00,27952.230000000003,27953.480000000003,27936.480000000003,27945.730000000003,8662
2026-07-28T00:55:00+00:00,27945.730000000003,27958.360000000004,27931.110000000004,27945.860000000004,8780
2026-07-28T01:00:00+00:00,27945.860000000004,27952.360000000004,27916.360000000004,27916.360000000004,15411
2026-07-28T01:05:00+00:00,27916.360000000004,27922.360000000004,27863.360000000004,27880.480000000003,9503
2026-07-28T01:10:00+00:00,27880.480000000003,27885.110000000004,27844.110000000004,27867.230000000003,9493
2026-07-28T01:15:00+00:00,27867.230000000003,27883.860000000004,27861.360000000004,27876.730000000003,8758
2026-07-28T01:20:00+00:00,27876.730000000003,27895.110000000004,27865.360000000004,27878.980000000003,9855
2026-07-28T01:25:00+00:00,27878.980000000003,27952.360000000004,27869.480000000003,27933.730000000003,8759
2026-07-28T01:30:00+00:00,27933.730000000003,27964.360000000004,27927.610000000004,27963.610000000004,11038
2026-07-28T01:35:00+00:00,27963.610000000004,27971.110000000004,27931.730000000003,27939.360000000004,7846
2026-07-28T01:40:00+00:00,27939.360000000004,27956.980000000003,27921.480000000003,27954.110000000004,9032
2026-07-28T01:45:00+00:00,27954.110000000004,27968.860000000004,27939.730000000003,27955.980000000003,11869
2026-07-28T01:50:00+00:00,27955.980000000003,27958.360000000004,27894.730000000003,27897.230000000003,9593
2026-07-28T01:55:00+00:00,27897.230000000003,27901.480000000003,27882.730000000003,27895.230000000003,6635
2026-07-28T02:00:00+00:00,27895.230000000003,27898.110000000004,27860.860000000004,27862.480000000003,8538
2026-07-28T02:05:00+00:00,27862.480000000003,27878.480000000003,27859.610000000004,27869.860000000004,9013
2026-07-28T02:10:00+00:00,27869.860000000004,27884.610000000004,27860.860000000004,27870.480000000003,6792
2026-07-28T02:15:00+00:00,27870.480000000003,27887.360000000004,27847.230000000003,27886.480000000003,7278
2026-07-28T02:20:00+00:00,27886.480000000003,27904.610000000004,27880.480000000003,27895.980000000003,8683
2026-07-28T02:25:00+00:00,27895.980000000003,27897.110000000004,27856.110000000004,27861.980000000003,8407
2026-07-28T02:30:00+00:00,27861.980000000003,27862.610000000004,27826.110000000004,27844.980000000003,8085
2026-07-28T02:35:00+00:00,27844.980000000003,27862.730000000003,27832.230000000003,27851.610000000004,7989
2026-07-28T02:40:00+00:00,27851.610000000004,27856.230000000003,27835.860000000004,27845.860000000004,7460
2026-07-28T02:45:00+00:00,27845.860000000004,27852.980000000003,27837.730000000003,27847.110000000004,7420
2026-07-28T02:50:00+00:00,27847.110000000004,27881.360000000004,27830.730000000003,27866.730000000003,8511
2026-07-28T02:55:00+00:00,27866.730000000003,27871.480000000003,27852.730000000003,27866.980000000003,8349
2026-07-28T03:00:00+00:00,27866.980000000003,27871.230000000003,27828.110000000004,27839.230000000003,6790
2026-07-28T03:05:00+00:00,27839.230000000003,27840.610000000004,27816.610000000004,27818.730000000003,6266
2026-07-28T03:10:00+00:00,27818.730000000003,27846.980000000003,27807.610000000004,27842.610000000004,7158
2026-07-28T03:15:00+00:00,27842.610000000004,27898.360000000004,27838.980000000003,27897.360000000004,8859
2026-07-28T03:20:00+00:00,27897.360000000004,27920.110000000004,27892.360000000004,27908.610000000004,8727
2026-07-28T03:25:00+00:00,27908.610000000004,27920.480000000003,27856.730000000003,27860.980000000003,6743
2026-07-28T03:30:00+00:00,27860.980000000003,27890.480000000003,27826.480000000003,27887.230000000003,10309
2026-07-28T03:35:00+00:00,27887.230000000003,27920.110000000004,27879.480000000003,27916.110000000004,9589
2026-07-28T03:40:00+00:00,27916.110000000004,27937.230000000003,27909.230000000003,27930.980000000003,10218
2026-07-28T03:45:00+00:00,27930.980000000003,27945.110000000004,27914.860000000004,27933.860000000004,9720
2026-07-28T03:50:00+00:00,27933.860000000004,27937.230000000003,27905.730000000003,27921.480000000003,8235
2026-07-28T03:55:00+00:00,27921.480000000003,27927.610000000004,27901.480000000003,27923.110000000004,8374
2026-07-28T04:00:00+00:00,27923.110000000004,27923.110000000004,27907.730000000003,27907.980000000003,9423
2026-07-28T04:05:00+00:00,27907.980000000003,27909.860000000004,27881.480000000003,27881.480000000003,6754
2026-07-28T04:10:00+00:00,27881.480000000003,27886.860000000004,27852.980000000003,27859.730000000003,5252
2026-07-28T04:15:00+00:00,27859.730000000003,27888.360000000004,27850.980000000003,27886.860000000004,7743
2026-07-28T04:20:00+00:00,27886.860000000004,27890.860000000004,27845.230000000003,27850.980000000003,6502
2026-07-28T04:25:00+00:00,27850.980000000003,27859.110000000004,27844.980000000003,27847.730000000003,5762
2026-07-28T04:30:00+00:00,27847.730000000003,27855.730000000003,27836.980000000003,27847.110000000004,6063
2026-07-28T04:35:00+00:00,27847.110000000004,27857.230000000003,27835.610000000004,27852.230000000003,6047
2026-07-28T04:40:00+00:00,27852.230000000003,27857.480000000003,27838.860000000004,27849.730000000003,6983
2026-07-28T04:45:00+00:00,27849.730000000003,27877.230000000003,27845.610000000004,27849.480000000003,7480
2026-07-28T04:50:00+00:00,27849.480000000003,27853.360000000004,27828.480000000003,27837.480000000003,6764
2026-07-28T04:55:00+00:00,27837.480000000003,27843.610000000004,27826.110000000004,27830.360000000004,5990
2026-07-28T05:00:00+00:00,27830.360000000004,27857.480000000003,27823.610000000004,27847.360000000004,9165
2026-07-28T05:05:00+00:00,27847.360000000004,27848.860000000004,27823.980000000003,27847.860000000004,7933
2026-07-28T05:10:00+00:00,27847.860000000004,27848.110000000004,27817.480000000003,27821.360000000004,5808
2026-07-28T05:15:00+00:00,27821.360000000004,27830.610000000004,27813.980000000003,27813.980000000003,5209
2026-07-28T05:20:00+00:00,27813.980000000003,27820.860000000004,27800.110000000004,27807.230000000003,6011
2026-07-28T05:25:00+00:00,27807.230000000003,27807.230000000003,27789.860000000004,27794.230000000003,6700
2026-07-28T05:30:00+00:00,27794.230000000003,27798.110000000004,27762.480000000003,27763.360000000004,6557
2026-07-28T05:35:00+00:00,27763.360000000004,27788.110000000004,27751.110000000004,27774.480000000003,6475
2026-07-28T05:40:00+00:00,27774.480000000003,27774.480000000003,27755.360000000004,27772.110000000004,6806
2026-07-28T05:45:00+00:00,27772.110000000004,27787.110000000004,27768.110000000004,27785.480000000003,6144
2026-07-28T05:50:00+00:00,27785.480000000003,27798.730000000003,27768.980000000003,27772.860000000004,6434
2026-07-28T05:55:00+00:00,27772.860000000004,27780.980000000003,27746.360000000004,27755.110000000004,4948
2026-07-28T06:00:00+00:00,27755.110000000004,27775.860000000004,27735.730000000003,27737.360000000004,7886
2026-07-28T06:05:00+00:00,27737.360000000004,27743.730000000003,27728.610000000004,27732.110000000004,7458
2026-07-28T06:10:00+00:00,27732.110000000004,27734.230000000003,27714.230000000003,27719.610000000004,6316
2026-07-28T06:15:00+00:00,27719.610000000004,27743.860000000004,27719.610000000004,27732.610000000004,7116
2026-07-28T06:20:00+00:00,27732.610000000004,27756.860000000004,27722.980000000003,27740.610000000004,6570
2026-07-28T06:25:00+00:00,27740.610000000004,27780.980000000003,27736.980000000003,27775.860000000004,7991
2026-07-28T06:30:00+00:00,27775.860000000004,27786.360000000004,27767.230000000003,27779.680000000004,8846
2026-07-28T06:35:00+00:00,27779.680000000004,27805.110000000004,27779.680000000004,27798.610000000004,6719
2026-07-28T06:40:00+00:00,27798.610000000004,27810.730000000003,27792.980000000003,27792.980000000003,5098
2026-07-28T06:45:00+00:00,27792.980000000003,27793.110000000004,27777.110000000004,27783.730000000003,5384
2026-07-28T06:50:00+00:00,27783.730000000003,27801.110000000004,27781.110000000004,27801.110000000004,5019
2026-07-28T06:55:00+00:00,27801.110000000004,27831.480000000003,27799.230000000003,27821.230000000003,5544
2026-07-28T07:00:00+00:00,27821.230000000003,27841.980000000003,27814.860000000004,27822.610000000004,9330
2026-07-28T07:05:00+00:00,27822.610000000004,27854.110000000004,27809.230000000003,27847.480000000003,7700
2026-07-28T07:10:00+00:00,27847.480000000003,27854.480000000003,27834.610000000004,27846.730000000003,8162
2026-07-28T07:15:00+00:00,27846.730000000003,27862.480000000003,27843.610000000004,27844.480000000003,7204
2026-07-28T07:20:00+00:00,27844.480000000003,27851.860000000004,27829.860000000004,27829.860000000004,6174
2026-07-28T07:25:00+00:00,27829.860000000004,27837.360000000004,27812.980000000003,27817.980000000003,6718
2026-07-28T07:30:00+00:00,27817.980000000003,27821.480000000003,27808.480000000003,27815.980000000003,6737
2026-07-28T07:35:00+00:00,27815.980000000003,27829.360000000004,27802.360000000004,27826.230000000003,6447
2026-07-28T07:40:00+00:00,27826.230000000003,27836.110000000004,27811.480000000003,27814.360000000004,5434
2026-07-28T07:45:00+00:00,27814.360000000004,27816.480000000003,27782.980000000003,27795.480000000003,5844
2026-07-28T07:50:00+00:00,27795.480000000003,27828.230000000003,27784.730000000003,27819.980000000003,7966
2026-07-28T07:55:00+00:00,27819.980000000003,27825.860000000004,27802.610000000004,27807.730000000003,6839
2026-07-28T08:00:00+00:00,27807.730000000003,27819.730000000003,27774.980000000003,27801.730000000003,12268
2026-07-28T08:05:00+00:00,27801.730000000003,27822.360000000004,27769.980000000003,27773.230000000003,9447
2026-07-28T08:10:00+00:00,27773.230000000003,27773.360000000004,27754.730000000003,27763.480000000003,7996
2026-07-28T08:15:00+00:00,27763.480000000003,27850.230000000003,27759.110000000004,27835.610000000004,10748
2026-07-28T08:20:00+00:00,27835.610000000004,27881.610000000004,27830.730000000003,27876.230000000003,10122
2026-07-28T08:25:00+00:00,27876.230000000003,27878.110000000004,27860.360000000004,27876.980000000003,8014
2026-07-28T08:30:00+00:00,27876.980000000003,27884.360000000004,27849.480000000003,27882.980000000003,7914
2026-07-28T08:35:00+00:00,27882.980000000003,27898.110000000004,27859.480000000003,27888.480000000003,8099
2026-07-28T08:40:00+00:00,27888.480000000003,27921.110000000004,27887.360000000004,27911.980000000003,6039
2026-07-28T08:45:00+00:00,27911.980000000003,27925.360000000004,27892.610000000004,27894.360000000004,6676
2026-07-28T08:50:00+00:00,27894.360000000004,27907.610000000004,27876.230000000003,27882.610000000004,6035
2026-07-28T08:55:00+00:00,27882.610000000004,27884.980000000003,27861.610000000004,27868.360000000004,5698
2026-07-28T09:00:00+00:00,27868.360000000004,27880.730000000003,27861.230000000003,27868.860000000004,6636
2026-07-28T09:05:00+00:00,27868.860000000004,27884.480000000003,27865.480000000003,27877.980000000003,6149
2026-07-28T09:10:00+00:00,27877.980000000003,27889.110000000004,27856.980000000003,27863.610000000004,6271
2026-07-28T09:15:00+00:00,27863.610000000004,27877.230000000003,27859.980000000003,27877.230000000003,5962
2026-07-28T09:20:00+00:00,27877.230000000003,27883.110000000004,27872.980000000003,27878.110000000004,5376
2026-07-28T09:25:00+00:00,27878.110000000004,27890.610000000004,27870.980000000003,27887.610000000004,5634
2026-07-28T09:30:00+00:00,27887.610000000004,27887.610000000004,27857.110000000004,27858.360000000004,5786
2026-07-28T09:35:00+00:00,27858.360000000004,27861.610000000004,27843.610000000004,27852.610000000004,5466
2026-07-28T09:40:00+00:00,27852.610000000004,27866.110000000004,27842.110000000004,27847.110000000004,4416
2026-07-28T09:45:00+00:00,27847.110000000004,27855.730000000003,27841.610000000004,27847.980000000003,4235
2026-07-28T09:50:00+00:00,27847.980000000003,27855.730000000003,27834.360000000004,27837.980000000003,4133
2026-07-28T09:55:00+00:00,27837.980000000003,27839.730000000003,27816.730000000003,27831.230000000003,4825
2026-07-28T10:00:00+00:00,27831.230000000003,27838.730000000003,27823.480000000003,27836.860000000004,4897
2026-07-28T10:05:00+00:00,27836.860000000004,27839.480000000003,27825.110000000004,27835.860000000004,5385
2026-07-28T10:10:00+00:00,27835.860000000004,27838.980000000003,27821.860000000004,27826.860000000004,4912
2026-07-28T10:15:00+00:00,27826.860000000004,27843.730000000003,27822.860000000004,27842.610000000004,5589
2026-07-28T10:20:00+00:00,27842.610000000004,27843.360000000004,27812.860000000004,27819.730000000003,5407
2026-07-28T10:25:00+00:00,27819.730000000003,27842.980000000003,27807.860000000004,27842.360000000004,5062
2026-07-28T10:30:00+00:00,27842.360000000004,27853.730000000003,27819.360000000004,27822.730000000003,5870
2026-07-28T10:35:00+00:00,27822.730000000003,27828.110000000004,27796.480000000003,27797.860000000004,8040
2026-07-28T10:40:00+00:00,27797.860000000004,27807.610000000004,27779.980000000003,27806.730000000003,6056
2026-07-28T10:45:00+00:00,27806.730000000003,27824.860000000004,27801.480000000003,27805.980000000003,6624
2026-07-28T10:50:00+00:00,27805.980000000003,27825.230000000003,27800.980000000003,27824.730000000003,4926
2026-07-28T10:55:00+00:00,27824.730000000003,27825.230000000003,27806.980000000003,27818.480000000003,6104
2026-07-28T11:00:00+00:00,27818.480000000003,27826.430000000004,27765.360000000004,27767.610000000004,11851
2026-07-28T11:05:00+00:00,27767.610000000004,27783.230000000003,27756.980000000003,27764.730000000003,8649
2026-07-28T11:10:00+00:00,27764.730000000003,27769.230000000003,27739.480000000003,27744.860000000004,8904
2026-07-28T11:15:00+00:00,27744.860000000004,27821.610000000004,27743.860000000004,27820.230000000003,11515
2026-07-28T11:20:00+00:00,27820.230000000003,27832.230000000003,27791.480000000003,27791.480000000003,8946
2026-07-28T11:25:00+00:00,27791.480000000003,27791.730000000003,27757.360000000004,27757.980000000003,6525
2026-07-28T11:30:00+00:00,27757.980000000003,27768.980000000003,27742.730000000003,27751.360000000004,8082
2026-07-28T11:35:00+00:00,27751.360000000004,27797.610000000004,27746.610000000004,27747.860000000004,8672
2026-07-28T11:40:00+00:00,27747.860000000004,27751.610000000004,27724.360000000004,27749.110000000004,7352
2026-07-28T11:45:00+00:00,27749.110000000004,27794.360000000004,27735.860000000004,27784.110000000004,7385
2026-07-28T11:50:00+00:00,27784.110000000004,27801.730000000003,27773.480000000003,27793.110000000004,6911
2026-07-28T11:55:00+00:00,27793.110000000004,27847.860000000004,27793.110000000004,27837.610000000004,7531
2026-07-28T12:00:00+00:00,27837.610000000004,27867.730000000003,27828.730000000003,27857.860000000004,8565
2026-07-28T12:05:00+00:00,27857.860000000004,27875.230000000003,27844.730000000003,27853.110000000004,7916
2026-07-28T12:10:00+00:00,27853.110000000004,27856.980000000003,27824.480000000003,27838.230000000003,6449
2026-07-28T12:15:00+00:00,27838.230000000003,27846.730000000003,27823.730000000003,27843.610000000004,7479
2026-07-28T12:20:00+00:00,27843.610000000004,27853.980000000003,27829.110000000004,27848.730000000003,8269
2026-07-28T12:25:00+00:00,27848.730000000003,27892.230000000003,27843.730000000003,27884.230000000003,7388
2026-07-28T12:30:00+00:00,27884.230000000003,27901.610000000004,27849.110000000004,27853.860000000004,8449
2026-07-28T12:35:00+00:00,27853.860000000004,27872.480000000003,27838.730000000003,27839.610000000004,7733
2026-07-28T12:40:00+00:00,27839.610000000004,27891.980000000003,27830.980000000003,27884.730000000003,8730
2026-07-28T12:45:00+00:00,27884.730000000003,27906.610000000004,27876.360000000004,27881.610000000004,8309
2026-07-28T12:50:00+00:00,27881.610000000004,27887.110000000004,27853.230000000003,27883.730000000003,7441
2026-07-28T12:55:00+00:00,27883.730000000003,27891.230000000003,27866.980000000003,27868.230000000003,7009
2026-07-28T13:00:00+00:00,27868.230000000003,27877.360000000004,27848.860000000004,27852.610000000004,10132
2026-07-28T13:05:00+00:00,27852.610000000004,27901.110000000004,27848.730000000003,27891.860000000004,8657
2026-07-28T13:10:00+00:00,27891.860000000004,27897.730000000003,27872.110000000004,27875.730000000003,7419
2026-07-28T13:15:00+00:00,27875.730000000003,27902.730000000003,27870.230000000003,27888.110000000004,9216
2026-07-28T13:20:00+00:00,27888.110000000004,27895.230000000003,27861.360000000004,27873.480000000003,8456
2026-07-28T13:25:00+00:00,27873.480000000003,27873.480000000003,27813.360000000004,27825.980000000003,14540
2026-07-28T13:30:00+00:00,27825.980000000003,27865.380000000005,27746.630000000005,27751.630000000005,55830
2026-07-28T13:35:00+00:00,27751.630000000005,27796.630000000005,27664.010000000002,27666.130000000005,51217
2026-07-28T13:40:00+00:00,27666.130000000005,27714.380000000005,27604.630000000005,27624.510000000002,47461
2026-07-28T13:45:00+00:00,27624.510000000002,27637.630000000005,27534.380000000005,27629.880000000005,50273
2026-07-28T13:50:00+00:00,27629.880000000005,27671.880000000005,27559.510000000002,27571.880000000005,56554
2026-07-28T13:55:00+00:00,27571.880000000005,27592.130000000005,27519.510000000002,27537.680000000004,45986
2026-07-28T14:00:00+00:00,27537.680000000004,27623.380000000005,27527.510000000002,27589.380000000005,48830
2026-07-28T14:05:00+00:00,27589.380000000005,27667.010000000002,27542.760000000002,27550.010000000002,52051
2026-07-28T14:10:00+00:00,27550.010000000002,27605.010000000002,27484.010000000002,27505.010000000002,49806
2026-07-28T14:15:00+00:00,27505.010000000002,27529.760000000002,27479.880000000005,27489.510000000002,46237
2026-07-28T14:20:00+00:00,27489.510000000002,27590.630000000005,27481.130000000005,27551.010000000002,48799
2026-07-28T14:25:00+00:00,27551.010000000002,27588.010000000002,27536.010000000002,27580.510000000002,44938
2026-07-28T14:30:00+00:00,27580.510000000002,27602.380000000005,27545.260000000002,27553.510000000002,44443
2026-07-28T14:35:00+00:00,27553.510000000002,27637.380000000005,27549.010000000002,27597.380000000005,42567
2026-07-28T14:40:00+00:00,27597.380000000005,27666.630000000005,27589.010000000002,27647.260000000002,39187
2026-07-28T14:45:00+00:00,27647.260000000002,27730.380000000005,27620.510000000002,27724.510000000002,32579
2026-07-28T14:50:00+00:00,27724.510000000002,27764.380000000005,27722.880000000005,27726.010000000002,31930
2026-07-28T14:55:00+00:00,27726.010000000002,27750.630000000005,27672.260000000002,27676.510000000002,29294
2026-07-28T15:00:00+00:00,27676.510000000002,27712.010000000002,27655.760000000002,27655.760000000002,34437
2026-07-28T15:05:00+00:00,27655.760000000002,27710.260000000002,27642.880000000005,27699.260000000002,32175
2026-07-28T15:10:00+00:00,27699.260000000002,27755.010000000002,27677.260000000002,27728.880000000005,36506
2026-07-28T15:15:00+00:00,27728.880000000005,27792.010000000002,27712.760000000002,27791.010000000002,28810
2026-07-28T15:20:00+00:00,27791.010000000002,27849.510000000002,27790.010000000002,27849.510000000002,29402
2026-07-28T15:25:00+00:00,27849.510000000002,27884.630000000005,27832.260000000002,27839.630000000005,24644
2026-07-28T15:30:00+00:00,27839.630000000005,27869.010000000002,27825.130000000005,27853.510000000002,22379
2026-07-28T15:35:00+00:00,27853.510000000002,27891.130000000005,27851.880000000005,27880.260000000002,20763
2026-07-28T15:40:00+00:00,27880.260000000002,27909.010000000002,27864.630000000005,27906.260000000002,21055
2026-07-28T15:45:00+00:00,27906.260000000002,27936.010000000002,27904.630000000005,27920.260000000002,17412
2026-07-28T15:50:00+00:00,27920.260000000002,27931.510000000002,27886.760000000002,27908.010000000002,21266
2026-07-28T15:55:00+00:00,27908.010000000002,27936.630000000005,27890.380000000005,27922.260000000002,19142
2026-07-28T16:00:00+00:00,27922.260000000002,27943.010000000002,27909.630000000005,27925.510000000002,19356
2026-07-28T16:05:00+00:00,27925.510000000002,27939.010000000002,27882.630000000005,27882.630000000005,18164
2026-07-28T16:10:00+00:00,27882.630000000005,27902.510000000002,27872.760000000002,27882.380000000005,15431
2026-07-28T16:15:00+00:00,27882.380000000005,27906.880000000005,27868.380000000005,27904.880000000005,14833
2026-07-28T16:20:00+00:00,27904.880000000005,27919.760000000002,27864.010000000002,27873.760000000002,14234
2026-07-28T16:25:00+00:00,27873.760000000002,27883.510000000002,27861.010000000002,27869.260000000002,13265
2026-07-28T16:30:00+00:00,27869.260000000002,27870.510000000002,27829.510000000002,27850.510000000002,18504
2026-07-28T16:35:00+00:00,27850.510000000002,27898.510000000002,27843.380000000005,27898.260000000002,15798
2026-07-28T16:40:00+00:00,27898.260000000002,27918.130000000005,27888.380000000005,27907.630000000005,15831
2026-07-28T16:45:00+00:00,27907.630000000005,27914.880000000005,27867.880000000005,27891.010000000002,17570
2026-07-28T16:50:00+00:00,27891.010000000002,27953.510000000002,27890.630000000005,27943.380000000005,15383
2026-07-28T16:55:00+00:00,27943.380000000005,27952.510000000002,27928.010000000002,27932.010000000002,13282
2026-07-28T17:00:00+00:00,27932.010000000002,27940.010000000002,27893.130000000005,27895.510000000002,13157
2026-07-28T17:05:00+00:00,27895.510000000002,27905.260000000002,27859.510000000002,27861.010000000002,17009
2026-07-28T17:10:00+00:00,27861.010000000002,27883.510000000002,27844.510000000002,27862.760000000002,18668
2026-07-28T17:15:00+00:00,27862.760000000002,27871.880000000005,27848.510000000002,27867.880000000005,14996
2026-07-28T17:20:00+00:00,27867.880000000005,27919.760000000002,27860.510000000002,27863.130000000005,16780
2026-07-28T17:25:00+00:00,27863.130000000005,27894.630000000005,27850.260000000002,27871.510000000002,13992
2026-07-28T17:30:00+00:00,27871.510000000002,27907.010000000002,27863.760000000002,27896.760000000002,14099
2026-07-28T17:35:00+00:00,27896.760000000002,27916.260000000002,27867.130000000005,27868.760000000002,11965
2026-07-28T17:40:00+00:00,27868.760000000002,27882.510000000002,27824.510000000002,27829.260000000002,12922
2026-07-28T17:45:00+00:00,27829.260000000002,27859.630000000005,27814.010000000002,27854.510000000002,16066
2026-07-28T17:50:00+00:00,27854.510000000002,27854.510000000002,27812.760000000002,27815.760000000002,12354
2026-07-28T17:55:00+00:00,27815.760000000002,27848.760000000002,27800.510000000002,27847.510000000002,13617
2026-07-28T18:00:00+00:00,27847.510000000002,27873.760000000002,27828.510000000002,27844.260000000002,17122
2026-07-28T18:05:00+00:00,27844.260000000002,27847.760000000002,27813.260000000002,27819.130000000005,12600
2026-07-28T18:10:00+00:00,27819.130000000005,27823.510000000002,27790.260000000002,27792.010000000002,12918
2026-07-28T18:15:00+00:00,27792.010000000002,27812.380000000005,27789.010000000002,27803.760000000002,13239
2026-07-28T18:20:00+00:00,27803.760000000002,27821.630000000005,27797.260000000002,27801.260000000002,13312
2026-07-28T18:25:00+00:00,27801.260000000002,27810.510000000002,27789.260000000002,27801.260000000002,13642
2026-07-28T18:30:00+00:00,27801.260000000002,27837.380000000005,27796.010000000002,27822.380000000005,16388
2026-07-28T18:35:00+00:00,27822.380000000005,27831.510000000002,27805.880000000005,27807.260000000002,14233
2026-07-28T18:40:00+00:00,27807.260000000002,27819.010000000002,27796.760000000002,27812.760000000002,13826
2026-07-28T18:45:00+00:00,27812.760000000002,27849.510000000002,27804.510000000002,27830.010000000002,14809
2026-07-28T18:50:00+00:00,27830.010000000002,27852.260000000002,27819.130000000005,27827.010000000002,12429
2026-07-28T18:55:00+00:00,27827.010000000002,27853.760000000002,27813.760000000002,27847.510000000002,11232
2026-07-28T19:00:00+00:00,27847.510000000002,27893.880000000005,27847.510000000002,27891.010000000002,13508
2026-07-28T19:05:00+00:00,27891.010000000002,27896.010000000002,27851.380000000005,27853.630000000005,14765
2026-07-28T19:10:00+00:00,27853.630000000005,27868.130000000005,27848.260000000002,27862.630000000005,11774
2026-07-28T19:15:00+00:00,27862.630000000005,27869.260000000002,27840.260000000002,27865.010000000002,12640
2026-07-28T19:20:00+00:00,27865.010000000002,27892.630000000005,27857.760000000002,27892.380000000005,11936
2026-07-28T19:25:00+00:00,27892.380000000005,27895.260000000002,27860.760000000002,27892.260000000002,11547
2026-07-28T19:30:00+00:00,27892.260000000002,27897.760000000002,27869.760000000002,27875.260000000002,15190
2026-07-28T19:35:00+00:00,27875.260000000002,27875.510000000002,27816.760000000002,27822.380000000005,15555
2026-07-28T19:40:00+00:00,27822.380000000005,27835.760000000002,27817.510000000002,27828.760000000002,13065
2026-07-28T19:45:00+00:00,27828.760000000002,27831.510000000002,27805.260000000002,27828.130000000005,12783
2026-07-28T19:50:00+00:00,27828.130000000005,27860.760000000002,27810.880000000005,27857.260000000002,17731
2026-07-28T19:55:00+00:00,27857.260000000002,27857.260000000002,27788.260000000002,27796.380000000005,21502
2026-07-28T20:00:00+00:00,27796.380000000005,27828.480000000003,27787.610000000004,27791.980000000003,5688
2026-07-28T20:05:00+00:00,27791.980000000003,27840.360000000004,27758.930000000004,27780.980000000003,10607
2026-07-28T20:10:00+00:00,27780.980000000003,27811.360000000004,27773.180000000004,27793.360000000004,6598
2026-07-28T20:15:00+00:00,27793.360000000004,27825.360000000004,27785.360000000004,27822.980000000003,5103
2026-07-28T20:20:00+00:00,27822.980000000003,27837.610000000004,27811.610000000004,27834.480000000003,3928
2026-07-28T20:25:00+00:00,27834.480000000003,27865.110000000004,27832.730000000003,27851.860000000004,4096
2026-07-28T20:30:00+00:00,27851.860000000004,27854.730000000003,27836.980000000003,27840.860000000004,3789
2026-07-28T20:35:00+00:00,27840.860000000004,27858.230000000003,27820.230000000003,27822.860000000004,4297
2026-07-28T20:40:00+00:00,27822.860000000004,27826.480000000003,27811.480000000003,27822.480000000003,3422
2026-07-28T20:45:00+00:00,27822.480000000003,27834.730000000003,27820.730000000003,27828.860000000004,2440
2026-07-28T20:50:00+00:00,27828.860000000004,27828.980000000003,27810.230000000003,27824.980000000003,3125
2026-07-28T20:55:00+00:00,27824.980000000003,27837.110000000004,27822.980000000003,27835.310000000005,2969
2026-07-28T22:00:00+00:00,27835.310000000005,27877.320000000003,27831.020000000004,27874.950000000004,2978
2026-07-28T22:05:00+00:00,27874.950000000004,27889.520000000004,27873.450000000004,27880.320000000003,2399
2026-07-28T22:10:00+00:00,27880.320000000003,27893.570000000003,27842.520000000004,27851.950000000004,2718
2026-07-28T22:15:00+00:00,27851.950000000004,27858.320000000003,27802.270000000004,27816.070000000003,3622
2026-07-28T22:20:00+00:00,27816.070000000003,27821.070000000003,27793.950000000004,27797.820000000003,2622
2026-07-28T22:25:00+00:00,27797.820000000003,27822.820000000003,27787.020000000004,27821.020000000004,3398
2026-07-28T22:30:00+00:00,27821.020000000004,27822.070000000003,27763.520000000004,27773.320000000003,3831
2026-07-28T22:35:00+00:00,27773.320000000003,27789.700000000004,27736.520000000004,27740.950000000004,3432
2026-07-28T22:40:00+00:00,27740.950000000004,27769.070000000003,27740.020000000004,27741.270000000004,3617
2026-07-28T22:45:00+00:00,27741.270000000004,27742.820000000003,27694.520000000004,27704.570000000003,6151
2026-07-28T22:50:00+00:00,27704.570000000003,27715.270000000004,27666.020000000004,27669.770000000004,5832
2026-07-28T22:55:00+00:00,27669.770000000004,27689.820000000003,27637.200000000004,27637.200000000004,5119
2026-07-28T23:00:00+00:00,27637.200000000004,27666.700000000004,27614.770000000004,27663.820000000003,5424
2026-07-28T23:05:00+00:00,27663.820000000003,27686.450000000004,27625.700000000004,27627.520000000004,5939
2026-07-28T23:10:00+00:00,27627.520000000004,27734.770000000004,27619.770000000004,27721.270000000004,6319
2026-07-28T23:15:00+00:00,27721.270000000004,27723.520000000004,27695.020000000004,27704.520000000004,4749
2026-07-28T23:20:00+00:00,27704.520000000004,27765.450000000004,27690.020000000004,27754.200000000004,4729
2026-07-28T23:25:00+00:00,27754.200000000004,27770.700000000004,27744.570000000003,27770.200000000004,3950
2026-07-28T23:30:00+00:00,27770.200000000004,27800.570000000003,27764.700000000004,27782.820000000003,4263
2026-07-28T23:35:00+00:00,27782.820000000003,27789.070000000003,27771.070000000003,27775.520000000004,3408
2026-07-28T23:40:00+00:00,27775.520000000004,27903.270000000004,27770.520000000004,27895.770000000004,5336
2026-07-28T23:45:00+00:00,27895.770000000004,27946.770000000004,27870.770000000004,27939.520000000004,9449
2026-07-28T23:50:00+00:00,27939.520000000004,27974.770000000004,27926.520000000004,27959.520000000004,7376
2026-07-28T23:55:00+00:00,27959.520000000004,27983.950000000004,27946.020000000004,27982.070000000003,7569
2026-07-29T00:00:00+00:00,27982.070000000003,28053.520000000004,27957.320000000003,28023.270000000004,13528
2026-07-29T00:05:00+00:00,28023.270000000004,28047.820000000003,28010.770000000004,28020.700000000004,11364
2026-07-29T00:10:00+00:00,28020.700000000004,28040.070000000003,28011.520000000004,28020.270000000004,8066
2026-07-29T00:15:00+00:00,28020.270000000004,28030.020000000004,27988.950000000004,28021.270000000004,11167
2026-07-29T00:20:00+00:00,28021.270000000004,28039.020000000004,27971.270000000004,27976.520000000004,8443
2026-07-29T00:25:00+00:00,27976.520000000004,27978.820000000003,27932.570000000003,27954.270000000004,10011
2026-07-29T00:30:00+00:00,27954.270000000004,27959.950000000004,27898.950000000004,27917.450000000004,10154
2026-07-29T00:35:00+00:00,27917.450000000004,27958.020000000004,27912.700000000004,27940.320000000003,9789
2026-07-29T00:40:00+00:00,27940.320000000003,27954.570000000003,27911.520000000004,27948.950000000004,9216
2026-07-29T00:45:00+00:00,27948.950000000004,27963.520000000004,27916.950000000004,27921.950000000004,8192
2026-07-29T00:50:00+00:00,27921.950000000004,27941.700000000004,27909.200000000004,27938.270000000004,10613
2026-07-29T00:55:00+00:00,27938.270000000004,27938.270000000004,27881.200000000004,27890.070000000003,8361
2026-07-29T01:00:00+00:00,27890.070000000003,27920.820000000003,27883.450000000004,27900.770000000004,12501
2026-07-29T01:05:00+00:00,27900.770000000004,27905.570000000003,27853.950000000004,27856.950000000004,14071
2026-07-29T01:10:00+00:00,27856.950000000004,27858.700000000004,27792.070000000003,27800.520000000004,10464
2026-07-29T01:15:00+00:00,27800.520000000004,27822.950000000004,27777.070000000003,27807.200000000004,11000
2026-07-29T01:20:00+00:00,27807.200000000004,27867.950000000004,27807.200000000004,27860.320000000003,11128
2026-07-29T01:25:00+00:00,27860.320000000003,27876.950000000004,27851.700000000004,27852.820000000003,8617
2026-07-29T01:30:00+00:00,27852.820000000003,27860.020000000004,27825.520000000004,27845.770000000004,14854
2026-07-29T01:35:00+00:00,27845.770000000004,27848.020000000004,27814.020000000004,27822.270000000004,9954
2026-07-29T01:40:00+00:00,27822.270000000004,27822.770000000004,27758.770000000004,27758.950000000004,9263
2026-07-29T01:45:00+00:00,27758.950000000004,27771.070000000003,27733.270000000004,27740.700000000004,9830
2026-07-29T01:50:00+00:00,27740.700000000004,27749.320000000003,27689.520000000004,27698.200000000004,10782
2026-07-29T01:55:00+00:00,27698.200000000004,27703.020000000004,27664.570000000003,27667.020000000004,7884
2026-07-29T02:00:00+00:00,27667.020000000004,27703.450000000004,27651.320000000003,27688.700000000004,14958
2026-07-29T02:05:00+00:00,27688.700000000004,27728.570000000003,27674.950000000004,27719.020000000004,12160
2026-07-29T02:10:00+00:00,27719.020000000004,27748.200000000004,27716.770000000004,27724.950000000004,10071
2026-07-29T02:15:00+00:00,27724.950000000004,27725.820000000003,27676.270000000004,27697.700000000004,9208
2026-07-29T02:20:00+00:00,27697.700000000004,27749.200000000004,27692.070000000003,27724.700000000004,9943
2026-07-29T02:25:00+00:00,27724.700000000004,27775.570000000003,27718.070000000003,27775.070000000003,8801
2026-07-29T02:30:00+00:00,27775.070000000003,27791.320000000003,27750.570000000003,27763.700000000004,7668
2026-07-29T02:35:00+00:00,27763.700000000004,27772.950000000004,27739.200000000004,27772.950000000004,8440
2026-07-29T02:40:00+00:00,27772.950000000004,27783.700000000004,27760.020000000004,27766.020000000004,7737
2026-07-29T02:45:00+00:00,27766.020000000004,27769.570000000003,27730.520000000004,27732.020000000004,5624
2026-07-29T02:50:00+00:00,27732.020000000004,27749.070000000003,27713.450000000004,27725.570000000003,7092
2026-07-29T02:55:00+00:00,27725.570000000003,27728.450000000004,27703.570000000003,27719.570000000003,7022
2026-07-29T03:00:00+00:00,27719.570000000003,27719.950000000004,27669.070000000003,27676.570000000003,7674
2026-07-29T03:05:00+00:00,27676.570000000003,27752.320000000003,27673.700000000004,27747.450000000004,10289
2026-07-29T03:10:00+00:00,27747.450000000004,27760.950000000004,27705.450000000004,27709.200000000004,10614
2026-07-29T03:15:00+00:00,27709.200000000004,27715.200000000004,27687.700000000004,27693.450000000004,7494
2026-07-29T03:20:00+00:00,27693.450000000004,27719.950000000004,27675.320000000003,27682.320000000003,6927
2026-07-29T03:25:00+00:00,27682.320000000003,27683.450000000004,27656.070000000003,27657.070000000003,6005
2026-07-29T03:30:00+00:00,27657.070000000003,27662.820000000003,27625.450000000004,27662.450000000004,9757
2026-07-29T03:35:00+00:00,27662.450000000004,27672.570000000003,27633.700000000004,27634.450000000004,7038
2026-07-29T03:40:00+00:00,27634.450000000004,27652.700000000004,27622.450000000004,27652.450000000004,5402
2026-07-29T03:45:00+00:00,27652.450000000004,27665.950000000004,27631.200000000004,27633.700000000004,6787
2026-07-29T03:50:00+00:00,27633.700000000004,27636.070000000003,27585.520000000004,27596.320000000003,5993
2026-07-29T03:55:00+00:00,27596.320000000003,27599.450000000004,27582.320000000003,27596.950000000004,4456
2026-07-29T04:00:00+00:00,27596.950000000004,27602.570000000003,27565.570000000003,27580.450000000004,6465
2026-07-29T04:05:00+00:00,27580.450000000004,27594.200000000004,27564.700000000004,27592.520000000004,9985
2026-07-29T04:10:00+00:00,27592.520000000004,27593.950000000004,27556.950000000004,27571.700000000004,9596
2026-07-29T04:15:00+00:00,27571.700000000004,27574.950000000004,27528.320000000003,27555.320000000003,8291
2026-07-29T04:20:00+00:00,27555.320000000003,27584.320000000003,27534.070000000003,27579.570000000003,12550
2026-07-29T04:25:00+00:00,27579.570000000003,27592.700000000004,27550.570000000003,27564.200000000004,14008
2026-07-29T04:30:00+00:00,27564.200000000004,27576.070000000003,27541.820000000003,27556.700000000004,12354
2026-07-29T04:35:00+00:00,27556.700000000004,27599.320000000003,27556.700000000004,27575.320000000003,12709
2026-07-29T04:40:00+00:00,27575.320000000003,27576.320000000003,27527.820000000003,27527.820000000003,10739
2026-07-29T04:45:00+00:00,27527.820000000003,27560.950000000004,27521.070000000003,27545.020000000004,11331
2026-07-29T04:50:00+00:00,27545.020000000004,27611.200000000004,27543.820000000003,27607.070000000003,10730
2026-07-29T04:55:00+00:00,27607.070000000003,27638.820000000003,27605.200000000004,27636.700000000004,8543
2026-07-29T05:00:00+00:00,27636.700000000004,27669.200000000004,27616.450000000004,27651.950000000004,10988
2026-07-29T05:05:00+00:00,27651.950000000004,27700.950000000004,27629.450000000004,27692.320000000003,11297
2026-07-29T05:10:00+00:00,27692.320000000003,27713.820000000003,27684.700000000004,27712.820000000003,8690
2026-07-29T05:15:00+00:00,27712.820000000003,27713.320000000003,27655.320000000003,27664.450000000004,7687
2026-07-29T05:20:00+00:00,27664.450000000004,27688.820000000003,27652.820000000003,27688.820000000003,7920
2026-07-29T05:25:00+00:00,27688.820000000003,27708.570000000003,27683.200000000004,27693.570000000003,8061
2026-07-29T05:30:00+00:00,27693.570000000003,27705.700000000004,27666.020000000004,27704.200000000004,11038
2026-07-29T05:35:00+00:00,27704.200000000004,27726.570000000003,27698.020000000004,27723.020000000004,8317
2026-07-29T05:40:00+00:00,27723.020000000004,27733.320000000003,27694.070000000003,27705.320000000003,6697
2026-07-29T05:45:00+00:00,27705.320000000003,27722.070000000003,27694.570000000003,27702.320000000003,9052
2026-07-29T05:50:00+00:00,27702.320000000003,27717.070000000003,27685.520000000004,27709.570000000003,7238
2026-07-29T05:55:00+00:00,27709.570000000003,27713.320000000003,27670.320000000003,27674.950000000004,6497
2026-07-29T06:00:00+00:00,27674.950000000004,27678.320000000003,27625.320000000003,27627.320000000003,8961
2026-07-29T06:05:00+00:00,27627.320000000003,27635.950000000004,27616.950000000004,27625.200000000004,6615
2026-07-29T06:10:00+00:00,27625.200000000004,27647.320000000003,27617.320000000003,27644.570000000003,8052
2026-07-29T06:15:00+00:00,27644.570000000003,27671.320000000003,27635.820000000003,27654.320000000003,5926
2026-07-29T06:20:00+00:00,27654.320000000003,27670.950000000004,27635.450000000004,27660.700000000004,6384
2026-07-29T06:25:00+00:00,27660.700000000004,27691.200000000004,27658.200000000004,27689.700000000004,6626
2026-07-29T06:30:00+00:00,27689.700000000004,27751.320000000003,27689.700000000004,27747.320000000003,8054
2026-07-29T06:35:00+00:00,27747.320000000003,27781.200000000004,27744.070000000003,27767.570000000003,4958
2026-07-29T06:40:00+00:00,27767.570000000003,27792.820000000003,27767.570000000003,27788.320000000003,3804
2026-07-29T06:45:00+00:00,27788.320000000003,27802.320000000003,27774.700000000004,27796.270000000004,4685
2026-07-29T06:50:00+00:00,27796.270000000004,27814.570000000003,27795.520000000004,27809.070000000003,4387
2026-07-29T06:55:00+00:00,27809.070000000003,27821.450000000004,27806.700000000004,27809.320000000003,3859
2026-07-29T07:00:00+00:00,27809.320000000003,27825.820000000003,27778.070000000003,27786.200000000004,8380
2026-07-29T07:05:00+00:00,27786.200000000004,27808.320000000003,27780.020000000004,27806.450000000004,6577
2026-07-29T07:10:00+00:00,27806.450000000004,27823.200000000004,27799.700000000004,27802.700000000004,5119
2026-07-29T07:15:00+00:00,27802.700000000004,27831.820000000003,27799.950000000004,27810.070000000003,5722
2026-07-29T07:20:00+00:00,27810.070000000003,27824.450000000004,27785.700000000004,27793.450000000004,5483
2026-07-29T07:25:00+00:00,27793.450000000004,27828.570000000003,27790.070000000003,27826.450000000004,5364
2026-07-29T07:30:00+00:00,27826.450000000004,27839.770000000004,27816.320000000003,27821.450000000004,3693
2026-07-29T07:35:00+00:00,27821.450000000004,27841.450000000004,27815.020000000004,27819.320000000003,4528
2026-07-29T07:40:00+00:00,27819.320000000003,27828.450000000004,27800.950000000004,27800.950000000004,3855
2026-07-29T07:45:00+00:00,27800.950000000004,27803.450000000004,27786.200000000004,27786.820000000003,4708
2026-07-29T07:50:00+00:00,27786.820000000003,27789.200000000004,27773.700000000004,27774.570000000003,4676
2026-07-29T07:55:00+00:00,27774.570000000003,27801.320000000003,27771.320000000003,27786.950000000004,4641
2026-07-29T08:00:00+00:00,27786.950000000004,27803.950000000004,27773.820000000003,27786.450000000004,8797
2026-07-29T08:05:00+00:00,27786.450000000004,27790.570000000003,27761.320000000003,27771.020000000004,7085
2026-07-29T08:10:00+00:00,27771.020000000004,27781.070000000003,27737.450000000004,27740.450000000004,6583
2026-07-29T08:15:00+00:00,27740.450000000004,27764.450000000004,27734.520000000004,27748.200000000004,5894
2026-07-29T08:20:00+00:00,27748.200000000004,27749.320000000003,27708.320000000003,27711.950000000004,6339
2026-07-29T08:25:00+00:00,27711.950000000004,27721.820000000003,27699.950000000004,27721.200000000004,5844
2026-07-29T08:30:00+00:00,27721.200000000004,27788.320000000003,27710.070000000003,27777.320000000003,6523
2026-07-29T08:35:00+00:00,27777.320000000003,27786.950000000004,27764.320000000003,27766.820000000003,5071
2026-07-29T08:40:00+00:00,27766.820000000003,27808.950000000004,27759.700000000004,27803.450000000004,5444
2026-07-29T08:45:00+00:00,27803.450000000004,27818.320000000003,27792.950000000004,27810.950000000004,5305
2026-07-29T08:50:00+00:00,27810.950000000004,27817.450000000004,27779.820000000003,27787.200000000004,4331
2026-07-29T08:55:00+00:00,27787.200000000004,27792.950000000004,27776.070000000003,27783.200000000004,4518
2026-07-29T09:00:00+00:00,27783.200000000004,27825.950000000004,27780.820000000003,27816.700000000004,4687
2026-07-29T09:05:00+00:00,27816.700000000004,27846.700000000004,27811.450000000004,27840.450000000004,4705
2026-07-29T09:10:00+00:00,27840.450000000004,27857.820000000003,27830.450000000004,27857.320000000003,4844
2026-07-29T09:15:00+00:00,27857.320000000003,27858.700000000004,27831.450000000004,27842.950000000004,6193
2026-07-29T09:20:00+00:00,27842.950000000004,27864.950000000004,27835.070000000003,27851.070000000003,4310
2026-07-29T09:25:00+00:00,27851.070000000003,27865.200000000004,27844.700000000004,27856.520000000004,3976
2026-07-29T09:30:00+00:00,27856.520000000004,27859.950000000004,27837.570000000003,27852.320000000003,4294
2026-07-29T09:35:00+00:00,27852.320000000003,27876.570000000003,27842.200000000004,27857.950000000004,5441
2026-07-29T09:40:00+00:00,27857.950000000004,27891.700000000004,27857.950000000004,27880.700000000004,4368
2026-07-29T09:45:00+00:00,27880.700000000004,27917.320000000003,27879.950000000004,27916.450000000004,4064
2026-07-29T09:50:00+00:00,27916.450000000004,27940.200000000004,27914.070000000003,27914.320000000003,5431
2026-07-29T09:55:00+00:00,27914.320000000003,27914.320000000003,27888.700000000004,27898.950000000004,5762
2026-07-29T10:00:00+00:00,27898.950000000004,27911.700000000004,27889.320000000003,27906.320000000003,5216
2026-07-29T10:05:00+00:00,27906.320000000003,27924.450000000004,27886.320000000003,27902.700000000004,5713
2026-07-29T10:10:00+00:00,27902.700000000004,27910.450000000004,27884.950000000004,27890.450000000004,4646
2026-07-29T10:15:00+00:00,27890.450000000004,27904.570000000003,27882.820000000003,27894.570000000003,4499
2026-07-29T10:20:00+00:00,27894.570000000003,27900.700000000004,27885.950000000004,27887.570000000003,5103
2026-07-29T10:25:00+00:00,27887.570000000003,27897.820000000003,27867.820000000003,27897.320000000003,4529
2026-07-29T10:30:00+00:00,27897.320000000003,27902.820000000003,27859.320000000003,27860.570000000003,4626
2026-07-29T10:35:00+00:00,27860.570000000003,27862.570000000003,27835.950000000004,27842.950000000004,5015
2026-07-29T10:40:00+00:00,27842.950000000004,27864.450000000004,27837.320000000003,27848.450000000004,5907
2026-07-29T10:45:00+00:00,27848.450000000004,27849.200000000004,27830.770000000004,27839.570000000003,4679
2026-07-29T10:50:00+00:00,27839.570000000003,27850.700000000004,27812.200000000004,27822.700000000004,5000
2026-07-29T10:55:00+00:00,27822.700000000004,27838.200000000004,27817.450000000004,27828.570000000003,5147
2026-07-29T11:00:00+00:00,27828.570000000003,27862.070000000003,27821.570000000003,27844.450000000004,6910
2026-07-29T11:05:00+00:00,27844.450000000004,27872.320000000003,27814.950000000004,27869.200000000004,7021
2026-07-29T11:10:00+00:00,27869.200000000004,27883.950000000004,27867.320000000003,27872.450000000004,5164
2026-07-29T11:15:00+00:00,27872.450000000004,27897.700000000004,27864.200000000004,27887.700000000004,5031
2026-07-29T11:20:00+00:00,27887.700000000004,27903.570000000003,27883.200000000004,27883.200000000004,5064
2026-07-29T11:25:00+00:00,27883.200000000004,27901.950000000004,27879.320000000003,27880.200000000004,5898
2026-07-29T11:30:00+00:00,27880.200000000004,27888.070000000003,27858.070000000003,27862.320000000003,6397
2026-07-29T11:35:00+00:00,27862.320000000003,27863.070000000003,27841.450000000004,27847.320000000003,5522
2026-07-29T11:40:00+00:00,27847.320000000003,27859.570000000003,27842.700000000004,27846.450000000004,3971
2026-07-29T11:45:00+00:00,27846.450000000004,27876.950000000004,27838.450000000004,27869.200000000004,6560
2026-07-29T11:50:00+00:00,27869.200000000004,27869.200000000004,27839.570000000003,27840.320000000003,5761
2026-07-29T11:55:00+00:00,27840.320000000003,27883.950000000004,27837.450000000004,27883.320000000003,4901
2026-07-29T12:00:00+00:00,27883.320000000003,27884.450000000004,27858.450000000004,27865.320000000003,6035
2026-07-29T12:05:00+00:00,27865.320000000003,27887.070000000003,27834.320000000003,27841.700000000004,6308
2026-07-29T12:10:00+00:00,27841.700000000004,27859.200000000004,27815.820000000003,27821.200000000004,6090
2026-07-29T12:15:00+00:00,27821.200000000004,27828.200000000004,27749.520000000004,27767.320000000003,14841
2026-07-29T12:20:00+00:00,27767.320000000003,27780.820000000003,27733.950000000004,27749.450000000004,11056
2026-07-29T12:25:00+00:00,27749.450000000004,27782.270000000004,27747.570000000003,27749.570000000003,8148
2026-07-29T12:30:00+00:00,27749.570000000003,27768.200000000004,27725.820000000003,27768.200000000004,9189
2026-07-29T12:35:00+00:00,27768.200000000004,27771.820000000003,27751.200000000004,27768.070000000003,7949
2026-07-29T12:40:00+00:00,27768.070000000003,27798.570000000003,27760.700000000004,27791.950000000004,5689
2026-07-29T12:45:00+00:00,27791.950000000004,27808.820000000003,27786.820000000003,27805.450000000004,6511
2026-07-29T12:50:00+00:00,27805.450000000004,27810.070000000003,27792.950000000004,27806.450000000004,6443
2026-07-29T12:55:00+00:00,27806.450000000004,27810.950000000004,27783.950000000004,27789.320000000003,6031
2026-07-29T13:00:00+00:00,27789.320000000003,27797.700000000004,27758.820000000003,27761.450000000004,9288
2026-07-29T13:05:00+00:00,27761.450000000004,27776.070000000003,27752.450000000004,27773.070000000003,8509
2026-07-29T13:10:00+00:00,27773.070000000003,27775.320000000003,27751.200000000004,27753.450000000004,7690
2026-07-29T13:15:00+00:00,27753.450000000004,27767.070000000003,27743.320000000003,27749.570000000003,9397
2026-07-29T13:20:00+00:00,27749.570000000003,27776.700000000004,27737.200000000004,27776.320000000003,7580
2026-07-29T13:25:00+00:00,27776.320000000003,27819.070000000003,27768.450000000004,27795.950000000004,10666
2026-07-29T13:30:00+00:00,27795.950000000004,27864.220000000005,27719.600000000002,27841.350000000002,59851
2026-07-29T13:35:00+00:00,27841.350000000002,27875.970000000005,27747.350000000002,27766.970000000005,50356
2026-07-29T13:40:00+00:00,27766.970000000005,27798.720000000005,27740.220000000005,27797.720000000005,48342
2026-07-29T13:45:00+00:00,27797.720000000005,27828.470000000005,27698.720000000005,27732.470000000005,47280
2026-07-29T13:50:00+00:00,27732.470000000005,27736.220000000005,27604.350000000002,27634.970000000005,48912
2026-07-29T13:55:00+00:00,27634.970000000005,27634.970000000005,27549.350000000002,27612.850000000002,45298
2026-07-29T14:00:00+00:00,27612.850000000002,27668.970000000005,27612.850000000002,27668.600000000002,53508
2026-07-29T14:05:00+00:00,27668.600000000002,27706.970000000005,27598.850000000002,27609.470000000005,45868
2026-07-29T14:10:00+00:00,27609.470000000005,27627.220000000005,27517.720000000005,27528.970000000005,47149
2026-07-29T14:15:00+00:00,27528.970000000005,27569.470000000005,27526.220000000005,27544.720000000005,50063
2026-07-29T14:20:00+00:00,27544.720000000005,27575.220000000005,27488.220000000005,27500.850000000002,43610
2026-07-29T14:25:00+00:00,27500.850000000002,27502.470000000005,27420.850000000002,27453.720000000005,43403
2026-07-29T14:30:00+00:00,27453.720000000005,27532.470000000005,27451.220000000005,27502.850000000002,39327
2026-07-29T14:35:00+00:00,27502.850000000002,27504.850000000002,27436.850000000002,27444.970000000005,40520
2026-07-29T14:40:00+00:00,27444.970000000005,27452.970000000005,27393.220000000005,27419.220000000005,38034
2026-07-29T14:45:00+00:00,27419.220000000005,27454.600000000002,27399.970000000005,27446.970000000005,41079
2026-07-29T14:50:00+00:00,27446.970000000005,27493.970000000005,27438.220000000005,27480.100000000002,36275
2026-07-29T14:55:00+00:00,27480.100000000002,27493.470000000005,27433.220000000005,27480.970000000005,35595
2026-07-29T15:00:00+00:00,27480.970000000005,27527.470000000005,27463.220000000005,27519.850000000002,37330
2026-07-29T15:05:00+00:00,27519.850000000002,27536.850000000002,27472.850000000002,27524.970000000005,37316
2026-07-29T15:10:00+00:00,27524.970000000005,27529.970000000005,27447.220000000005,27458.100000000002,34904
2026-07-29T15:15:00+00:00,27458.100000000002,27503.970000000005,27439.850000000002,27442.850000000002,36208
2026-07-29T15:20:00+00:00,27442.850000000002,27485.100000000002,27430.350000000002,27484.100000000002,32723
2026-07-29T15:25:00+00:00,27484.100000000002,27497.100000000002,27432.220000000005,27435.600000000002,32191
2026-07-29T15:30:00+00:00,27435.600000000002,27464.600000000002,27420.970000000005,27439.220000000005,26960
2026-07-29T15:35:00+00:00,27439.220000000005,27476.470000000005,27415.600000000002,27415.600000000002,27195
2026-07-29T15:40:00+00:00,27415.600000000002,27437.850000000002,27399.850000000002,27416.850000000002,23172
2026-07-29T15:45:00+00:00,27416.850000000002,27445.220000000005,27400.100000000002,27438.720000000005,23874
2026-07-29T15:50:00+00:00,27438.720000000005,27446.350000000002,27368.600000000002,27374.600000000002,25723
2026-07-29T15:55:00+00:00,27374.600000000002,27402.350000000002,27346.470000000005,27398.350000000002,22772
2026-07-29T16:00:00+00:00,27398.350000000002,27420.470000000005,27335.350000000002,27341.100000000002,20967
2026-07-29T16:05:00+00:00,27341.100000000002,27343.220000000005,27308.100000000002,27343.220000000005,21214
2026-07-29T16:10:00+00:00,27343.220000000005,27346.970000000005,27300.970000000005,27300.970000000005,20121
2026-07-29T16:15:00+00:00,27300.970000000005,27331.600000000002,27290.850000000002,27327.100000000002,20888
2026-07-29T16:20:00+00:00,27327.100000000002,27409.220000000005,27318.600000000002,27397.100000000002,21552
2026-07-29T16:25:00+00:00,27397.100000000002,27436.970000000005,27395.350000000002,27432.220000000005,18885
2026-07-29T16:30:00+00:00,27432.220000000005,27466.470000000005,27407.100000000002,27407.100000000002,22497
2026-07-29T16:35:00+00:00,27407.100000000002,27413.350000000002,27376.850000000002,27408.600000000002,19949
2026-07-29T16:40:00+00:00,27408.600000000002,27419.850000000002,27366.970000000005,27385.600000000002,20060
2026-07-29T16:45:00+00:00,27385.600000000002,27434.720000000005,27371.600000000002,27433.350000000002,21321
2026-07-29T16:50:00+00:00,27433.350000000002,27455.970000000005,27414.850000000002,27444.470000000005,22400
2026-07-29T16:55:00+00:00,27444.470000000005,27484.350000000002,27436.970000000005,27484.350000000002,20003
2026-07-29T17:00:00+00:00,27484.350000000002,27545.350000000002,27478.970000000005,27540.720000000005,21282
2026-07-29T17:05:00+00:00,27540.720000000005,27542.970000000005,27516.850000000002,27533.100000000002,18425
2026-07-29T17:10:00+00:00,27533.100000000002,27617.850000000002,27529.220000000005,27616.100000000002,21049
2026-07-29T17:15:00+00:00,27616.100000000002,27620.600000000002,27590.100000000002,27596.970000000005,22110
2026-07-29T17:20:00+00:00,27596.970000000005,27629.850000000002,27573.350000000002,27575.100000000002,19959
2026-07-29T17:25:00+00:00,27575.100000000002,27582.850000000002,27532.850000000002,27533.220000000005,19561
2026-07-29T17:30:00+00:00,27533.220000000005,27574.970000000005,27510.850000000002,27554.720000000005,22239
2026-07-29T17:35:00+00:00,27554.720000000005,27559.600000000002,27519.850000000002,27539.850000000002,19013
2026-07-29T17:40:00+00:00,27539.850000000002,27570.720000000005,27533.850000000002,27560.720000000005,18216
2026-07-29T17:45:00+00:00,27560.720000000005,27578.220000000005,27537.100000000002,27576.970000000005,16401
2026-07-29T17:50:00+00:00,27576.970000000005,27608.220000000005,27575.850000000002,27592.100000000002,15627
2026-07-29T17:55:00+00:00,27592.100000000002,27605.020000000004,27559.220000000005,27596.020000000004,7680
2026-07-29T18:00:00+00:00,27596.020000000004,27768.220000000005,27596.020000000004,27683.100000000002,32303
2026-07-29T18:05:00+00:00,27683.100000000002,27765.470000000005,27670.470000000005,27736.600000000002,41035
2026-07-29T18:10:00+00:00,27736.600000000002,27752.220000000005,27656.220000000005,27680.220000000005,38324
2026-07-29T18:15:00+00:00,27680.220000000005,27723.720000000005,27630.850000000002,27645.600000000002,33925
2026-07-29T18:20:00+00:00,27645.600000000002,27654.850000000002,27609.720000000005,27629.720000000005,30732
2026-07-29T18:25:00+00:00,27629.720000000005,27657.600000000002,27609.850000000002,27656.850000000002,29311
2026-07-29T18:30:00+00:00,27656.850000000002,27699.470000000005,27590.470000000005,27636.100000000002,33114
2026-07-29T18:35:00+00:00,27636.100000000002,27767.970000000005,27606.270000000004,27749.350000000002,36894
2026-07-29T18:40:00+00:00,27749.350000000002,27867.220000000005,27747.100000000002,27856.350000000002,39993
2026-07-29T18:45:00+00:00,27856.350000000002,27933.220000000005,27842.720000000005,27924.350000000002,40033
2026-07-29T18:50:00+00:00,27924.350000000002,27968.220000000005,27883.600000000002,27966.720000000005,35129
2026-07-29T18:55:00+00:00,27966.720000000005,27976.720000000005,27904.350000000002,27937.970000000005,35014
2026-07-29T19:00:00+00:00,27937.970000000005,27979.220000000005,27848.850000000002,27874.470000000005,44051
2026-07-29T19:05:00+00:00,27874.470000000005,27878.850000000002,27759.100000000002,27759.100000000002,43706
2026-07-29T19:10:00+00:00,27759.100000000002,27808.470000000005,27722.470000000005,27786.600000000002,40936
2026-07-29T19:15:00+00:00,27786.600000000002,27819.100000000002,27687.350000000002,27702.850000000002,45955
2026-07-29T19:20:00+00:00,27702.850000000002,27707.100000000002,27567.470000000005,27591.850000000002,40268
2026-07-29T19:25:00+00:00,27591.850000000002,27603.600000000002,27523.350000000002,27589.850000000002,43338
2026-07-29T19:30:00+00:00,27589.850000000002,27622.720000000005,27454.350000000002,27489.220000000005,50219
2026-07-29T19:35:00+00:00,27489.220000000005,27508.600000000002,27385.350000000002,27390.850000000002,42833
2026-07-29T19:40:00+00:00,27390.850000000002,27422.220000000005,27340.600000000002,27353.970000000005,46853
2026-07-29T19:45:00+00:00,27353.970000000005,27388.970000000005,27303.220000000005,27382.220000000005,43720
2026-07-29T19:50:00+00:00,27382.220000000005,27382.220000000005,27275.720000000005,27315.600000000002,43039
2026-07-29T19:55:00+00:00,27315.600000000002,27315.600000000002,27200.220000000005,27212.770000000004,36698
2026-07-29T20:00:00+00:00,27212.770000000004,27239.320000000003,27088.020000000004,27132.770000000004,21009
2026-07-29T20:05:00+00:00,27132.770000000004,27240.520000000004,27132.770000000004,27136.020000000004,13718
2026-07-29T20:10:00+00:00,27136.020000000004,27210.770000000004,27113.020000000004,27179.770000000004,13272
2026-07-29T20:15:00+00:00,27179.770000000004,27218.270000000004,27151.270000000004,27163.820000000003,8586
2026-07-29T20:20:00+00:00,27163.820000000003,27186.570000000003,27137.070000000003,27145.570000000003,7171
2026-07-29T20:25:00+00:00,27145.570000000003,27163.020000000004,27089.520000000004,27122.520000000004,7558
2026-07-29T20:30:00+00:00,27122.520000000004,27158.570000000003,27087.950000000004,27153.020000000004,6915
2026-07-29T20:35:00+00:00,27153.020000000004,27210.820000000003,27147.520000000004,27207.770000000004,3734
2026-07-29T20:40:00+00:00,27207.770000000004,27209.320000000003,27167.020000000004,27192.520000000004,3993
2026-07-29T20:45:00+00:00,27192.520000000004,27201.570000000003,27154.270000000004,27154.270000000004,3882
2026-07-29T20:50:00+00:00,27154.270000000004,27188.070000000003,27146.770000000004,27186.520000000004,4323
2026-07-29T20:55:00+00:00,27186.520000000004,27191.700000000004,27139.770000000004,27139.900000000005,2726
2026-07-29T22:00:00+00:00,27139.900000000005,27244.070000000003,27101.890000000003,27242.890000000003,7162
2026-07-29T22:05:00+00:00,27242.890000000003,27337.140000000003,27240.070000000003,27326.640000000003,4845
2026-07-29T22:10:00+00:00,27326.640000000003,27377.390000000003,27320.390000000003,27325.690000000002,5759
2026-07-29T22:15:00+00:00,27325.690000000002,27372.940000000002,27320.890000000003,27366.390000000003,5171
2026-07-29T22:20:00+00:00,27366.390000000003,27368.190000000002,27324.390000000003,27326.140000000003,4715
2026-07-29T22:25:00+00:00,27326.140000000003,27335.640000000003,27286.640000000003,27324.440000000002,5015
2026-07-29T22:30:00+00:00,27324.440000000002,27328.690000000002,27302.640000000003,27321.390000000003,3877
2026-07-29T22:35:00+00:00,27321.390000000003,27354.570000000003,27317.640000000003,27336.440000000002,3701
2026-07-29T22:40:00+00:00,27336.440000000002,27352.440000000002,27324.440000000002,27348.140000000003,3173
2026-07-29T22:45:00+00:00,27348.140000000003,27368.190000000002,27329.640000000003,27331.690000000002,3784
2026-07-29T22:50:00+00:00,27331.690000000002,27351.070000000003,27311.640000000003,27323.640000000003,3505
2026-07-29T22:55:00+00:00,27323.640000000003,27341.320000000003,27315.640000000003,27340.320000000003,2784
2026-07-29T23:00:00+00:00,27340.320000000003,27374.440000000002,27336.390000000003,27368.690000000002,3315
2026-07-29T23:05:00+00:00,27368.690000000002,27413.440000000002,27358.940000000002,27397.690000000002,3526
2026-07-29T23:10:00+00:00,27397.690000000002,27398.190000000002,27348.070000000003,27366.890000000003,4525
2026-07-29T23:15:00+00:00,27366.890000000003,27403.190000000002,27359.390000000003,27402.390000000003,3575
2026-07-29T23:20:00+00:00,27402.390000000003,27415.320000000003,27385.640000000003,27403.690000000002,3096
2026-07-29T23:25:00+00:00,27403.690000000002,27429.940000000002,27400.320000000003,27423.440000000002,3076
2026-07-29T23:30:00+00:00,27423.440000000002,27448.440000000002,27423.440000000002,27430.440000000002,3206
2026-07-29T23:35:00+00:00,27430.440000000002,27444.190000000002,27420.070000000003,27424.940000000002,3156
2026-07-29T23:40:00+00:00,27424.940000000002,27425.570000000003,27391.570000000003,27412.570000000003,4767
2026-07-29T23:45:00+00:00,27412.570000000003,27444.070000000003,27400.440000000002,27404.190000000002,11317
2026-07-29T23:50:00+00:00,27404.190000000002,27428.820000000003,27386.940000000002,27428.070000000003,9615
2026-07-29T23:55:00+00:00,27428.070000000003,27439.070000000003,27410.320000000003,27411.940000000002,9970
2026-07-30T00:00:00+00:00,27411.940000000002,27432.940000000002,27363.940000000002,27391.890000000003,21280
2026-07-30T00:05:00+00:00,27391.890000000003,27481.820000000003,27389.140000000003,27474.190000000002,20177
2026-07-30T00:10:00+00:00,27474.190000000002,27496.940000000002,27459.190000000002,27469.190000000002,15589
2026-07-30T00:15:00+00:00,27469.190000000002,27491.320000000003,27450.190000000002,27462.690000000002,19380
2026-07-30T00:20:00+00:00,27462.690000000002,27480.820000000003,27440.570000000003,27461.890000000003,18352
2026-07-30T00:25:00+00:00,27461.890000000003,27492.190000000002,27456.820000000003,27484.070000000003,15330
2026-07-30T00:30:00+00:00,27484.070000000003,27499.320000000003,27445.070000000003,27446.940000000002,14944
2026-07-30T00:35:00+00:00,27446.940000000002,27448.570000000003,27418.320000000003,27423.440000000002,12595
2026-07-30T00:40:00+00:00,27423.440000000002,27433.820000000003,27379.320000000003,27396.820000000003,11481
2026-07-30T00:45:00+00:00,27396.820000000003,27434.940000000002,27380.690000000002,27418.070000000003,16227
2026-07-30T00:50:00+00:00,27418.070000000003,27437.820000000003,27394.440000000002,27427.070000000003,14730
2026-07-30T00:55:00+00:00,27427.070000000003,27438.070000000003,27400.690000000002,27436.570000000003,11917
2026-07-30T01:00:00+00:00,27436.570000000003,27480.940000000002,27425.320000000003,27480.940000000002,14099
2026-07-30T01:05:00+00:00,27480.940000000002,27548.070000000003,27469.140000000003,27490.690000000002,12192
2026-07-30T01:10:00+00:00,27490.690000000002,27503.390000000003,27455.820000000003,27459.820000000003,16322
2026-07-30T01:15:00+00:00,27459.820000000003,27495.440000000002,27453.940000000002,27480.940000000002,14957
2026-07-30T01:20:00+00:00,27480.940000000002,27508.570000000003,27471.070000000003,27505.440000000002,15283
2026-07-30T01:25:00+00:00,27505.440000000002,27537.320000000003,27504.190000000002,27528.690000000002,12747
2026-07-30T01:30:00+00:00,27528.690000000002,27572.070000000003,27525.440000000002,27561.320000000003,9531
2026-07-30T01:35:00+00:00,27561.320000000003,27580.190000000002,27551.820000000003,27570.690000000002,10313
2026-07-30T01:40:00+00:00,27570.690000000002,27583.320000000003,27557.820000000003,27566.820000000003,9553
2026-07-30T01:45:00+00:00,27566.820000000003,27585.940000000002,27553.440000000002,27571.070000000003,9249
2026-07-30T01:50:00+00:00,27571.070000000003,27577.190000000002,27543.070000000003,27560.320000000003,8768
2026-07-30T01:55:00+00:00,27560.320000000003,27578.190000000002,27538.070000000003,27540.820000000003,10387
2026-07-30T02:00:00+00:00,27540.820000000003,27576.820000000003,27529.820000000003,27531.820000000003,11774
2026-07-30T02:05:00+00:00,27531.820000000003,27551.070000000003,27523.570000000003,27537.690000000002,10887
2026-07-30T02:10:00+00:00,27537.690000000002,27562.690000000002,27520.070000000003,27526.570000000003,10090
2026-07-30T02:15:00+00:00,27526.570000000003,27526.690000000002,27507.820000000003,27514.070000000003,10075
2026-07-30T02:20:00+00:00,27514.070000000003,27539.320000000003,27510.570000000003,27526.940000000002,9951
2026-07-30T02:25:00+00:00,27526.940000000002,27540.570000000003,27493.690000000002,27502.190000000002,8310
2026-07-30T02:30:00+00:00,27502.190000000002,27502.440000000002,27475.440000000002,27477.070000000003,8342
2026-07-30T02:35:00+00:00,27477.070000000003,27477.070000000003,27455.440000000002,27458.940000000002,7026
2026-07-30T02:40:00+00:00,27458.940000000002,27501.190000000002,27450.570000000003,27499.440000000002,7896
2026-07-30T02:45:00+00:00,27499.440000000002,27519.070000000003,27473.320000000003,27487.190000000002,8443
2026-07-30T02:50:00+00:00,27487.190000000002,27501.690000000002,27468.570000000003,27480.440000000002,9018
2026-07-30T02:55:00+00:00,27480.440000000002,27494.570000000003,27429.320000000003,27431.320000000003,8272
2026-07-30T03:00:00+00:00,27431.320000000003,27466.320000000003,27426.690000000002,27448.690000000002,9624
2026-07-30T03:05:00+00:00,27448.690000000002,27457.820000000003,27408.070000000003,27408.570000000003,9455
2026-07-30T03:10:00+00:00,27408.570000000003,27411.320000000003,27376.070000000003,27388.320000000003,6491
2026-07-30T03:15:00+00:00,27388.320000000003,27396.070000000003,27361.570000000003,27374.690000000002,7802
2026-07-30T03:20:00+00:00,27374.690000000002,27383.690000000002,27364.690000000002,27383.320000000003,8205
2026-07-30T03:25:00+00:00,27383.320000000003,27412.570000000003,27376.570000000003,27406.190000000002,8686
2026-07-30T03:30:00+00:00,27406.190000000002,27438.190000000002,27371.190000000002,27437.320000000003,12464
2026-07-30T03:35:00+00:00,27437.320000000003,27447.070000000003,27380.820000000003,27382.940000000002,11925
2026-07-30T03:40:00+00:00,27382.940000000002,27420.570000000003,27376.570000000003,27420.570000000003,10398
2026-07-30T03:45:00+00:00,27420.570000000003,27452.570000000003,27407.940000000002,27440.570000000003,9291
2026-07-30T03:50:00+00:00,27440.570000000003,27451.320000000003,27421.690000000002,27439.940000000002,10419
2026-07-30T03:55:00+00:00,27439.940000000002,27451.940000000002,27409.940000000002,27420.690000000002,8742
2026-07-30T04:00:00+00:00,27420.690000000002,27433.190000000002,27407.390000000003,27421.320000000003,10484
2026-07-30T04:05:00+00:00,27421.320000000003,27428.070000000003,27379.070000000003,27380.190000000002,8968
2026-07-30T04:10:00+00:00,27380.190000000002,27387.190000000002,27371.440000000002,27375.440000000002,7612
2026-07-30T04:15:00+00:00,27375.440000000002,27378.070000000003,27350.570000000003,27361.940000000002,7774
2026-07-30T04:20:00+00:00,27361.940000000002,27388.440000000002,27352.320000000003,27381.320000000003,9882
2026-07-30T04:25:00+00:00,27381.320000000003,27431.440000000002,27378.440000000002,27424.570000000003,9717
2026-07-30T04:30:00+00:00,27424.570000000003,27433.320000000003,27412.440000000002,27420.440000000002,9217
2026-07-30T04:35:00+00:00,27420.440000000002,27431.190000000002,27374.070000000003,27382.940000000002,8804
2026-07-30T04:40:00+00:00,27382.940000000002,27393.190000000002,27351.570000000003,27360.820000000003,9556
2026-07-30T04:45:00+00:00,27360.820000000003,27400.940000000002,27356.570000000003,27373.320000000003,9386
2026-07-30T04:50:00+00:00,27373.320000000003,27376.440000000002,27335.190000000002,27348.190000000002,9094
2026-07-30T04:55:00+00:00,27348.190000000002,27349.570000000003,27325.070000000003,27337.070000000003,7258
2026-07-30T05:00:00+00:00,27337.070000000003,27343.320000000003,27311.690000000002,27329.820000000003,10279
2026-07-30T05:05:00+00:00,27329.820000000003,27342.570000000003,27313.070000000003,27322.320000000003,10035
2026-07-30T05:10:00+00:00,27322.320000000003,27347.190000000002,27311.320000000003,27347.190000000002,9449
2026-07-30T05:15:00+00:00,27347.190000000002,27382.070000000003,27343.320000000003,27382.070000000003,10985
2026-07-30T05:20:00+00:00,27382.070000000003,27388.940000000002,27346.820000000003,27374.190000000002,10471
2026-07-30T05:25:00+00:00,27374.190000000002,27388.320000000003,27351.940000000002,27368.070000000003,11542
2026-07-30T05:30:00+00:00,27368.070000000003,27398.940000000002,27355.190000000002,27382.320000000003,13723
2026-07-30T05:35:00+00:00,27382.320000000003,27391.190000000002,27360.820000000003,27379.690000000002,13492
2026-07-30T05:40:00+00:00,27379.690000000002,27416.320000000003,27376.190000000002,27410.320000000003,8794
2026-07-30T05:45:00+00:00,27410.320000000003,27435.690000000002,27377.190000000002,27386.440000000002,8778
2026-07-30T05:50:00+00:00,27386.440000000002,27391.070000000003,27366.570000000003,27373.070000000003,8277
2026-07-30T05:55:00+00:00,27373.070000000003,27382.940000000002,27354.440000000002,27377.940000000002,8185
2026-07-30T06:00:00+00:00,27377.940000000002,27382.190000000002,27362.070000000003,27378.940000000002,12359
2026-07-30T06:05:00+00:00,27378.940000000002,27395.820000000003,27359.570000000003,27360.690000000002,9583
2026-07-30T06:10:00+00:00,27360.690000000002,27376.570000000003,27349.320000000003,27358.570000000003,9595
2026-07-30T06:15:00+00:00,27358.570000000003,27358.570000000003,27337.690000000002,27350.820000000003,6397
2026-07-30T06:20:00+00:00,27350.820000000003,27370.690000000002,27338.190000000002,27369.940000000002,6868
2026-07-30T06:25:00+00:00,27369.940000000002,27388.070000000003,27365.070000000003,27371.690000000002,7585
2026-07-30T06:30:00+00:00,27371.690000000002,27374.690000000002,27340.570000000003,27351.940000000002,6288
2026-07-30T06:35:00+00:00,27351.940000000002,27362.190000000002,27341.320000000003,27346.440000000002,5756
2026-07-30T06:40:00+00:00,27346.440000000002,27348.940000000002,27324.190000000002,27325.940000000002,4688
2026-07-30T06:45:00+00:00,27325.940000000002,27353.440000000002,27321.440000000002,27334.570000000003,5509
2026-07-30T06:50:00+00:00,27334.570000000003,27342.440000000002,27325.820000000003,27338.440000000002,5590
2026-07-30T06:55:00+00:00,27338.440000000002,27348.070000000003,27306.940000000002,27325.070000000003,5980
2026-07-30T07:00:00+00:00,27325.070000000003,27411.070000000003,27306.440000000002,27376.940000000002,15867
2026-07-30T07:05:00+00:00,27376.940000000002,27410.690000000002,27341.940000000002,27361.570000000003,10967
2026-07-30T07:10:00+00:00,27361.570000000003,27391.070000000003,27347.070000000003,27366.820000000003,9747
2026-07-30T07:15:00+00:00,27366.820000000003,27372.820000000003,27315.820000000003,27317.440000000002,9768
2026-07-30T07:20:00+00:00,27317.440000000002,27319.690000000002,27285.940000000002,27318.940000000002,9884
2026-07-30T07:25:00+00:00,27318.940000000002,27327.940000000002,27286.440000000002,27299.320000000003,9273
2026-07-30T07:30:00+00:00,27299.320000000003,27303.190000000002,27266.690000000002,27272.190000000002,9433
2026-07-30T07:35:00+00:00,27272.190000000002,27309.570000000003,27243.570000000003,27309.570000000003,8434
2026-07-30T07:40:00+00:00,27309.570000000003,27337.940000000002,27303.820000000003,27322.440000000002,7839
2026-07-30T07:45:00+00:00,27322.440000000002,27333.070000000003,27307.440000000002,27312.570000000003,7306
2026-07-30T07:50:00+00:00,27312.570000000003,27328.940000000002,27299.190000000002,27302.070000000003,7938
2026-07-30T07:55:00+00:00,27302.070000000003,27308.440000000002,27280.570000000003,27283.890000000003,5636
2026-07-30T08:00:00+00:00,27283.890000000003,27286.190000000002,27227.940000000002,27261.570000000003,10386
2026-07-30T08:05:00+00:00,27261.570000000003,27336.570000000003,27237.190000000002,27334.070000000003,9903
2026-07-30T08:10:00+00:00,27334.070000000003,27345.690000000002,27323.690000000002,27327.440000000002,7605
2026-07-30T08:15:00+00:00,27327.440000000002,27344.57,27314.690000000002,27327.320000000003,8484
2026-07-30T08:20:00+00:00,27327.320000000003,27383.940000000002,27326.570000000003,27378.440000000002,7582
2026-07-30T08:25:00+00:00,27378.440000000002,27404.940000000002,27367.940000000002,27390.570000000003,7228
2026-07-30T08:30:00+00:00,27390.570000000003,27406.940000000002,27384.690000000002,27389.440000000002,7663
2026-07-30T08:35:00+00:00,27389.440000000002,27409.190000000002,27371.440000000002,27375.190000000002,6520
2026-07-30T08:40:00+00:00,27375.190000000002,27385.320000000003,27371.190000000002,27377.070000000003,7437
2026-07-30T08:45:00+00:00,27377.070000000003,27392.690000000002,27362.070000000003,27365.940000000002,7198
2026-07-30T08:50:00+00:00,27365.940000000002,27372.070000000003,27353.070000000003,27356.690000000002,5230
2026-07-30T08:55:00+00:00,27356.690000000002,27367.820000000003,27343.690000000002,27367.690000000002,4984
2026-07-30T09:00:00+00:00,27367.690000000002,27394.440000000002,27353.440000000002,27385.070000000003,6514
2026-07-30T09:05:00+00:00,27385.070000000003,27393.940000000002,27373.320000000003,27387.570000000003,6529
2026-07-30T09:10:00+00:00,27387.570000000003,27437.070000000003,27379.820000000003,27416.890000000003,5774
2026-07-30T09:15:00+00:00,27416.890000000003,27433.570000000003,27408.890000000003,27424.070000000003,6829
2026-07-30T09:20:00+00:00,27424.070000000003,27457.320000000003,27420.570000000003,27447.190000000002,6121
2026-07-30T09:25:00+00:00,27447.190000000002,27453.440000000002,27432.070000000003,27436.440000000002,5492
2026-07-30T09:30:00+00:00,27436.440000000002,27460.070000000003,27421.820000000003,27457.690000000002,5437
2026-07-30T09:35:00+00:00,27457.690000000002,27468.190000000002,27435.820000000003,27437.320000000003,5467
2026-07-30T09:40:00+00:00,27437.320000000003,27439.820000000003,27421.190000000002,27426.820000000003,4849
2026-07-30T09:45:00+00:00,27426.820000000003,27437.070000000003,27421.070000000003,27435.940000000002,4967
2026-07-30T09:50:00+00:00,27435.940000000002,27438.070000000003,27422.820000000003,27437.320000000003,4944
2026-07-30T09:55:00+00:00,27437.320000000003,27437.940000000002,27397.690000000002,27399.070000000003,5370
2026-07-30T10:00:00+00:00,27399.070000000003,27406.190000000002,27371.320000000003,27389.440000000002,6011
2026-07-30T10:05:00+00:00,27389.440000000002,27443.570000000003,27388.940000000002,27436.320000000003,6138
2026-07-30T10:10:00+00:00,27436.320000000003,27446.570000000003,27418.570000000003,27425.690000000002,6675
2026-07-30T10:15:00+00:00,27425.690000000002,27481.940000000002,27423.690000000002,27478.570000000003,7689
2026-07-30T10:20:00+00:00,27478.570000000003,27498.940000000002,27478.320000000003,27487.440000000002,5617
2026-07-30T10:25:00+00:00,27487.440000000002,27509.320000000003,27485.940000000002,27500.190000000002,5672
2026-07-30T10:30:00+00:00,27500.190000000002,27520.070000000003,27489.690000000002,27495.690000000002,5884
2026-07-30T10:35:00+00:00,27495.690000000002,27514.940000000002,27493.440000000002,27503.570000000003,5294
2026-07-30T10:40:00+00:00,27503.570000000003,27528.690000000002,27498.940000000002,27514.070000000003,7636
2026-07-30T10:45:00+00:00,27514.070000000003,27530.190000000002,27509.440000000002,27515.440000000002,5947
2026-07-30T10:50:00+00:00,27515.440000000002,27530.070000000003,27496.690000000002,27497.070000000003,5712
2026-07-30T10:55:00+00:00,27497.070000000003,27507.820000000003,27493.820000000003,27500.690000000002,3125
2026-07-30T11:00:00+00:00,27500.690000000002,27543.070000000003,27495.640000000003,27540.940000000002,8816
2026-07-30T11:05:00+00:00,27540.940000000002,27566.940000000002,27538.440000000002,27562.070000000003,7029
2026-07-30T11:10:00+00:00,27562.070000000003,27568.820000000003,27538.190000000002,27548.690000000002,6065
2026-07-30T11:15:00+00:00,27548.690000000002,27584.320000000003,27543.940000000002,27564.320000000003,5382
2026-07-30T11:20:00+00:00,27564.320000000003,27585.690000000002,27553.570000000003,27584.320000000003,5333
2026-07-30T11:25:00+00:00,27584.320000000003,27603.820000000003,27580.820000000003,27597.320000000003,5441
2026-07-30T11:30:00+00:00,27597.320000000003,27599.570000000003,27557.440000000002,27564.070000000003,6922
2026-07-30T11:35:00+00:00,27564.070000000003,27609.190000000002,27563.070000000003,27583.190000000002,6411
2026-07-30T11:40:00+00:00,27583.190000000002,27605.440000000002,27571.820000000003,27583.940000000002,5908
2026-07-30T11:45:00+00:00,27583.940000000002,27615.320000000003,27583.440000000002,27610.820000000003,5627
2026-07-30T11:50:00+00:00,27610.820000000003,27626.440000000002,27604.320000000003,27622.690000000002,6427
2026-07-30T11:55:00+00:00,27622.690000000002,27627.570000000003,27604.070000000003,27607.320000000003,5850
2026-07-30T12:00:00+00:00,27607.320000000003,27634.440000000002,27578.820000000003,27628.070000000003,8888
2026-07-30T12:05:00+00:00,27628.070000000003,27640.440000000002,27621.940000000002,27637.820000000003,6394
2026-07-30T12:10:00+00:00,27637.820000000003,27647.570000000003,27619.320000000003,27644.070000000003,7566
2026-07-30T12:15:00+00:00,27644.070000000003,27648.320000000003,27620.690000000002,27625.820000000003,7556
2026-07-30T12:20:00+00:00,27625.820000000003,27634.440000000002,27597.440000000002,27629.440000000002,7003
2026-07-30T12:25:00+00:00,27629.440000000002,27638.570000000003,27604.190000000002,27620.890000000003,6550
2026-07-30T12:30:00+00:00,27620.890000000003,27668.140000000003,27598.190000000002,27624.690000000002,13048
2026-07-30T12:35:00+00:00,27624.690000000002,27667.940000000002,27616.440000000002,27666.820000000003,10612
2026-07-30T12:40:00+00:00,27666.820000000003,27685.320000000003,27647.070000000003,27659.440000000002,11528
2026-07-30T12:45:00+00:00,27659.440000000002,27679.940000000002,27645.690000000002,27676.940000000002,12312
2026-07-30T12:50:00+00:00,27676.940000000002,27687.190000000002,27663.440000000002,27680.940000000002,12942
2026-07-30T12:55:00+00:00,27680.940000000002,27702.190000000002,27666.440000000002,27688.690000000002,11604
2026-07-30T13:00:00+00:00,27688.690000000002,27741.570000000003,27677.190000000002,27730.820000000003,14018
2026-07-30T13:05:00+00:00,27730.820000000003,27758.940000000002,27722.940000000002,27726.940000000002,11023
2026-07-30T13:10:00+00:00,27726.940000000002,27745.820000000003,27710.070000000003,27722.940000000002,11643
2026-07-30T13:15:00+00:00,27722.940000000002,27742.440000000002,27714.570000000003,27733.570000000003,9655
2026-07-30T13:20:00+00:00,27733.570000000003,27734.070000000003,27718.190000000002,27725.190000000002,9046
2026-07-30T13:25:00+00:00,27725.190000000002,27764.820000000003,27720.320000000003,27759.690000000002,14726
2026-07-30T13:30:00+00:00,27759.690000000002,27771.970000000005,27697.090000000004,27754.340000000004,59355
2026-07-30T13:35:00+00:00,27754.340000000004,27802.340000000004,27731.970000000005,27774.340000000004,54892
2026-07-30T13:40:00+00:00,27774.340000000004,27878.840000000004,27733.840000000004,27860.720000000005,49070
2026-07-30T13:45:00+00:00,27860.720000000005,27949.590000000004,27857.470000000005,27948.470000000005,39707
2026-07-30T13:50:00+00:00,27948.470000000005,28007.340000000004,27926.340000000004,27985.720000000005,43661
2026-07-30T13:55:00+00:00,27985.720000000005,28036.590000000004,27967.470000000005,28034.720000000005,45686
2026-07-30T14:00:00+00:00,28034.720000000005,28065.720000000005,28012.090000000004,28043.340000000004,40979
2026-07-30T14:05:00+00:00,28043.340000000004,28047.340000000004,27957.340000000004,27970.720000000005,42455
2026-07-30T14:10:00+00:00,27970.720000000005,27998.720000000005,27950.970000000005,27991.470000000005,46778
2026-07-30T14:15:00+00:00,27991.470000000005,28022.090000000004,27963.970000000005,27996.840000000004,43804
2026-07-30T14:20:00+00:00,27996.840000000004,28056.590000000004,27986.220000000005,28046.590000000004,37626
2026-07-30T14:25:00+00:00,28046.590000000004,28121.970000000005,28033.220000000005,28109.720000000005,33646
2026-07-30T14:30:00+00:00,28109.720000000005,28127.840000000004,28073.470000000005,28118.220000000005,38675
2026-07-30T14:35:00+00:00,28118.220000000005,28126.220000000005,28086.220000000005,28103.090000000004,34440
2026-07-30T14:40:00+00:00,28103.090000000004,28123.220000000005,28044.470000000005,28057.720000000005,31926
2026-07-30T14:45:00+00:00,28057.720000000005,28077.720000000005,28013.840000000004,28049.840000000004,39856
2026-07-30T14:50:00+00:00,28049.840000000004,28055.720000000005,27947.340000000004,27951.470000000005,36593
2026-07-30T14:55:00+00:00,27951.470000000005,27977.970000000005,27906.970000000005,27954.090000000004,40639
2026-07-30T15:00:00+00:00,27954.090000000004,27996.090000000004,27895.840000000004,27987.470000000005,43333
2026-07-30T15:05:00+00:00,27987.470000000005,28018.840000000004,27938.840000000004,28017.840000000004,41285
2026-07-30T15:10:00+00:00,28017.840000000004,28018.470000000005,27901.970000000005,27907.470000000005,41880
2026-07-30T15:15:00+00:00,27907.470000000005,27957.220000000005,27894.470000000005,27929.720000000005,38251
2026-07-30T15:20:00+00:00,27929.720000000005,27980.970000000005,27916.720000000005,27932.340000000004,37723
2026-07-30T15:25:00+00:00,27932.340000000004,27960.840000000004,27880.340000000004,27893.090000000004,38534
2026-07-30T15:30:00+00:00,27893.090000000004,27956.340000000004,27885.220000000005,27956.340000000004,35228
2026-07-30T15:35:00+00:00,27956.340000000004,27971.340000000004,27920.840000000004,27954.720000000005,36649
2026-07-30T15:40:00+00:00,27954.720000000005,27990.590000000004,27938.470000000005,27972.970000000005,30511
2026-07-30T15:45:00+00:00,27972.970000000005,28015.470000000005,27972.970000000005,27996.590000000004,26831
2026-07-30T15:50:00+00:00,27996.590000000004,28003.970000000005,27932.720000000005,27991.220000000005,25189
2026-07-30T15:55:00+00:00,27991.220000000005,28014.090000000004,27955.220000000005,27962.340000000004,23910
2026-07-30T16:00:00+00:00,27962.340000000004,28038.470000000005,27942.720000000005,28033.220000000005,26549
2026-07-30T16:05:00+00:00,28033.220000000005,28048.590000000004,28019.720000000005,28028.220000000005,22434
2026-07-30T16:10:00+00:00,28028.220000000005,28072.720000000005,28025.090000000004,28069.220000000005,18838
2026-07-30T16:15:00+00:00,28069.220000000005,28075.220000000005,28052.470000000005,28054.970000000005,17644
2026-07-30T16:20:00+00:00,28054.970000000005,28067.720000000005,28031.220000000005,28039.720000000005,17145
2026-07-30T16:25:00+00:00,28039.720000000005,28046.220000000005,28023.720000000005,28028.840000000004,18079
2026-07-30T16:30:00+00:00,28028.840000000004,28032.840000000004,27994.970000000005,28002.840000000004,19822
2026-07-30T16:35:00+00:00,28002.840000000004,28024.220000000005,27997.470000000005,28000.590000000004,17289
2026-07-30T16:40:00+00:00,28000.590000000004,28000.970000000005,27940.720000000005,27951.470000000005,20100
2026-07-30T16:45:00+00:00,27951.470000000005,27990.470000000005,27949.720000000005,27981.590000000004,18242
2026-07-30T16:50:00+00:00,27981.590000000004,28018.720000000005,27962.470000000005,27996.220000000005,16806
2026-07-30T16:55:00+00:00,27996.220000000005,28018.590000000004,27993.220000000005,28009.470000000005,15084
2026-07-30T17:00:00+00:00,28009.470000000005,28056.470000000005,28009.470000000005,28049.470000000005,17282
2026-07-30T17:05:00+00:00,28049.470000000005,28066.470000000005,28043.470000000005,28051.470000000005,13240
2026-07-30T17:10:00+00:00,28051.470000000005,28064.470000000005,28038.090000000004,28042.220000000005,12590
2026-07-30T17:15:00+00:00,28042.220000000005,28089.220000000005,28039.840000000004,28086.220000000005,13888
2026-07-30T17:20:00+00:00,28086.220000000005,28089.840000000004,28061.970000000005,28073.220000000005,11430
2026-07-30T17:25:00+00:00,28073.220000000005,28073.970000000005,28048.340000000004,28052.220000000005,11544
2026-07-30T17:30:00+00:00,28052.220000000005,28066.970000000005,28037.090000000004,28046.470000000005,12452
2026-07-30T17:35:00+00:00,28046.470000000005,28063.720000000005,28022.340000000004,28030.470000000005,15939
2026-07-30T17:40:00+00:00,28030.470000000005,28080.470000000005,28030.470000000005,28070.720000000005,15314
2026-07-30T17:45:00+00:00,28070.720000000005,28084.220000000005,28066.970000000005,28066.970000000005,12718
2026-07-30T17:50:00+00:00,28066.970000000005,28089.970000000005,28057.720000000005,28058.720000000005,13288
2026-07-30T17:55:00+00:00,28058.720000000005,28071.470000000005,28048.840000000004,28060.970000000005,10579
2026-07-30T18:00:00+00:00,28060.970000000005,28083.720000000005,28051.470000000005,28052.470000000005,10651
2026-07-30T18:05:00+00:00,28052.470000000005,28078.970000000005,28051.840000000004,28075.090000000004,11674
2026-07-30T18:10:00+00:00,28075.090000000004,28087.840000000004,28066.220000000005,28083.720000000005,10649
2026-07-30T18:15:00+00:00,28083.720000000005,28086.220000000005,28045.970000000005,28051.090000000004,10997
2026-07-30T18:20:00+00:00,28051.090000000004,28074.470000000005,28045.720000000005,28068.220000000005,10175
2026-07-30T18:25:00+00:00,28068.220000000005,28073.720000000005,28057.470000000005,28065.470000000005,8601
2026-07-30T18:30:00+00:00,28065.470000000005,28081.970000000005,28053.470000000005,28057.840000000004,10319
2026-07-30T18:35:00+00:00,28057.840000000004,28058.340000000004,28032.220000000005,28040.970000000005,10715
2026-07-30T18:40:00+00:00,28040.970000000005,28053.470000000005,28033.970000000005,28050.220000000005,9856
2026-07-30T18:45:00+00:00,28050.220000000005,28071.720000000005,28049.340000000004,28061.970000000005,9008
2026-07-30T18:50:00+00:00,28061.970000000005,28068.840000000004,28046.340000000004,28047.720000000005,7899
2026-07-30T18:55:00+00:00,28047.720000000005,28068.840000000004,28037.720000000005,28064.090000000004,9266
2026-07-30T19:00:00+00:00,28064.090000000004,28094.090000000004,28064.090000000004,28081.840000000004,11450
2026-07-30T19:05:00+00:00,28081.840000000004,28138.340000000004,28078.590000000004,28137.470000000005,11617
2026-07-30T19:10:00+00:00,28137.470000000005,28176.720000000005,28136.340000000004,28157.840000000004,11733
2026-07-30T19:15:00+00:00,28157.840000000004,28180.340000000004,28145.340000000004,28168.340000000004,11372
2026-07-30T19:20:00+00:00,28168.340000000004,28170.470000000005,28140.970000000005,28146.970000000005,10374
2026-07-30T19:25:00+00:00,28146.970000000005,28153.840000000004,28125.340000000004,28127.090000000004,9522
2026-07-30T19:30:00+00:00,28127.090000000004,28140.220000000005,28118.970000000005,28125.970000000005,13951
2026-07-30T19:35:00+00:00,28125.970000000005,28129.970000000005,28102.720000000005,28121.720000000005,12148
2026-07-30T19:40:00+00:00,28121.720000000005,28124.720000000005,28104.970000000005,28115.470000000005,11159
2026-07-30T19:45:00+00:00,28115.470000000005,28127.970000000005,28100.340000000004,28118.590000000004,14548
2026-07-30T19:50:00+00:00,28118.590000000004,28122.720000000005,28090.340000000004,28107.220000000005,21543
2026-07-30T19:55:00+00:00,28107.220000000005,28143.470000000005,28086.340000000004,28106.970000000005,27541
2026-07-30T20:00:00+00:00,28106.970000000005,28235.890000000003,28088.890000000003,28218.140000000003,16928
2026-07-30T20:05:00+00:00,28218.140000000003,28218.140000000003,28181.690000000002,28183.320000000003,6939
2026-07-30T20:10:00+00:00,28183.320000000003,28212.320000000003,28166.890000000003,28207.820000000003,6689
2026-07-30T20:15:00+00:00,28207.820000000003,28239.190000000002,28205.890000000003,28236.940000000002,6251
2026-07-30T20:20:00+00:00,28236.940000000002,28251.320000000003,28222.690000000002,28243.320000000003,4423
2026-07-30T20:25:00+00:00,28243.320000000003,28248.690000000002,28229.190000000002,28246.890000000003,3483
2026-07-30T20:30:00+00:00,28246.890000000003,28282.890000000003,28194.390000000003,28241.070000000003,10923
2026-07-30T20:35:00+00:00,28241.070000000003,28241.320000000003,28208.070000000003,28226.940000000002,6542
2026-07-30T20:40:00+00:00,28226.940000000002,28244.440000000002,28207.390000000003,28243.440000000002,5434
2026-07-30T20:45:00+00:00,28243.440000000002,28245.820000000003,28221.570000000003,28227.070000000003,3976
2026-07-30T20:50:00+00:00,28227.070000000003,28229.690000000002,28208.690000000002,28217.320000000003,3994
2026-07-30T20:55:00+00:00,28217.320000000003,28224.190000000002,28205.820000000003,28215.640000000003,3292
2026-07-30T22:00:00+00:00,28215.640000000003,28292.060000000005,28187.510000000002,28282.810000000005,7184
2026-07-30T22:05:00+00:00,28282.810000000005,28284.690000000002,28255.010000000002,28277.010000000002,4338
2026-07-30T22:10:00+00:00,28277.010000000002,28287.940000000002,28256.190000000002,28263.010000000002,3408
2026-07-30T22:15:00+00:00,28263.010000000002,28285.310000000005,28261.440000000002,28267.810000000005,3813
2026-07-30T22:20:00+00:00,28267.810000000005,28270.510000000002,28235.060000000005,28236.690000000002,5046
2026-07-30T22:25:00+00:00,28236.690000000002,28257.060000000005,28230.010000000002,28233.690000000002,4169
2026-07-30T22:30:00+00:00,28233.690000000002,28245.440000000002,28211.190000000002,28243.190000000002,4077
2026-07-30T22:35:00+00:00,28243.190000000002,28267.310000000005,28236.190000000002,28264.690000000002,4202
2026-07-30T22:40:00+00:00,28264.690000000002,28283.940000000002,28259.440000000002,28282.440000000002,3501
2026-07-30T22:45:00+00:00,28282.440000000002,28284.440000000002,28272.440000000002,28278.310000000005,2863
2026-07-30T22:50:00+00:00,28278.310000000005,28288.560000000005,28272.060000000005,28281.940000000002,2344
2026-07-30T22:55:00+00:00,28281.940000000002,28287.560000000005,28271.810000000005,28273.190000000002,2577
2026-07-30T23:00:00+00:00,28273.190000000002,28303.310000000005,28271.690000000002,28296.190000000002,4225
2026-07-30T23:05:00+00:00,28296.190000000002,28300.310000000005,28273.690000000002,28273.690000000002,2554
2026-07-30T23:10:00+00:00,28273.690000000002,28276.810000000005,28257.060000000005,28263.810000000005,2337
2026-07-30T23:15:00+00:00,28263.810000000005,28266.060000000005,28253.560000000005,28254.810000000005,1742
2026-07-30T23:20:00+00:00,28254.810000000005,28257.190000000002,28243.060000000005,28249.060000000005,1733
2026-07-30T23:25:00+00:00,28249.060000000005,28270.810000000005,28249.060000000005,28257.560000000005,2499
2026-07-30T23:30:00+00:00,28257.560000000005,28267.810000000005,28241.190000000002,28262.560000000005,2827
2026-07-30T23:35:00+00:00,28262.560000000005,28277.440000000002,28254.940000000002,28272.810000000005,2208
2026-07-30T23:40:00+00:00,28272.810000000005,28294.560000000005,28272.190000000002,28284.810000000005,3015
2026-07-30T23:45:00+00:00,28284.810000000005,28302.940000000002,28277.560000000005,28298.060000000005,5665
2026-07-30T23:50:00+00:00,28298.060000000005,28317.310000000005,28270.940000000002,28312.440000000002,4922
2026-07-30T23:55:00+00:00,28312.440000000002,28324.440000000002,28301.690000000002,28302.310000000005,3534
2026-07-31T00:00:00+00:00,28302.310000000005,28321.560000000005,28276.690000000002,28311.190000000002,9468
2026-07-31T00:05:00+00:00,28311.190000000002,28335.190000000002,28305.060000000005,28320.940000000002,9220
2026-07-31T00:10:00+00:00,28320.940000000002,28354.690000000002,28311.810000000005,28346.560000000005,8224
2026-07-31T00:15:00+00:00,28346.560000000005,28358.560000000005,28326.810000000005,28355.560000000005,6420
2026-07-31T00:20:00+00:00,28355.560000000005,28366.810000000005,28333.060000000005,28352.060000000005,7762
2026-07-31T00:25:00+00:00,28352.060000000005,28361.440000000002,28342.810000000005,28361.440000000002,6639
2026-07-31T00:30:00+00:00,28361.440000000002,28388.560000000005,28359.940000000002,28384.810000000005,5568
2026-07-31T00:35:00+00:00,28384.810000000005,28387.060000000005,28369.690000000002,28373.690000000002,6087
2026-07-31T00:40:00+00:00,28373.690000000002,28378.440000000002,28361.810000000005,28378.440000000002,6941
2026-07-31T00:45:00+00:00,28378.440000000002,28380.060000000005,28348.190000000002,28352.310000000005,7636
2026-07-31T00:50:00+00:00,28352.310000000005,28372.060000000005,28352.060000000005,28361.060000000005,5181
2026-07-31T00:55:00+00:00,28361.060000000005,28402.940000000002,28359.940000000002,28401.310000000005,4408
2026-07-31T01:00:00+00:00,28401.310000000005,28430.440000000002,28401.310000000005,28427.940000000002,6187
2026-07-31T01:05:00+00:00,28427.940000000002,28448.560000000005,28424.940000000002,28445.810000000005,5216
2026-07-31T01:10:00+00:00,28445.810000000005,28447.310000000005,28434.690000000002,28439.560000000005,4691
2026-07-31T01:15:00+00:00,28439.560000000005,28450.810000000005,28437.060000000005,28438.940000000002,4756
2026-07-31T01:20:00+00:00,28438.940000000002,28450.060000000005,28426.940000000002,28434.190000000002,3720
2026-07-31T01:25:00+00:00,28434.190000000002,28449.690000000002,28422.440000000002,28429.190000000002,4224
2026-07-31T01:30:00+00:00,28429.190000000002,28437.440000000002,28404.560000000005,28414.560000000005,8306
2026-07-31T01:35:00+00:00,28414.560000000005,28415.810000000005,28379.310000000005,28387.440000000002,7901
2026-07-31T01:40:00+00:00,28387.440000000002,28390.190000000002,28368.690000000002,28376.560000000005,6249
2026-07-31T01:45:00+00:00,28376.560000000005,28378.060000000005,28345.190000000002,28346.810000000005,8184
2026-07-31T01:50:00+00:00,28346.810000000005,28363.690000000002,28334.810000000005,28345.310000000005,7162
2026-07-31T01:55:00+00:00,28345.310000000005,28362.940000000002,28337.310000000005,28356.060000000005,6990
2026-07-31T02:00:00+00:00,28356.060000000005,28378.060000000005,28323.940000000002,28325.560000000005,6286
2026-07-31T02:05:00+00:00,28325.560000000005,28354.560000000005,28320.940000000002,28351.190000000002,6298
2026-07-31T02:10:00+00:00,28351.190000000002,28351.190000000002,28312.810000000005,28316.560000000005,6538
2026-07-31T02:15:00+00:00,28316.560000000005,28316.690000000002,28280.560000000005,28284.690000000002,5750
2026-07-31T02:20:00+00:00,28284.690000000002,28307.060000000005,28281.060000000005,28288.690000000002,6153
2026-07-31T02:25:00+00:00,28288.690000000002,28305.940000000002,28284.560000000005,28301.940000000002,4992
2026-07-31T02:30:00+00:00,28301.940000000002,28311.060000000005,28287.810000000005,28299.940000000002,4328
2026-07-31T02:35:00+00:00,28299.940000000002,28300.940000000002,28269.060000000005,28289.690000000002,6362
2026-07-31T02:40:00+00:00,28289.690000000002,28301.560000000005,28281.310000000005,28299.560000000005,5134
2026-07-31T02:45:00+00:00,28299.560000000005,28316.690000000002,28281.060000000005,28285.060000000005,4835
2026-07-31T02:50:00+00:00,28285.060000000005,28301.310000000005,28277.310000000005,28292.440000000002,5137
2026-07-31T02:55:00+00:00,28292.440000000002,28315.560000000005,28289.810000000005,28311.440000000002,4659
2026-07-31T03:00:00+00:00,28311.440000000002,28312.190000000002,28289.690000000002,28305.810000000005,5932
2026-07-31T03:05:00+00:00,28305.810000000005,28313.440000000002,28300.690000000002,28305.810000000005,5281
2026-07-31T03:10:00+00:00,28305.810000000005,28314.440000000002,28277.190000000002,28297.440000000002,7487
2026-07-31T03:15:00+00:00,28297.440000000002,28335.190000000002,28296.440000000002,28334.560000000005,5447
2026-07-31T03:20:00+00:00,28334.560000000005,28350.190000000002,28330.940000000002,28340.940000000002,5896
2026-07-31T03:25:00+00:00,28340.940000000002,28354.940000000002,28337.560000000005,28342.940000000002,5206
2026-07-31T03:30:00+00:00,28342.940000000002,28356.690000000002,28333.190000000002,28333.560000000005,8635
2026-07-31T03:35:00+00:00,28333.560000000005,28348.440000000002,28331.690000000002,28344.560000000005,5464
2026-07-31T03:40:00+00:00,28344.560000000005,28347.690000000002,28333.060000000005,28341.560000000005,7373
2026-07-31T03:45:00+00:00,28341.560000000005,28344.940000000002,28307.440000000002,28310.810000000005,7560
2026-07-31T03:50:00+00:00,28310.810000000005,28347.560000000005,28308.440000000002,28343.690000000002,7072
2026-07-31T03:55:00+00:00,28343.690000000002,28349.440000000002,28336.060000000005,28337.310000000005,5259
2026-07-31T04:00:00+00:00,28337.310000000005,28339.060000000005,28302.310000000005,28321.310000000005,5431
2026-07-31T04:05:00+00:00,28321.310000000005,28343.560000000005,28317.810000000005,28341.560000000005,5024
2026-07-31T04:10:00+00:00,28341.560000000005,28345.940000000002,28331.440000000002,28341.810000000005,4976
2026-07-31T04:15:00+00:00,28341.810000000005,28374.060000000005,28331.940000000002,28372.310000000005,4610
2026-07-31T04:20:00+00:00,28372.310000000005,28379.560000000005,28364.060000000005,28379.560000000005,3824
2026-07-31T04:25:00+00:00,28379.560000000005,28390.440000000002,28371.690000000002,28389.940000000002,4154
2026-07-31T04:30:00+00:00,28389.940000000002,28413.310000000005,28386.810000000005,28410.940000000002,4025
2026-07-31T04:35:00+00:00,28410.940000000002,28421.190000000002,28399.810000000005,28420.440000000002,3996
2026-07-31T04:40:00+00:00,28420.440000000002,28431.560000000005,28416.440000000002,28429.690000000002,3044
2026-07-31T04:45:00+00:00,28429.690000000002,28435.560000000005,28424.190000000002,28426.060000000005,3334
2026-07-31T04:50:00+00:00,28426.060000000005,28431.190000000002,28414.810000000005,28427.190000000002,2917
2026-07-31T04:55:00+00:00,28427.190000000002,28433.060000000005,28424.810000000005,28428.690000000002,3082
2026-07-31T05:00:00+00:00,28428.690000000002,28436.190000000002,28423.190000000002,28425.690000000002,3035
2026-07-31T05:05:00+00:00,28425.690000000002,28443.560000000005,28417.940000000002,28442.690000000002,3253
2026-07-31T05:10:00+00:00,28442.690000000002,28448.690000000002,28424.560000000005,28436.690000000002,3929
2026-07-31T05:15:00+00:00,28436.690000000002,28440.560000000005,28431.440000000002,28435.310000000005,2843
2026-07-31T05:20:00+00:00,28435.310000000005,28450.190000000002,28434.940000000002,28444.190000000002,3069
2026-07-31T05:25:00+00:00,28444.190000000002,28459.310000000005,28439.440000000002,28452.560000000005,3420
2026-07-31T05:30:00+00:00,28452.560000000005,28458.940000000002,28422.690000000002,28426.690000000002,5614
2026-07-31T05:35:00+00:00,28426.690000000002,28440.190000000002,28420.440000000002,28438.060000000005,5660
2026-07-31T05:40:00+00:00,28438.060000000005,28464.560000000005,28430.310000000005,28430.440000000002,3718
2026-07-31T05:45:00+00:00,28430.440000000002,28455.190000000002,28428.310000000005,28452.940000000002,2920
2026-07-31T05:50:00+00:00,28452.940000000002,28469.190000000002,28449.810000000005,28466.060000000005,3703
2026-07-31T05:55:00+00:00,28466.060000000005,28469.690000000002,28444.690000000002,28465.190000000002,3852
2026-07-31T06:00:00+00:00,28465.190000000002,28476.190000000002,28455.690000000002,28463.690000000002,5097
2026-07-31T06:05:00+00:00,28463.690000000002,28478.560000000005,28462.690000000002,28473.940000000002,3462
2026-07-31T06:10:00+00:00,28473.940000000002,28490.190000000002,28473.560000000005,28486.060000000005,3041
2026-07-31T06:15:00+00:00,28486.060000000005,28489.560000000005,28480.560000000005,28484.440000000002,3015
2026-07-31T06:20:00+00:00,28484.440000000002,28485.190000000002,28463.440000000002,28467.440000000002,2963
2026-07-31T06:25:00+00:00,28467.440000000002,28471.940000000002,28460.060000000005,28468.560000000005,4000
2026-07-31T06:30:00+00:00,28468.560000000005,28471.560000000005,28399.560000000005,28401.690000000002,6975
2026-07-31T06:35:00+00:00,28401.690000000002,28403.690000000002,28365.310000000005,28387.560000000005,7808
2026-07-31T06:40:00+00:00,28387.560000000005,28387.560000000005,28336.810000000005,28363.810000000005,5666
2026-07-31T06:45:00+00:00,28363.810000000005,28363.810000000005,28329.690000000002,28353.940000000002,5887
2026-07-31T06:50:00+00:00,28353.940000000002,28381.190000000002,28333.940000000002,28380.560000000005,4580
2026-07-31T06:55:00+00:00,28380.560000000005,28388.190000000002,28360.310000000005,28365.190000000002,4607
2026-07-31T07:00:00+00:00,28365.190000000002,28365.190000000002,28334.810000000005,28358.560000000005,10191
2026-07-31T07:05:00+00:00,28358.560000000005,28391.190000000002,28357.940000000002,28390.560000000005,6591
2026-07-31T07:10:00+00:00,28390.560000000005,28421.810000000005,28388.940000000002,28414.690000000002,7019
2026-07-31T07:15:00+00:00,28414.690000000002,28428.690000000002,28386.690000000002,28428.440000000002,6539
2026-07-31T07:20:00+00:00,28428.440000000002,28429.440000000002,28397.310000000005,28415.190000000002,5912
2026-07-31T07:25:00+00:00,28415.190000000002,28452.190000000002,28414.940000000002,28425.810000000005,6343
2026-07-31T07:30:00+00:00,28425.810000000005,28433.310000000005,28414.060000000005,28420.060000000005,6068
2026-07-31T07:35:00+00:00,28420.060000000005,28448.560000000005,28419.810000000005,28435.690000000002,5923
2026-07-31T07:40:00+00:00,28435.690000000002,28452.940000000002,28432.690000000002,28445.190000000002,5425
2026-07-31T07:45:00+00:00,28445.190000000002,28462.560000000005,28434.060000000005,28434.060000000005,5486
2026-07-31T07:50:00+00:00,28434.060000000005,28460.690000000002,28421.810000000005,28458.560000000005,4228
2026-07-31T07:55:00+00:00,28458.560000000005,28458.560000000005,28442.940000000002,28452.810000000005,5105
2026-07-31T08:00:00+00:00,28452.810000000005,28469.560000000005,28412.940000000002,28417.690000000002,10148
2026-07-31T08:05:00+00:00,28417.690000000002,28452.190000000002,28409.690000000002,28413.060000000005,10195
2026-07-31T08:10:00+00:00,28413.060000000005,28457.310000000005,28403.690000000002,28456.690000000002,8628
2026-07-31T08:15:00+00:00,28456.690000000002,28475.810000000005,28447.810000000005,28472.810000000005,6470
2026-07-31T08:20:00+00:00,28472.810000000005,28475.310000000005,28444.060000000005,28456.060000000005,7351
2026-07-31T08:25:00+00:00,28456.060000000005,28487.810000000005,28453.310000000005,28477.690000000002,6806
2026-07-31T08:30:00+00:00,28477.690000000002,28489.810000000005,28467.440000000002,28476.560000000005,5608
2026-07-31T08:35:00+00:00,28476.560000000005,28477.190000000002,28455.560000000005,28455.940000000002,5110
2026-07-31T08:40:00+00:00,28455.940000000002,28458.310000000005,28440.940000000002,28447.190000000002,5339
2026-07-31T08:45:00+00:00,28447.190000000002,28479.810000000005,28442.310000000005,28472.690000000002,6063
2026-07-31T08:50:00+00:00,28472.690000000002,28481.560000000005,28461.190000000002,28462.190000000002,4617
2026-07-31T08:55:00+00:00,28462.190000000002,28485.940000000002,28460.810000000005,28481.810000000005,5336
2026-07-31T09:00:00+00:00,28481.810000000005,28498.690000000002,28476.560000000005,28496.690000000002,7551
2026-07-31T09:05:00+00:00,28496.690000000002,28505.560000000005,28478.440000000002,28503.690000000002,5982
2026-07-31T09:10:00+00:00,28503.690000000002,28519.560000000005,28502.690000000002,28507.690000000002,4836
2026-07-31T09:15:00+00:00,28507.690000000002,28510.440000000002,28488.940000000002,28489.440000000002,4281
2026-07-31T09:20:00+00:00,28489.440000000002,28500.190000000002,28480.440000000002,28487.560000000005,4420
2026-07-31T09:25:00+00:00,28487.560000000005,28492.940000000002,28463.940000000002,28468.310000000005,4754
2026-07-31T09:30:00+00:00,28468.310000000005,28469.810000000005,28442.190000000002,28443.440000000002,5381
2026-07-31T09:35:00+00:00,28443.440000000002,28448.190000000002,28412.940000000002,28424.310000000005,4624
2026-07-31T09:40:00+00:00,28424.310000000005,28438.560000000005,28421.060000000005,28431.940000000002,4672
2026-07-31T09:45:00+00:00,28431.940000000002,28445.440000000002,28430.310000000005,28443.560000000005,5023
2026-07-31T09:50:00+00:00,28443.560000000005,28448.190000000002,28425.060000000005,28427.060000000005,5463
2026-07-31T09:55:00+00:00,28427.060000000005,28435.440000000002,28409.190000000002,28410.190000000002,5095
2026-07-31T10:00:00+00:00,28410.190000000002,28425.560000000005,28399.010000000002,28410.060000000005,5531
2026-07-31T10:05:00+00:00,28410.060000000005,28423.190000000002,28399.560000000005,28418.190000000002,4998
2026-07-31T10:10:00+00:00,28418.190000000002,28443.310000000005,28410.560000000005,28434.690000000002,4268
2026-07-31T10:15:00+00:00,28434.690000000002,28445.310000000005,28425.940000000002,28444.940000000002,3672
2026-07-31T10:20:00+00:00,28444.940000000002,28454.310000000005,28434.060000000005,28435.310000000005,2953
2026-07-31T10:25:00+00:00,28435.310000000005,28457.940000000002,28435.310000000005,28451.810000000005,3226
2026-07-31T10:30:00+00:00,28451.810000000005,28455.440000000002,28443.190000000002,28447.440000000002,4607
2026-07-31T10:35:00+00:00,28447.440000000002,28455.440000000002,28441.190000000002,28455.190000000002,4637
2026-07-31T10:40:00+00:00,28455.190000000002,28461.560000000005,28449.690000000002,28457.310000000005,3334
2026-07-31T10:45:00+00:00,28457.310000000005,28468.690000000002,28431.690000000002,28435.190000000002,3495
2026-07-31T10:50:00+00:00,28435.190000000002,28459.560000000005,28433.060000000005,28458.810000000005,4083
2026-07-31T10:55:00+00:00,28458.810000000005,28463.310000000005,28435.940000000002,28443.560000000005,4114
2026-07-31T11:00:00+00:00,28443.560000000005,28496.440000000002,28443.440000000002,28494.060000000005,7601
2026-07-31T11:05:00+00:00,28494.060000000005,28504.560000000005,28485.940000000002,28491.190000000002,5642
2026-07-31T11:10:00+00:00,28491.190000000002,28492.440000000002,28468.940000000002,28474.940000000002,5514
2026-07-31T11:15:00+00:00,28474.940000000002,28478.440000000002,28433.940000000002,28441.310000000005,9450
2026-07-31T11:20:00+00:00,28441.310000000005,28449.690000000002,28433.190000000002,28446.440000000002,7152
2026-07-31T11:25:00+00:00,28446.440000000002,28462.690000000002,28428.440000000002,28433.440000000002,7327
2026-07-31T11:30:00+00:00,28433.440000000002,28434.440000000002,28404.560000000005,28414.810000000005,6471
2026-07-31T11:35:00+00:00,28414.810000000005,28439.190000000002,28404.690000000002,28409.810000000005,6123
2026-07-31T11:40:00+00:00,28409.810000000005,28422.440000000002,28401.810000000005,28416.440000000002,7947
2026-07-31T11:45:00+00:00,28416.440000000002,28427.810000000005,28411.190000000002,28424.690000000002,8063
2026-07-31T11:50:00+00:00,28424.690000000002,28439.190000000002,28424.690000000002,28432.940000000002,4933
2026-07-31T11:55:00+00:00,28432.940000000002,28438.690000000002,28424.440000000002,28432.940000000002,5308
2026-07-31T12:00:00+00:00,28432.940000000002,28434.440000000002,28386.560000000005,28391.690000000002,7187
2026-07-31T12:05:00+00:00,28391.690000000002,28394.060000000005,28374.940000000002,28378.940000000002,7615
2026-07-31T12:10:00+00:00,28378.940000000002,28379.690000000002,28356.810000000005,28359.690000000002,6647
2026-07-31T12:15:00+00:00,28359.690000000002,28361.560000000005,28329.060000000005,28335.060000000005,6572
2026-07-31T12:20:00+00:00,28335.060000000005,28363.440000000002,28328.810000000005,28363.440000000002,7399
2026-07-31T12:25:00+00:00,28363.440000000002,28384.560000000005,28358.060000000005,28375.760000000002,5829
2026-07-31T12:30:00+00:00,28375.760000000002,28381.310000000005,28333.690000000002,28340.940000000002,9416
2026-07-31T12:35:00+00:00,28340.940000000002,28352.440000000002,28326.560000000005,28332.190000000002,9121
2026-07-31T12:40:00+00:00,28332.190000000002,28346.810000000005,28312.310000000005,28332.060000000005,8876
2026-07-31T12:45:00+00:00,28332.060000000005,28337.560000000005,28316.940000000002,28331.190000000002,7097
2026-07-31T12:50:00+00:00,28331.190000000002,28367.690000000002,28321.810000000005,28365.310000000005,6948
2026-07-31T12:55:00+00:00,28365.310000000005,28369.440000000002,28342.810000000005,28347.560000000005,7357
2026-07-31T13:00:00+00:00,28347.560000000005,28375.690000000002,28336.060000000005,28368.440000000002,9666
2026-07-31T13:05:00+00:00,28368.440000000002,28392.190000000002,28365.690000000002,28387.690000000002,6857
2026-07-31T13:10:00+00:00,28387.690000000002,28409.440000000002,28387.690000000002,28408.690000000002,6649
2026-07-31T13:15:00+00:00,28408.690000000002,28425.190000000002,28408.690000000002,28418.060000000005,7177
2026-07-31T13:20:00+00:00,28418.060000000005,28431.310000000005,28409.190000000002,28427.190000000002,10447
2026-07-31T13:25:00+00:00,28427.190000000002,28462.190000000002,28427.190000000002,28456.310000000005,13291
2026-07-31T13:30:00+00:00,28456.310000000005,28588.090000000004,28422.840000000004,28564.340000000004,55636
2026-07-31T13:35:00+00:00,28564.340000000004,28604.840000000004,28437.090000000004,28442.590000000004,54764
2026-07-31T13:40:00+00:00,28442.590000000004,28455.260000000002,28296.340000000004,28298.460000000003,50579
2026-07-31T13:45:00+00:00,28298.460000000003,28350.460000000003,28203.210000000003,28241.340000000004,62332
2026-07-31T13:50:00+00:00,28241.340000000004,28285.090000000004,28176.460000000003,28210.590000000004,58014
2026-07-31T13:55:00+00:00,28210.590000000004,28290.840000000004,28190.960000000003,28236.510000000002,47440
2026-07-31T14:00:00+00:00,28236.510000000002,28268.260000000002,28120.840000000004,28121.840000000004,51635
2026-07-31T14:05:00+00:00,28121.840000000004,28150.840000000004,28004.210000000003,28030.340000000004,52090
2026-07-31T14:10:00+00:00,28030.340000000004,28070.340000000004,27981.340000000004,28017.210000000003,57676
2026-07-31T14:15:00+00:00,28017.210000000003,28093.710000000003,27960.210000000003,28057.710000000003,53320
2026-07-31T14:20:00+00:00,28057.710000000003,28126.210000000003,28036.760000000002,28074.840000000004,52236
2026-07-31T14:25:00+00:00,28074.840000000004,28136.210000000003,28043.210000000003,28130.210000000003,49135
2026-07-31T14:30:00+00:00,28130.210000000003,28160.340000000004,28091.460000000003,28119.710000000003,47272
2026-07-31T14:35:00+00:00,28119.710000000003,28171.340000000004,28116.340000000004,28150.340000000004,46777
2026-07-31T14:40:00+00:00,28150.340000000004,28174.210000000003,28092.090000000004,28148.590000000004,43516
2026-07-31T14:45:00+00:00,28148.590000000004,28217.840000000004,28118.340000000004,28212.590000000004,44194
2026-07-31T14:50:00+00:00,28212.590000000004,28224.210000000003,28170.840000000004,28176.840000000004,38089
2026-07-31T14:55:00+00:00,28176.840000000004,28212.840000000004,28135.710000000003,28186.960000000003,39808
2026-07-31T15:00:00+00:00,28186.960000000003,28206.590000000004,28158.460000000003,28201.210000000003,38161
2026-07-31T15:05:00+00:00,28201.210000000003,28221.210000000003,28137.090000000004,28156.090000000004,35986
2026-07-31T15:10:00+00:00,28156.090000000004,28178.840000000004,28095.590000000004,28149.710000000003,44440
2026-07-31T15:15:00+00:00,28149.710000000003,28217.710000000003,28116.590000000004,28141.090000000004,35097
2026-07-31T15:20:00+00:00,28141.090000000004,28148.590000000004,28075.090000000004,28075.210000000003,39612
2026-07-31T15:25:00+00:00,28075.210000000003,28086.590000000004,28002.210000000003,28030.590000000004,41401
2026-07-31T15:30:00+00:00,28030.590000000004,28058.340000000004,27995.460000000003,28053.090000000004,38832
2026-07-31T15:35:00+00:00,28053.090000000004,28139.840000000004,28051.840000000004,28113.210000000003,38533
2026-07-31T15:40:00+00:00,28113.210000000003,28127.840000000004,28043.960000000003,28092.460000000003,36675
2026-07-31T15:45:00+00:00,28092.460000000003,28104.840000000004,28043.510000000002,28073.840000000004,35755
2026-07-31T15:50:00+00:00,28073.840000000004,28166.340000000004,28068.710000000003,28159.960000000003,34931
2026-07-31T15:55:00+00:00,28159.960000000003,28173.840000000004,28131.090000000004,28153.590000000004,27789
2026-07-31T16:00:00+00:00,28153.590000000004,28187.840000000004,28137.340000000004,28170.340000000004,27882
2026-07-31T16:05:00+00:00,28170.340000000004,28176.840000000004,28125.590000000004,28153.840000000004,24524
2026-07-31T16:10:00+00:00,28153.840000000004,28187.340000000004,28149.090000000004,28180.090000000004,21498
2026-07-31T16:15:00+00:00,28180.090000000004,28189.460000000003,28137.340000000004,28172.090000000004,26824
2026-07-31T16:20:00+00:00,28172.090000000004,28220.090000000004,28166.460000000003,28211.590000000004,20974
2026-07-31T16:25:00+00:00,28211.590000000004,28243.340000000004,28185.960000000003,28243.340000000004,18877
2026-07-31T16:30:00+00:00,28243.340000000004,28266.460000000003,28235.340000000004,28256.090000000004,18986
2026-07-31T16:35:00+00:00,28256.090000000004,28267.840000000004,28235.840000000004,28242.710000000003,18203
2026-07-31T16:40:00+00:00,28242.710000000003,28250.590000000004,28193.590000000004,28201.090000000004,18875
2026-07-31T16:45:00+00:00,28201.090000000004,28228.590000000004,28188.340000000004,28227.590000000004,20895
2026-07-31T16:50:00+00:00,28227.590000000004,28260.340000000004,28224.090000000004,28233.840000000004,18419
2026-07-31T16:55:00+00:00,28233.840000000004,28269.090000000004,28231.840000000004,28246.590000000004,16174
2026-07-31T17:00:00+00:00,28246.590000000004,28287.960000000003,28240.090000000004,28275.210000000003,15370
2026-07-31T17:05:00+00:00,28275.210000000003,28283.960000000003,28245.340000000004,28258.340000000004,14854
2026-07-31T17:10:00+00:00,28258.340000000004,28289.590000000004,28248.090000000004,28282.340000000004,12500
2026-07-31T17:15:00+00:00,28282.340000000004,28301.710000000003,28275.460000000003,28297.460000000003,10522
2026-07-31T17:20:00+00:00,28297.460000000003,28334.840000000004,28276.460000000003,28333.210000000003,10219
2026-07-31T17:25:00+00:00,28333.210000000003,28355.840000000004,28329.840000000004,28341.590000000004,15419
2026-07-31T17:30:00+00:00,28341.590000000004,28364.210000000003,28328.840000000004,28360.960000000003,13898
2026-07-31T17:35:00+00:00,28360.960000000003,28382.090000000004,28334.590000000004,28334.590000000004,12992
2026-07-31T17:40:00+00:00,28334.590000000004,28350.340000000004,28323.340000000004,28335.340000000004,14123
2026-07-31T17:45:00+00:00,28335.340000000004,28354.590000000004,28297.590000000004,28301.710000000003,16899
2026-07-31T17:50:00+00:00,28301.710000000003,28343.590000000004,28295.960000000003,28323.090000000004,17229
2026-07-31T17:55:00+00:00,28323.090000000004,28337.840000000004,28305.090000000004,28307.960000000003,14273
2026-07-31T18:00:00+00:00,28307.960000000003,28338.960000000003,28298.210000000003,28306.590000000004,18164
2026-07-31T18:05:00+00:00,28306.590000000004,28331.210000000003,28294.210000000003,28308.590000000004,16605
2026-07-31T18:10:00+00:00,28308.590000000004,28316.090000000004,28275.460000000003,28282.460000000003,19282
2026-07-31T18:15:00+00:00,28282.460000000003,28325.090000000004,28277.840000000004,28306.840000000004,16332
2026-07-31T18:20:00+00:00,28306.840000000004,28324.710000000003,28301.090000000004,28316.840000000004,12182
2026-07-31T18:25:00+00:00,28316.840000000004,28318.090000000004,28292.840000000004,28301.590000000004,13197
2026-07-31T18:30:00+00:00,28301.590000000004,28326.840000000004,28301.590000000004,28314.340000000004,12204
2026-07-31T18:35:00+00:00,28314.340000000004,28315.960000000003,28295.340000000004,28305.590000000004,11595
2026-07-31T18:40:00+00:00,28305.590000000004,28321.590000000004,28296.090000000004,28311.840000000004,9172
2026-07-31T18:45:00+00:00,28311.840000000004,28328.460000000003,28302.090000000004,28327.340000000004,10496
2026-07-31T18:50:00+00:00,28327.340000000004,28341.210000000003,28323.090000000004,28325.340000000004,9855
2026-07-31T18:55:00+00:00,28325.340000000004,28331.840000000004,28296.340000000004,28313.460000000003,11898
2026-07-31T19:00:00+00:00,28313.460000000003,28337.340000000004,28298.590000000004,28300.340000000004,13410
2026-07-31T19:05:00+00:00,28300.340000000004,28311.590000000004,28285.590000000004,28307.590000000004,14930
2026-07-31T19:10:00+00:00,28307.590000000004,28321.590000000004,28298.840000000004,28312.340000000004,11317
2026-07-31T19:15:00+00:00,28312.340000000004,28366.710000000003,28306.210000000003,28364.840000000004,14987
2026-07-31T19:20:00+00:00,28364.840000000004,28377.210000000003,28347.340000000004,28349.590000000004,14055
2026-07-31T19:25:00+00:00,28349.590000000004,28359.840000000004,28340.340000000004,28354.960000000003,11716
2026-07-31T19:30:00+00:00,28354.960000000003,28358.340000000004,28321.840000000004,28339.590000000004,16900
2026-07-31T19:35:00+00:00,28339.590000000004,28352.710000000003,28331.340000000004,28338.840000000004,13219
2026-07-31T19:40:00+00:00,28338.840000000004,28361.960000000003,28314.090000000004,28356.460000000003,14330
2026-07-31T19:45:00+00:00,28356.460000000003,28389.590000000004,28356.460000000003,28389.590000000004,17659
2026-07-31T19:50:00+00:00,28389.590000000004,28402.840000000004,28353.710000000003,28387.090000000004,21306
2026-07-31T19:55:00+00:00,28387.090000000004,28387.090000000004,28265.710000000003,28282.340000000004,30081
2026-07-31T20:00:00+00:00,28282.340000000004,28312.060000000005,28220.560000000005,28242.190000000002,17550
2026-07-31T20:05:00+00:00,28242.190000000002,28279.310000000005,28227.060000000005,28270.440000000002,8231
2026-07-31T20:10:00+00:00,28270.440000000002,28282.690000000002,28267.310000000005,28272.690000000002,6430
2026-07-31T20:15:00+00:00,28272.690000000002,28277.69,28250.69,28267.31,5200
2026-07-31T20:20:00+00:00,28267.31,28273.81,28260.31,28260.31,3320
2026-07-31T20:25:00+00:00,28260.31,28265.81,28247.94,28257.44,3527
2026-07-31T20:30:00+00:00,28257.44,28280.44,28242.06,28280.06,3477
2026-07-31T20:35:00+00:00,28280.06,28281.06,28269.94,28277.56,1886
2026-07-31T20:40:00+00:00,28277.56,28279.94,28264.440000000002,28267.390000000003,2233
2026-08-02T22:00:00+00:00,28267.390000000003,28519.34,28267.390000000003,28508.27,8961
2026-08-02T22:05:00+00:00,28508.27,28509.84,28475.09,28496.390000000003,2836
2026-08-02T22:10:00+00:00,28496.390000000003,28534.77,28492.84,28516.77,3714
2026-08-02T22:15:00+00:00,28516.77,28524.77,28475.52,28489.09,4342
2026-08-02T22:20:00+00:00,28489.09,28525.77,28488.84,28505.390000000003,4631
2026-08-02T22:25:00+00:00,28505.390000000003,28522.640000000003,28494.27,28506.77,3576
2026-08-02T22:30:00+00:00,28506.77,28517.52,28501.140000000003,28508.02,2446
2026-08-02T22:35:00+00:00,28508.02,28515.640000000003,28503.27,28507.27,1692
2026-08-02T22:40:00+00:00,28507.27,28515.27,28488.59,28493.640000000003,2462
2026-08-02T22:45:00+00:00,28493.640000000003,28498.390000000003,28481.27,28481.890000000003,1961
2026-08-02T22:50:00+00:00,28481.890000000003,28486.640000000003,28475.52,28478.52,2126
2026-08-02T22:55:00+00:00,28478.52,28484.890000000003,28454.27,28463.27,2327
2026-08-02T23:00:00+00:00,28463.27,28483.14,28461.02,28470.02,2733
2026-08-02T23:05:00+00:00,28470.02,28482.39,28446.39,28446.39,2389
2026-08-02T23:10:00+00:00,28446.39,28458.27,28438.89,28450.77,2389
2026-08-02T23:15:00+00:00,28450.77,28458.64,28447.39,28455.39,1502
2026-08-02T23:20:00+00:00,28455.39,28488.64,28449.39,28483.64,2592
2026-08-02T23:25:00+00:00,28483.64,28487.89,28473.14,28478.27,1558
2026-08-02T23:30:00+00:00,28478.27,28491.77,28473.64,28482.77,2185
2026-08-02T23:35:00+00:00,28482.77,28484.89,28473.27,28474.52,1388
2026-08-02T23:40:00+00:00,28474.52,28501.39,28468.77,28498.77,1936
2026-08-02T23:45:00+00:00,28498.77,28504.77,28466.02,28496.77,5374
2026-08-02T23:50:00+00:00,28496.77,28530.02,28475.52,28483.39,6814
2026-08-02T23:55:00+00:00,28483.39,28514.64,28471.84,28507.39,5551
2026-08-03T00:00:00+00:00,28507.39,28507.39,28456.39,28465.77,15377
2026-08-03T00:05:00+00:00,28465.77,28490.64,28450.59,28490.02,10486
2026-08-03T00:10:00+00:00,28490.02,28508.02,28467.64,28503.64,8509
2026-08-03T00:15:00+00:00,28503.64,28523.52,28489.77,28493.02,11596
2026-08-03T00:20:00+00:00,28493.02,28506.64,28473.27,28474.27,10430
2026-08-03T00:25:00+00:00,28474.27,28480.27,28432.14,28448.89,9657
2026-08-03T00:30:00+00:00,28448.89,28481.14,28436.02,28477.14,9726
2026-08-03T00:35:00+00:00,28477.14,28503.89,28471.64,28491.39,8160
2026-08-03T00:40:00+00:00,28491.39,28504.14,28467.89,28477.14,8947
2026-08-03T00:45:00+00:00,28477.14,28510.27,28465.89,28509.77,10567
2026-08-03T00:50:00+00:00,28509.77,28515.77,28476.02,28507.39,7618
2026-08-03T00:55:00+00:00,28507.39,28519.52,28498.52,28515.39,7471
2026-08-03T01:00:00+00:00,28515.39,28521.77,28495.64,28518.64,9902
2026-08-03T01:05:00+00:00,28518.64,28527.77,28498.27,28509.39,7538
2026-08-03T01:10:00+00:00,28509.39,28520.89,28478.27,28485.77,6477
2026-08-03T01:15:00+00:00,28485.77,28487.14,28458.64,28463.27,6397
2026-08-03T01:20:00+00:00,28463.27,28487.89,28459.77,28484.77,6344
2026-08-03T01:25:00+00:00,28484.77,28508.52,28484.27,28501.77,6151
2026-08-03T01:30:00+00:00,28501.77,28510.14,28489.52,28491.89,6843
2026-08-03T01:35:00+00:00,28491.89,28495.39,28472.77,28495.39,6125
2026-08-03T01:40:00+00:00,28495.39,28523.14,28492.64,28523.14,5391
2026-08-03T01:45:00+00:00,28523.14,28525.77,28512.14,28514.27,4951
2026-08-03T01:50:00+00:00,28514.27,28534.27,28512.89,28524.27,4156
2026-08-03T01:55:00+00:00,28524.27,28543.14,28519.52,28538.02,3384
2026-08-03T02:00:00+00:00,28538.02,28557.27,28525.14,28548.02,5357
2026-08-03T02:05:00+00:00,28548.02,28553.14,28528.02,28533.27,4527
2026-08-03T02:10:00+00:00,28533.27,28561.52,28532.77,28555.89,3964
2026-08-03T02:15:00+00:00,28555.89,28569.14,28548.52,28569.14,3137
2026-08-03T02:20:00+00:00,28569.14,28574.14,28553.39,28555.02,3347
2026-08-03T02:25:00+00:00,28555.02,28556.02,28529.39,28533.02,4594
2026-08-03T02:30:00+00:00,28533.02,28556.02,28528.39,28556.02,4217
2026-08-03T02:35:00+00:00,28556.02,28563.02,28547.39,28550.02,3247
2026-08-03T02:40:00+00:00,28550.02,28557.64,28538.52,28538.52,3342
2026-08-03T02:45:00+00:00,28538.52,28544.89,28533.39,28539.52,2777
2026-08-03T02:50:00+00:00,28539.52,28554.02,28538.77,28550.77,2481
2026-08-03T02:55:00+00:00,28550.77,28559.64,28546.64,28554.77,2590
2026-08-03T03:00:00+00:00,28554.77,28569.14,28552.39,28554.89,2920
2026-08-03T03:05:00+00:00,28554.89,28569.02,28551.27,28560.39,2418
2026-08-03T03:10:00+00:00,28560.39,28564.14,28555.64,28557.89,2093
2026-08-03T03:15:00+00:00,28557.89,28564.89,28551.27,28564.89,2540
2026-08-03T03:20:00+00:00,28564.89,28569.64,28535.39,28538.52,3016
2026-08-03T03:25:00+00:00,28538.52,28552.27,28535.52,28540.14,2667
2026-08-03T03:30:00+00:00,28540.14,28553.52,28534.52,28547.02,5078
2026-08-03T03:35:00+00:00,28547.02,28561.14,28542.77,28557.64,4265
2026-08-03T03:40:00+00:00,28557.64,28567.64,28555.89,28565.89,2911
2026-08-03T03:45:00+00:00,28565.89,28569.39,28559.14,28568.77,2367
2026-08-03T03:50:00+00:00,28568.77,28591.52,28567.77,28586.52,3415
2026-08-03T03:55:00+00:00,28586.52,28586.52,28561.52,28563.89,3018
2026-08-03T04:00:00+00:00,28563.89,28566.39,28554.14,28555.39,2925
2026-08-03T04:05:00+00:00,28555.39,28561.39,28549.14,28552.64,3061
2026-08-03T04:10:00+00:00,28552.64,28556.02,28546.39,28555.02,2911
2026-08-03T04:15:00+00:00,28555.02,28566.02,28554.27,28564.89,2316
2026-08-03T04:20:00+00:00,28564.89,28578.39,28561.02,28577.27,1961
2026-08-03T04:25:00+00:00,28577.27,28582.14,28571.64,28576.14,2119
2026-08-03T04:30:00+00:00,28576.14,28579.27,28567.39,28568.14,1896
2026-08-03T04:35:00+00:00,28568.14,28574.77,28567.39,28567.39,2326
2026-08-03T04:40:00+00:00,28567.39,28568.39,28561.02,28568.39,2540
2026-08-03T04:45:00+00:00,28568.39,28580.89,28562.02,28574.64,2542
2026-08-03T04:50:00+00:00,28574.64,28575.64,28551.89,28555.39,2351
2026-08-03T04:55:00+00:00,28555.39,28556.39,28542.39,28545.02,2119
2026-08-03T05:00:00+00:00,28545.02,28560.64,28539.89,28544.02,3244
2026-08-03T05:05:00+00:00,28544.02,28544.14,28527.39,28535.89,2649
2026-08-03T05:10:00+00:00,28535.89,28552.27,28530.64,28532.64,2372
2026-08-03T05:15:00+00:00,28532.64,28532.64,28516.52,28519.52,2683
2026-08-03T05:20:00+00:00,28519.52,28530.27,28519.02,28529.27,2352
2026-08-03T05:25:00+00:00,28529.27,28541.64,28525.77,28532.39,3108
2026-08-03T05:30:00+00:00,28532.39,28541.39,28527.77,28527.89,3833
2026-08-03T05:35:00+00:00,28527.89,28540.27,28523.02,28537.27,3258
2026-08-03T05:40:00+00:00,28537.27,28543.27,28526.14,28528.64,3768
2026-08-03T05:45:00+00:00,28528.64,28539.14,28527.02,28532.39,3035
2026-08-03T05:50:00+00:00,28532.39,28533.14,28511.64,28514.77,3007
2026-08-03T05:55:00+00:00,28514.77,28535.02,28514.77,28535.02,2933
2026-08-03T06:00:00+00:00,28535.02,28548.89,28525.14,28544.64,3955
2026-08-03T06:05:00+00:00,28544.64,28549.39,28526.64,28534.64,3136
2026-08-03T06:10:00+00:00,28534.64,28554.39,28534.27,28535.27,3309
2026-08-03T06:15:00+00:00,28535.27,28540.02,28528.14,28534.52,2980
2026-08-03T06:20:00+00:00,28534.52,28545.02,28525.39,28525.52,3364
2026-08-03T06:25:00+00:00,28525.52,28525.77,28512.02,28518.89,4005
2026-08-03T06:30:00+00:00,28518.89,28539.27,28517.64,28531.64,3515
2026-08-03T06:35:00+00:00,28531.64,28535.39,28508.84,28514.77,2824
2026-08-03T06:40:00+00:00,28514.77,28515.77,28504.02,28504.02,2203
2026-08-03T06:45:00+00:00,28504.02,28511.77,28489.14,28491.77,2574
2026-08-03T06:50:00+00:00,28491.77,28494.77,28479.27,28490.14,2400
2026-08-03T06:55:00+00:00,28490.14,28490.14,28469.77,28487.27,2315
2026-08-03T07:00:00+00:00,28487.27,28496.64,28457.52,28491.64,6159
2026-08-03T07:05:00+00:00,28491.64,28522.02,28491.64,28506.39,5419
2026-08-03T07:10:00+00:00,28506.39,28527.52,28503.14,28511.77,4081
2026-08-03T07:15:00+00:00,28511.77,28523.89,28462.89,28477.14,7635
2026-08-03T07:20:00+00:00,28477.14,28502.89,28471.09,28494.14,5411
2026-08-03T07:25:00+00:00,28494.14,28502.64,28478.02,28497.14,3720
2026-08-03T07:30:00+00:00,28497.14,28502.77,28489.89,28498.89,3604
2026-08-03T07:35:00+00:00,28498.89,28509.27,28474.27,28476.14,5061
2026-08-03T07:40:00+00:00,28476.14,28476.14,28454.14,28456.77,3811
2026-08-03T07:45:00+00:00,28456.77,28480.52,28454.64,28470.27,3562
2026-08-03T07:50:00+00:00,28470.27,28471.39,28452.39,28464.64,3597
2026-08-03T07:55:00+00:00,28464.64,28482.64,28461.39,28480.89,3820
2026-08-03T08:00:00+00:00,28480.89,28484.77,28421.02,28428.27,7096
2026-08-03T08:05:00+00:00,28428.27,28442.27,28413.14,28434.14,5463
2026-08-03T08:10:00+00:00,28434.14,28457.77,28431.39,28455.89,3758
2026-08-03T08:15:00+00:00,28455.89,28457.89,28405.77,28407.14,5526
2026-08-03T08:20:00+00:00,28407.14,28414.27,28382.64,28387.39,5747
2026-08-03T08:25:00+00:00,28387.39,28390.89,28367.27,28381.27,5681
2026-08-03T08:30:00+00:00,28381.27,28389.14,28366.52,28377.64,5215
2026-08-03T08:35:00+00:00,28377.64,28433.27,28377.02,28431.52,5063
2026-08-03T08:40:00+00:00,28431.52,28448.27,28421.27,28429.39,4576
2026-08-03T08:45:00+00:00,28429.39,28445.64,28421.14,28438.52,4776
2026-08-03T08:50:00+00:00,28438.52,28459.39,28435.52,28454.52,3522
2026-08-03T08:55:00+00:00,28454.52,28488.64,28454.27,28487.39,4093
2026-08-03T09:00:00+00:00,28487.39,28493.27,28462.52,28464.64,5216
2026-08-03T09:05:00+00:00,28464.64,28488.02,28461.77,28466.64,4202
2026-08-03T09:10:00+00:00,28466.64,28468.89,28437.27,28452.14,4351
2026-08-03T09:15:00+00:00,28452.14,28475.27,28448.77,28467.14,3760
2026-08-03T09:20:00+00:00,28467.14,28469.52,28445.77,28445.77,2883
2026-08-03T09:25:00+00:00,28445.77,28453.64,28441.27,28450.14,4165
2026-08-03T09:30:00+00:00,28450.14,28459.52,28440.77,28449.52,5024
2026-08-03T09:35:00+00:00,28449.52,28470.27,28441.02,28445.14,4577
2026-08-03T09:40:00+00:00,28445.14,28454.02,28437.52,28438.52,3861
2026-08-03T09:45:00+00:00,28438.52,28454.27,28432.52,28438.14,3939
2026-08-03T09:50:00+00:00,28438.14,28440.14,28415.02,28436.02,3474
2026-08-03T09:55:00+00:00,28436.02,28456.27,28432.89,28452.02,3773
2026-08-03T10:00:00+00:00,28452.02,28458.14,28430.39,28442.27,3902
2026-08-03T10:05:00+00:00,28442.27,28444.27,28430.14,28434.77,3340
2026-08-03T10:10:00+00:00,28434.77,28437.89,28419.39,28420.27,4221
2026-08-03T10:15:00+00:00,28420.27,28433.52,28414.39,28419.39,4937
2026-08-03T10:20:00+00:00,28419.39,28420.52,28385.52,28387.77,5706
2026-08-03T10:25:00+00:00,28387.77,28404.52,28383.14,28402.64,3892
2026-08-03T10:30:00+00:00,28402.64,28416.39,28383.52,28416.14,4263
2026-08-03T10:35:00+00:00,28416.14,28425.27,28406.77,28420.27,3364
2026-08-03T10:40:00+00:00,28420.27,28421.89,28408.39,28421.14,2716
2026-08-03T10:45:00+00:00,28421.14,28428.89,28413.89,28413.89,3179
2026-08-03T10:50:00+00:00,28413.89,28426.02,28409.39,28422.52,3845
2026-08-03T10:55:00+00:00,28422.52,28438.64,28422.52,28435.27,3034
2026-08-03T11:00:00+00:00,28435.27,28440.39,28375.52,28393.39,8722
2026-08-03T11:05:00+00:00,28393.39,28396.39,28361.52,28371.64,7773
2026-08-03T11:10:00+00:00,28371.64,28382.02,28367.52,28381.52,6485
2026-08-03T11:15:00+00:00,28381.52,28406.14,28376.02,28397.64,5480
2026-08-03T11:20:00+00:00,28397.64,28403.27,28380.89,28382.39,5212
2026-08-03T11:25:00+00:00,28382.39,28386.39,28362.52,28362.52,5395
2026-08-03T11:30:00+00:00,28362.52,28404.52,28360.64,28398.89,6555
2026-08-03T11:35:00+00:00,28398.89,28405.77,28351.77,28353.52,6498
2026-08-03T11:40:00+00:00,28353.52,28370.14,28344.14,28368.39,5766
2026-08-03T11:45:00+00:00,28368.39,28370.39,28336.77,28351.64,6167
2026-08-03T11:50:00+00:00,28351.64,28351.64,28303.89,28306.02,6404
2026-08-03T11:55:00+00:00,28306.02,28315.52,28297.64,28314.64,5826
2026-08-03T12:00:00+00:00,28314.64,28314.64,28283.39,28289.52,7801
2026-08-03T12:05:00+00:00,28289.52,28312.27,28277.02,28310.27,6711
2026-08-03T12:10:00+00:00,28310.27,28329.02,28300.39,28328.64,6964
2026-08-03T12:15:00+00:00,28328.64,28340.77,28319.64,28333.02,6118
2026-08-03T12:20:00+00:00,28333.02,28350.02,28325.89,28327.77,6303
2026-08-03T12:25:00+00:00,28327.77,28355.27,28316.14,28343.02,5804
2026-08-03T12:30:00+00:00,28343.02,28355.64,28334.52,28347.64,6087
2026-08-03T12:35:00+00:00,28347.64,28348.02,28334.27,28340.27,6950
2026-08-03T12:40:00+00:00,28340.27,28381.02,28331.39,28380.77,6360
2026-08-03T12:45:00+00:00,28380.77,28384.39,28349.14,28352.02,6563
2026-08-03T12:50:00+00:00,28352.02,28367.64,28335.64,28363.14,7340
2026-08-03T12:55:00+00:00,28363.14,28373.02,28347.89,28353.27,6755
2026-08-03T13:00:00+00:00,28353.27,28365.14,28334.27,28359.89,11303
2026-08-03T13:05:00+00:00,28359.89,28371.02,28350.27,28353.14,9770
2026-08-03T13:10:00+00:00,28353.14,28361.52,28338.02,28354.02,8184
2026-08-03T13:15:00+00:00,28354.02,28385.64,28353.14,28380.02,8400
2026-08-03T13:20:00+00:00,28380.02,28383.14,28355.77,28364.64,7860
2026-08-03T13:25:00+00:00,28364.64,28364.64,28290.64,28314.39,15354
2026-08-03T13:30:00+00:00,28314.39,28322.67,28208.67,28274.92,49842
2026-08-03T13:35:00+00:00,28274.92,28433.54,28269.92,28396.17,46678
2026-08-03T13:40:00+00:00,28396.17,28415.42,28314.79,28386.34,39611
2026-08-03T13:45:00+00:00,28386.34,28432.29,28337.92,28368.54,40268
2026-08-03T13:50:00+00:00,28368.54,28419.29,28353.09,28419.29,39899
2026-08-03T13:55:00+00:00,28419.29,28520.09,28409.29,28518.54,31643
2026-08-03T14:00:00+00:00,28518.54,28518.54,28430.04,28447.67,42851
2026-08-03T14:05:00+00:00,28447.67,28490.79,28425.17,28465.79,46111
2026-08-03T14:10:00+00:00,28465.79,28509.42,28453.42,28465.17,36090
2026-08-03T14:15:00+00:00,28465.17,28532.04,28454.04,28507.67,36590
2026-08-03T14:20:00+00:00,28507.67,28558.17,28501.17,28555.79,30416
2026-08-03T14:25:00+00:00,28555.79,28577.67,28534.04,28572.17,27054
2026-08-03T14:30:00+00:00,28572.17,28585.42,28555.92,28578.42,23793
2026-08-03T14:35:00+00:00,28578.42,28625.17,28577.79,28610.79,19324
2026-08-03T14:40:00+00:00,28610.79,28627.79,28596.79,28600.04,20890
2026-08-03T14:45:00+00:00,28600.04,28638.17,28595.67,28632.67,21809
2026-08-03T14:50:00+00:00,28632.67,28691.67,28625.79,28673.92,18886
2026-08-03T14:55:00+00:00,28673.92,28697.04,28673.92,28695.54,18591
2026-08-03T15:00:00+00:00,28695.54,28695.67,28676.04,28685.17,15544
2026-08-03T15:05:00+00:00,28685.17,28689.17,28654.92,28661.17,18892
2026-08-03T15:10:00+00:00,28661.17,28674.79,28641.92,28651.04,19410
2026-08-03T15:15:00+00:00,28651.04,28680.79,28650.54,28673.92,16743
2026-08-03T15:20:00+00:00,28673.92,28692.04,28664.04,28674.29,16147
2026-08-03T15:25:00+00:00,28674.29,28685.92,28618.29,28627.29,19074
2026-08-03T15:30:00+00:00,28627.29,28673.92,28626.29,28658.67,20120
2026-08-03T15:35:00+00:00,28658.67,28671.67,28642.17,28660.67,18838
2026-08-03T15:40:00+00:00,28660.67,28682.17,28659.17,28676.17,13419
2026-08-03T15:45:00+00:00,28676.17,28688.92,28670.92,28679.67,13201
2026-08-03T15:50:00+00:00,28679.67,28706.17,28670.42,28698.54,11413
2026-08-03T15:55:00+00:00,28698.54,28699.54,28673.79,28686.29,12765
2026-08-03T16:00:00+00:00,28686.29,28708.42,28684.29,28700.67,11111
2026-08-03T16:05:00+00:00,28700.67,28714.54,28693.79,28706.54,10546
2026-08-03T16:10:00+00:00,28706.54,28712.54,28695.92,28708.67,10424
2026-08-03T16:15:00+00:00,28708.67,28741.04,28707.04,28739.04,8701
2026-08-03T16:20:00+00:00,28739.04,28740.42,28721.29,28727.29,7901
2026-08-03T16:25:00+00:00,28727.29,28733.29,28719.79,28730.67,8185
2026-08-03T16:30:00+00:00,28730.67,28738.29,28717.67,28729.29,8944
2026-08-03T16:35:00+00:00,28729.29,28732.17,28709.92,28716.42,9269
2026-08-03T16:40:00+00:00,28716.42,28729.17,28706.17,28727.92,8387
2026-08-03T16:45:00+00:00,28727.92,28736.29,28725.04,28726.79,7222
2026-08-03T16:50:00+00:00,28726.79,28736.92,28713.92,28716.92,8254
2026-08-03T16:55:00+00:00,28716.92,28727.54,28714.17,28716.04,8448
2026-08-03T17:00:00+00:00,28716.04,28726.04,28708.42,28721.17,9680
2026-08-03T17:05:00+00:00,28721.17,28735.79,28717.54,28730.67,7741
2026-08-03T17:10:00+00:00,28730.67,28756.79,28730.42,28752.17,7439
2026-08-03T17:15:00+00:00,28752.17,28764.79,28749.79,28764.04,6474
2026-08-03T17:20:00+00:00,28764.04,28775.29,28754.54,28772.67,5955
2026-08-03T17:25:00+00:00,28772.67,28783.79,28766.79,28779.54,5558
2026-08-03T17:30:00+00:00,28779.54,28787.04,28769.29,28785.54,6675
2026-08-03T17:35:00+00:00,28785.54,28787.79,28772.04,28772.79,6529
2026-08-03T17:40:00+00:00,28772.79,28781.79,28769.04,28779.54,5644
2026-08-03T17:45:00+00:00,28779.54,28789.79,28778.79,28786.04,5438
2026-08-03T17:50:00+00:00,28786.04,28793.17,28784.29,28792.79,4972
2026-08-03T17:55:00+00:00,28792.79,28815.54,28792.54,28811.42,6908
2026-08-03T18:00:00+00:00,28811.42,28840.79,28811.42,28839.79,7636
2026-08-03T18:05:00+00:00,28839.79,28851.79,28835.42,28848.54,7327
2026-08-03T18:10:00+00:00,28848.54,28857.54,28828.67,28834.04,8961
2026-08-03T18:15:00+00:00,28834.04,28852.67,28819.92,28822.54,7684
2026-08-03T18:20:00+00:00,28822.54,28828.29,28813.29,28815.29,8074
2026-08-03T18:25:00+00:00,28815.29,28820.79,28784.67,28786.04,9034
2026-08-03T18:30:00+00:00,28786.04,28800.17,28779.54,28786.79,10352
2026-08-03T18:35:00+00:00,28786.79,28795.54,28777.42,28783.04,9560
2026-08-03T18:40:00+00:00,28783.04,28808.04,28780.04,28807.29,9138
2026-08-03T18:45:00+00:00,28807.29,28816.42,28787.17,28815.29,9586
2026-08-03T18:50:00+00:00,28815.29,28819.67,28803.92,28808.67,7636
2026-08-03T18:55:00+00:00,28808.67,28812.29,28798.54,28801.29,7003
2026-08-03T19:00:00+00:00,28801.29,28837.54,28801.04,28827.79,9722
2026-08-03T19:05:00+00:00,28827.79,28830.04,28799.17,28803.42,10165
2026-08-03T19:10:00+00:00,28803.42,28813.67,28789.42,28793.79,9060
2026-08-03T19:15:00+00:00,28793.79,28818.54,28793.29,28816.17,9128
2026-08-03T19:20:00+00:00,28816.17,28818.79,28805.17,28810.54,7147
2026-08-03T19:25:00+00:00,28810.54,28818.17,28802.42,28807.04,7232
2026-08-03T19:30:00+00:00,28807.04,28819.79,28798.04,28806.17,9821
2026-08-03T19:35:00+00:00,28806.17,28817.17,28796.42,28798.42,8520
2026-08-03T19:40:00+00:00,28798.42,28813.42,28793.92,28809.04,9598
2026-08-03T19:45:00+00:00,28809.04,28815.42,28795.79,28809.79,9065
2026-08-03T19:50:00+00:00,28809.79,28829.54,28785.67,28794.17,14741
2026-08-03T19:55:00+00:00,28794.17,28798.17,28760.42,28794.79,21269
2026-08-03T20:00:00+00:00,28794.79,28794.79,28772.64,28778.02,7147
2026-08-03T20:05:00+00:00,28778.02,28805.39,28778.02,28802.39,4307
2026-08-03T20:10:00+00:00,28802.39,28810.52,28798.52,28804.77,3069
2026-08-03T20:15:00+00:00,28804.77,28823.27,28804.27,28822.77,2113
2026-08-03T20:20:00+00:00,28822.77,28835.02,28814.14,28815.02,1887
2026-08-03T20:25:00+00:00,28815.02,28819.27,28805.64,28807.27,1486
2026-08-03T20:30:00+00:00,28807.27,28813.02,28803.39,28807.77,1736
2026-08-03T20:35:00+00:00,28807.77,28821.39,28807.52,28817.27,1231
2026-08-03T20:40:00+00:00,28817.27,28825.27,28816.14,28823.14,1284
2026-08-03T20:45:00+00:00,28823.14,28825.02,28812.52,28815.02,1327
2026-08-03T20:50:00+00:00,28815.02,28816.14,28808.39,28813.64,1326
2026-08-03T20:55:00+00:00,28813.64,28823.59,28812.77,28823.59,1003
2026-08-03T22:00:00+00:00,28823.59,28837.92,28812.87,28822.92,2820
2026-08-03T22:05:00+00:00,28822.92,28838.67,28822.42,28835.42,1031
2026-08-03T22:10:00+00:00,28835.42,28844.67,28818.42,28822.92,1106
2026-08-03T22:15:00+00:00,28822.92,28842.42,28822.8,28838.67,1051
2026-08-03T22:20:00+00:00,28838.67,28841.42,28832.42,28839.55,495
2026-08-03T22:25:00+00:00,28839.55,28840.05,28832.42,28837.42,492
2026-08-03T22:30:00+00:00,28837.42,28852.55,28828.05,28844.92,921
2026-08-03T22:35:00+00:00,28844.92,28848.8,28833.05,28846.05,894
2026-08-03T22:40:00+00:00,28846.05,28856.05,28845.67,28851.8,895
2026-08-03T22:45:00+00:00,28851.8,28851.8,28836.05,28841.17,1263
2026-08-03T22:50:00+00:00,28841.17,28846.55,28836.92,28845.55,809
2026-08-03T22:55:00+00:00,28845.55,28845.8,28839.17,28839.8,406
2026-08-03T23:00:00+00:00,28839.8,28842.3,28830.3,28834.55,695
2026-08-03T23:05:00+00:00,28834.55,28836.55,28825.3,28831.8,668
2026-08-03T23:10:00+00:00,28831.8,28835.92,28829.3,28832.17,518
2026-08-03T23:15:00+00:00,28832.17,28850.8,28832.05,28845.3,783
2026-08-03T23:20:00+00:00,28845.3,28851.3,28842.17,28842.17,614
2026-08-03T23:25:00+00:00,28842.17,28845.3,28836.3,28842.8,500
2026-08-03T23:30:00+00:00,28842.8,28853.67,28836.05,28850.17,673
2026-08-03T23:35:00+00:00,28850.17,28851.05,28828.67,28832.3,754
2026-08-03T23:40:00+00:00,28832.3,28840.3,28831.42,28835.42,624
2026-08-03T23:45:00+00:00,28835.42,28857.42,28834.3,28850.55,2900
2026-08-03T23:50:00+00:00,28850.55,28857.42,28843.42,28846.67,3378
2026-08-03T23:55:00+00:00,28846.67,28865.8,28843.17,28865.42,3123
2026-08-04T00:00:00+00:00,28865.42,28870.67,28836.42,28862.17,10224
2026-08-04T00:05:00+00:00,28862.17,28867.8,28843.05,28856.67,7874
2026-08-04T00:10:00+00:00,28856.67,28857.3,28822.42,28825.8,5897
2026-08-04T00:15:00+00:00,28825.8,28827.8,28798.17,28807.42,6456
2026-08-04T00:20:00+00:00,28807.42,28820.8,28795.42,28808.3,6004
2026-08-04T00:25:00+00:00,28808.3,28817.67,28797.8,28800.55,4793
2026-08-04T00:30:00+00:00,28800.55,28800.55,28777.42,28778.3,4921
2026-08-04T00:35:00+00:00,28778.3,28783.42,28767.05,28776.8,4638
2026-08-04T00:40:00+00:00,28776.8,28790.05,28759.3,28785.17,5805
2026-08-04T00:45:00+00:00,28785.17,28793.67,28764.92,28786.42,7089
2026-08-04T00:50:00+00:00,28786.42,28802.17,28777.67,28788.05,6770
2026-08-04T00:55:00+00:00,28788.05,28791.92,28763.3,28773.17,6881
2026-08-04T01:00:00+00:00,28773.17,28773.17,28726.17,28744.05,8611
2026-08-04T01:05:00+00:00,28744.05,28756.17,28732.8,28750.17,7442
2026-08-04T01:10:00+00:00,28750.17,28765.55,28746.17,28754.92,6348
2026-08-04T01:15:00+00:00,28754.92,28774.05,28746.3,28770.8,5790
2026-08-04T01:20:00+00:00,28770.8,28787.8,28769.55,28778.92,4662
2026-08-04T01:25:00+00:00,28778.92,28796.8,28767.42,28796.8,4945
2026-08-04T01:30:00+00:00,28796.8,28819.05,28793.8,28818.17,5279
2026-08-04T01:35:00+00:00,28818.17,28827.55,28798.67,28800.92,6595
2026-08-04T01:40:00+00:00,28800.92,28837.05,28799.92,28836.92,7509
2026-08-04T01:45:00+00:00,28836.92,28865.17,28836.42,28859.42,5292
2026-08-04T01:50:00+00:00,28859.42,28942.17,28859.42,28933.42,7167
2026-08-04T01:55:00+00:00,28933.42,28938.17,28920.67,28935.55,5439
2026-08-04T02:00:00+00:00,28935.55,28939.05,28906.05,28907.42,7847
2026-08-04T02:05:00+00:00,28907.42,28907.55,28876.05,28893.55,8787
2026-08-04T02:10:00+00:00,28893.55,28894.17,28863.05,28865.55,9037
2026-08-04T02:15:00+00:00,28865.55,28870.92,28854.42,28864.92,7877
2026-08-04T02:20:00+00:00,28864.92,28872.05,28837.67,28858.3,8522
2026-08-04T02:25:00+00:00,28858.3,28863.92,28842.3,28843.55,7297
2026-08-04T02:30:00+00:00,28843.55,28876.05,28842.92,28868.05,6444
2026-08-04T02:35:00+00:00,28868.05,28887.55,28861.42,28879.05,6265
2026-08-04T02:40:00+00:00,28879.05,28887.8,28869.17,28879.8,6196
2026-08-04T02:45:00+00:00,28879.8,28881.55,28855.3,28865.55,6069
2026-08-04T02:50:00+00:00,28865.55,28886.05,28859.8,28881.55,5570
2026-08-04T02:55:00+00:00,28881.55,28881.92,28864.92,28867.42,5333
2026-08-04T03:00:00+00:00,28867.42,28886.3,28858.05,28862.55,5996
2026-08-04T03:05:00+00:00,28862.55,28865.92,28844.8,28853.55,5889
2026-08-04T03:10:00+00:00,28853.55,28854.67,28827.42,28837.3,6358
2026-08-04T03:15:00+00:00,28837.3,28847.05,28826.92,28838.55,7380
2026-08-04T03:20:00+00:00,28838.55,28869.42,28833.8,28865.55,6053
2026-08-04T03:25:00+00:00,28865.55,28879.67,28862.05,28871.3,4953
2026-08-04T03:30:00+00:00,28871.3,28897.92,28871.3,28891.55,7221
2026-08-04T03:35:00+00:00,28891.55,28893.92,28879.05,28883.17,7610
2026-08-04T03:40:00+00:00,28883.17,28883.92,28852.92,28862.17,5634
2026-08-04T03:45:00+00:00,28862.17,28879.67,28852.42,28877.3,5214
2026-08-04T03:50:00+00:00,28877.3,28885.55,28874.8,28878.55,4372
2026-08-04T03:55:00+00:00,28878.55,28899.92,28877.17,28890.05,4228
2026-08-04T04:00:00+00:00,28890.05,28900.8,28877.67,28879.3,4687
2026-08-04T04:05:00+00:00,28879.3,28892.05,28872.67,28884.05,5517
2026-08-04T04:10:00+00:00,28884.05,28884.3,28862.8,28871.3,4788
2026-08-04T04:15:00+00:00,28871.3,28903.92,28869.05,28901.17,4480
2026-08-04T04:20:00+00:00,28901.17,28903.05,28893.42,28901.8,4336
2026-08-04T04:25:00+00:00,28901.8,28910.67,28898.8,28901.92,2886
2026-08-04T04:30:00+00:00,28901.92,28908.67,28900.17,28901.3,3246
2026-08-04T04:35:00+00:00,28901.3,28903.42,28891.92,28892.42,3906
2026-08-04T04:40:00+00:00,28892.42,28898.67,28890.17,28893.8,4457
2026-08-04T04:45:00+00:00,28893.8,28905.05,28889.05,28904.05,5013
2026-08-04T04:50:00+00:00,28904.05,28917.05,28898.55,28912.67,3742
2026-08-04T04:55:00+00:00,28912.67,28917.8,28897.17,28910.17,3796
2026-08-04T05:00:00+00:00,28910.17,28916.05,28887.92,28897.05,6526
2026-08-04T05:05:00+00:00,28897.05,28903.05,28888.92,28900.3,5377
2026-08-04T05:10:00+00:00,28900.3,28900.8,28873.42,28882.17,5179
2026-08-04T05:15:00+00:00,28882.17,28898.92,28877.55,28898.92,5531
2026-08-04T05:20:00+00:00,28898.92,28913.3,28896.3,28913.3,4556
2026-08-04T05:25:00+00:00,28913.3,28923.8,28900.42,28920.55,4842
2026-08-04T05:30:00+00:00,28920.55,28939.3,28919.42,28935.67,4287
2026-08-04T05:35:00+00:00,28935.67,28968.92,28935.67,28943.8,5033
2026-08-04T05:40:00+00:00,28943.8,28956.3,28940.8,28952.3,5284
2026-08-04T05:45:00+00:00,28952.3,28952.8,28938.42,28944.92,5226
2026-08-04T05:50:00+00:00,28944.92,28959.05,28937.92,28953.67,4810
2026-08-04T05:55:00+00:00,28953.67,28968.8,28948.55,28967.42,4184
2026-08-04T06:00:00+00:00,28967.42,28975.17,28962.3,28969.67,4808
2026-08-04T06:05:00+00:00,28969.67,28983.42,28962.8,28975.92,4564
2026-08-04T06:10:00+00:00,28975.92,28986.67,28973.92,28983.8,2963
2026-08-04T06:15:00+00:00,28983.8,28988.05,28971.05,28976.92,3429
2026-08-04T06:20:00+00:00,28976.92,28989.42,28973.92,28980.3,3535
2026-08-04T06:25:00+00:00,28980.3,28992.8,28974.55,28976.3,3448
2026-08-04T06:30:00+00:00,28976.3,28983.3,28964.67,28965.42,3952
2026-08-04T06:35:00+00:00,28965.42,28965.42,28943.92,28950.67,3566
2026-08-04T06:40:00+00:00,28950.67,28954.17,28937.17,28949.17,2959
2026-08-04T06:45:00+00:00,28949.17,28957.42,28946.3,28951.42,1881
2026-08-04T06:50:00+00:00,28951.42,28958.92,28949.67,28956.42,2403
2026-08-04T06:55:00+00:00,28956.42,28967.8,28947.67,28967.42,3481
2026-08-04T07:00:00+00:00,28967.42,28994.92,28964.55,28989.55,9554
2026-08-04T07:05:00+00:00,28989.55,28990.67,28948.05,28949.05,8653
2026-08-04T07:10:00+00:00,28949.05,28964.17,28932.8,28963.92,8784
2026-08-04T07:15:00+00:00,28963.92,28982.05,28957.92,28962.8,7401
2026-08-04T07:20:00+00:00,28962.8,28985.55,28960.67,28985.3,4535
2026-08-04T07:25:00+00:00,28985.3,29002.8,28983.17,28993.67,4772
2026-08-04T07:30:00+00:00,28993.67,29012.17,28991.42,28998.42,5169
2026-08-04T07:35:00+00:00,28998.42,28999.67,28974.92,28982.17,4059
2026-08-04T07:40:00+00:00,28982.17,28986.92,28969.05,28975.92,4213
2026-08-04T07:45:00+00:00,28975.92,29003.55,28973.42,28998.92,4364
2026-08-04T07:50:00+00:00,28998.92,28998.92,28969.67,28971.17,4207
2026-08-04T07:55:00+00:00,28971.17,28973.3,28960.17,28965.92,4099
2026-08-04T08:00:00+00:00,28965.92,29011.05,28962.17,29003.67,8773
2026-08-04T08:05:00+00:00,29003.67,29017.92,29000.67,29013.8,8285
2026-08-04T08:10:00+00:00,29013.8,29013.8,28994.8,29003.05,7159
2026-08-04T08:15:00+00:00,29003.05,29018.42,28999.3,29013.42,5683
2026-08-04T08:20:00+00:00,29013.42,29026.17,28994.42,28997.05,6595
2026-08-04T08:25:00+00:00,28997.05,29006.17,28991.42,29005.8,5799
2026-08-04T08:30:00+00:00,29005.8,29005.8,28959.3,28970.67,6945
2026-08-04T08:35:00+00:00,28970.67,28975.3,28954.92,28968.67,5903
2026-08-04T08:40:00+00:00,28968.67,28970.67,28954.92,28963.55,6268
2026-08-04T08:45:00+00:00,28963.55,28963.8,28933.05,28954.8,6370
2026-08-04T08:50:00+00:00,28954.8,28961.67,28952.3,28958.92,5109
2026-08-04T08:55:00+00:00,28958.92,28971.55,28955.42,28963.3,4738
2026-08-04T09:00:00+00:00,28963.3,28963.3,28934.42,28940.3,5726
2026-08-04T09:05:00+00:00,28940.3,28945.3,28912.05,28917.3,6036
2026-08-04T09:10:00+00:00,28917.3,28932.55,28906.67,28927.8,5843
2026-08-04T09:15:00+00:00,28927.8,28930.05,28902.05,28917.42,6185
2026-08-04T09:20:00+00:00,28917.42,28925.05,28910.05,28921.42,5081
2026-08-04T09:25:00+00:00,28921.42,28939.92,28915.67,28939.67,5070
2026-08-04T09:30:00+00:00,28939.67,28950.55,28937.17,28947.42,3835
2026-08-04T09:35:00+00:00,28947.42,28960.3,28945.3,28959.92,3568
2026-08-04T09:40:00+00:00,28959.92,28975.17,28959.92,28971.17,3228
2026-08-04T09:45:00+00:00,28971.17,28979.92,28955.3,28976.17,4046
2026-08-04T09:50:00+00:00,28976.17,28976.17,28952.67,28957.55,4278
2026-08-04T09:55:00+00:00,28957.55,28972.17,28953.55,28972.17,3660
2026-08-04T10:00:00+00:00,28972.17,28981.42,28961.3,28970.3,4426
2026-08-04T10:05:00+00:00,28970.3,28991.05,28967.8,28989.42,4114
2026-08-04T10:10:00+00:00,28989.42,29005.67,28985.05,29000.42,4296
2026-08-04T10:15:00+00:00,29000.42,29001.42,28981.55,28990.67,3883
2026-08-04T10:20:00+00:00,28990.67,29009.67,28984.3,29005.42,4394
2026-08-04T10:25:00+00:00,29005.42,29007.92,28988.92,28990.17,3399
2026-08-04T10:30:00+00:00,28990.17,29005.3,28987.67,28987.67,6429
2026-08-04T10:35:00+00:00,28987.67,28990.42,28968.42,28981.3,4664
2026-08-04T10:40:00+00:00,28981.3,29022.92,28977.92,29016.05,5747
2026-08-04T10:45:00+00:00,29016.05,29036.92,29008.05,29026.42,12231
2026-08-04T10:50:00+00:00,29026.42,29028.05,29006.05,29014.05,5873
2026-08-04T10:55:00+00:00,29014.05,29018.05,28998.42,29010.55,5720
2026-08-04T11:00:00+00:00,29010.55,29040.55,29008.92,29036.55,9270
2026-08-04T11:05:00+00:00,29036.55,29040.8,29019.42,29023.8,6649
2026-08-04T11:10:00+00:00,29023.8,29043.55,29014.67,29038.55,6705
2026-08-04T11:15:00+00:00,29038.55,29048.3,29034.17,29045.17,5550
2026-08-04T11:20:00+00:00,29045.17,29061.17,29043.67,29044.17,5592
2026-08-04T11:25:00+00:00,29044.17,29065.42,29043.05,29064.55,5446
2026-08-04T11:30:00+00:00,29064.55,29067.92,29055.55,29064.17,4813
2026-08-04T11:35:00+00:00,29064.17,29068.3,29053.55,29062.05,5648
2026-08-04T11:40:00+00:00,29062.05,29105.42,29045.55,29097.87,9038
2026-08-04T11:45:00+00:00,29097.87,29111.17,29084.92,29110.17,11300
2026-08-04T11:50:00+00:00,29110.17,29139.67,29109.17,29134.05,9444
2026-08-04T11:55:00+00:00,29134.05,29137.8,29118.3,29131.67,8471
2026-08-04T12:00:00+00:00,29131.67,29131.67,29108.8,29117.67,8271
2026-08-04T12:05:00+00:00,29117.67,29120.05,29098.55,29110.8,7151
2026-08-04T12:10:00+00:00,29110.8,29112.17,29097.67,29100.42,5737
2026-08-04T12:15:00+00:00,29100.42,29120.55,29099.05,29119.42,5413
2026-08-04T12:20:00+00:00,29119.42,29127.92,29112.67,29114.17,5656
2026-08-04T12:25:00+00:00,29114.17,29120.17,29111.3,29116.3,4659
2026-08-04T12:30:00+00:00,29116.3,29120.3,29094.05,29107.3,5865
2026-08-04T12:35:00+00:00,29107.3,29116.3,29100.17,29109.05,5589
2026-08-04T12:40:00+00:00,29109.05,29117.05,29105.92,29114.05,5220
2026-08-04T12:45:00+00:00,29114.05,29116.42,29089.8,29092.67,5072
2026-08-04T12:50:00+00:00,29092.67,29100.3,29086.55,29089.17,4901
2026-08-04T12:55:00+00:00,29089.17,29107.05,29082.8,29097.05,4720
2026-08-04T13:00:00+00:00,29097.05,29120.8,29086.05,29113.55,7889
2026-08-04T13:05:00+00:00,29113.55,29125.8,29112.42,29122.05,5893
2026-08-04T13:10:00+00:00,29122.05,29128.8,29119.3,29125.3,5221
2026-08-04T13:15:00+00:00,29125.3,29130.67,29117.42,29119.8,5023
2026-08-04T13:20:00+00:00,29119.8,29174.05,29116.92,29134.92,12567
2026-08-04T13:25:00+00:00,29134.92,29148.3,29113.42,29129.05,12675
2026-08-04T13:30:00+00:00,29129.05,29277.95,29105.32,29275.7,39672
2026-08-04T13:35:00+00:00,29275.7,29307.7,29248.07,29286.82,38108
2026-08-04T13:40:00+00:00,29286.82,29346.7,29280.2,29305.95,36968
2026-08-04T13:45:00+00:00,29305.95,29355.7,29305.95,29353.32,36743
2026-08-04T13:50:00+00:00,29353.32,29397.2,29351.2,29395.57,31380
2026-08-04T13:55:00+00:00,29395.57,29396.45,29320.45,29359.82,29013
2026-08-04T14:00:00+00:00,29359.82,29391.82,29329.2,29381.32,31698
2026-08-04T14:05:00+00:00,29381.32,29427.32,29380.32,29413.07,26680
2026-08-04T14:10:00+00:00,29413.07,29438.32,29401.7,29435.32,21779
2026-08-04T14:15:00+00:00,29435.32,29440.45,29396.95,29417.45,24185
2026-08-04T14:20:00+00:00,29417.45,29419.32,29379.45,29403.45,29512
2026-08-04T14:25:00+00:00,29403.45,29457.45,29401.82,29454.45,26031
2026-08-04T14:30:00+00:00,29454.45,29461.45,29421.82,29437.57,24892
2026-08-04T14:35:00+00:00,29437.57,29458.37,29412.45,29422.07,23155
2026-08-04T14:40:00+00:00,29422.07,29451.95,29417.2,29451.95,21232
2026-08-04T14:45:00+00:00,29451.95,29454.7,29437.07,29440.95,19161
2026-08-04T14:50:00+00:00,29440.95,29449.95,29423.7,29439.82,17610
2026-08-04T14:55:00+00:00,29439.82,29446.32,29419.32,29444.2,15335
2026-08-04T15:00:00+00:00,29444.2,29483.7,29440.07,29479.57,15989
2026-08-04T15:05:00+00:00,29479.57,29490.32,29461.95,29489.07,14439
2026-08-04T15:10:00+00:00,29489.07,29519.32,29482.57,29513.95,11642
2026-08-04T15:15:00+00:00,29513.95,29529.57,29508.57,29527.57,11886
2026-08-04T15:20:00+00:00,29527.57,29556.07,29525.95,29553.45,11327
2026-08-04T15:25:00+00:00,29553.45,29557.57,29529.07,29534.2,11523
2026-08-04T15:30:00+00:00,29534.2,29539.82,29517.07,29524.2,10921
2026-08-04T15:35:00+00:00,29524.2,29575.95,29523.2,29562.45,14569
2026-08-04T15:40:00+00:00,29562.45,29573.57,29551.2,29571.57,11983
2026-08-04T15:45:00+00:00,29571.57,29584.95,29571.07,29577.82,11182
2026-08-04T15:50:00+00:00,29577.82,29591.32,29568.2,29571.07,10193
2026-08-04T15:55:00+00:00,29571.07,29579.95,29562.32,29566.2,10342
2026-08-04T16:00:00+00:00,29566.2,29593.82,29564.7,29582.45,11140
2026-08-04T16:05:00+00:00,29582.45,29592.2,29570.57,29570.82,9826
2026-08-04T16:10:00+00:00,29570.82,29579.57,29556.57,29569.57,9354
2026-08-04T16:15:00+00:00,29569.57,29602.07,29568.82,29599.57,9333
2026-08-04T16:20:00+00:00,29599.57,29614.57,29597.82,29610.32,7910
2026-08-04T16:25:00+00:00,29610.32,29610.82,29598.82,29601.2,7335
2026-08-04T16:30:00+00:00,29601.2,29620.32,29590.82,29615.07,8306
2026-08-04T16:35:00+00:00,29615.07,29626.07,29603.07,29609.95,7598
2026-08-04T16:40:00+00:00,29609.95,29624.7,29600.32,29620.95,7378
2026-08-04T16:45:00+00:00,29620.95,29637.95,29620.95,29637.95,7836
2026-08-04T16:50:00+00:00,29637.95,29639.32,29629.7,29631.07,6728
2026-08-04T16:55:00+00:00,29631.07,29639.2,29626.95,29637.95,6412
2026-08-04T17:00:00+00:00,29637.95,29677.32,29634.82,29675.95,10182
2026-08-04T17:05:00+00:00,29675.95,29688.82,29665.82,29680.7,9856
2026-08-04T17:10:00+00:00,29680.7,29693.95,29677.45,29691.45,7758
2026-08-04T17:15:00+00:00,29691.45,29698.45,29679.95,29685.2,9202
2026-08-04T17:20:00+00:00,29685.2,29699.82,29675.57,29697.57,9400
2026-08-04T17:25:00+00:00,29697.57,29719.95,29696.57,29713.32,8864
2026-08-04T17:30:00+00:00,29713.32,29718.07,29698.57,29713.82,9157
2026-08-04T17:35:00+00:00,29713.82,29742.57,29710.07,29741.32,7566
2026-08-04T17:40:00+00:00,29741.32,29759.57,29740.32,29759.07,7859
2026-08-04T17:45:00+00:00,29759.07,29792.32,29759.07,29774.82,10873
2026-08-04T17:50:00+00:00,29774.82,29774.82,29736.32,29740.82,17157
2026-08-04T17:55:00+00:00,29740.82,29759.57,29728.62,29728.62,13286
2026-08-04T18:00:00+00:00,29728.62,29749.2,29703.12,29712.7,19684
2026-08-04T18:05:00+00:00,29712.7,29742.2,29705.07,29733.45,15395
2026-08-04T18:10:00+00:00,29733.45,29754.45,29720.95,29754.07,13734
2026-08-04T18:15:00+00:00,29754.07,29768.2,29750.57,29763.45,11032
2026-08-04T18:20:00+00:00,29763.45,29774.32,29754.82,29764.57,9266
2026-08-04T18:25:00+00:00,29764.57,29773.82,29755.2,29773.82,9266
2026-08-04T18:30:00+00:00,29773.82,29787.57,29763.95,29767.2,8409
2026-08-04T18:35:00+00:00,29767.2,29772.32,29748.95,29753.57,9969
2026-08-04T18:40:00+00:00,29753.57,29758.2,29735.7,29748.7,12179
2026-08-04T18:45:00+00:00,29748.7,29789.82,29748.7,29776.95,11097
2026-08-04T18:50:00+00:00,29776.95,29789.57,29770.57,29774.82,9415
2026-08-04T18:55:00+00:00,29774.82,29781.2,29770.57,29776.2,9597
2026-08-04T19:00:00+00:00,29776.2,29820.32,29774.2,29809.07,13086
2026-08-04T19:05:00+00:00,29809.07,29825.82,29798.32,29824.7,10237
2026-08-04T19:10:00+00:00,29824.7,29828.57,29817.45,29821.57,8657
2026-08-04T19:15:00+00:00,29821.57,29839.82,29817.95,29835.32,9269
2026-08-04T19:20:00+00:00,29835.32,29837.82,29812.32,29817.07,9640
2026-08-04T19:25:00+00:00,29817.07,29822.2,29784.45,29794.32,13747
2026-08-04T19:30:00+00:00,29794.32,29810.45,29784.7,29807.2,14443
2026-08-04T19:35:00+00:00,29807.2,29825.82,29798.7,29816.57,10816
2026-08-04T19:40:00+00:00,29816.57,29845.57,29814.7,29844.57,9491
2026-08-04T19:45:00+00:00,29844.57,29851.07,29814.82,29815.82,12760
2026-08-04T19:50:00+00:00,29815.82,29816.62,29765.82,29765.82,20491
2026-08-04T19:55:00+00:00,29765.82,29788.57,29743.45,29767.07,25323
2026-08-04T20:00:00+00:00,29767.07,29795.42,29747.42,29772.8,9460
2026-08-04T20:05:00+00:00,29772.8,29843.05,29772.8,29808.3,5769
2026-08-04T20:10:00+00:00,29808.3,29817.3,29787.55,29808.87,4755
2026-08-04T20:15:00+00:00,29808.87,29808.87,29656.37,29674.17,20602
2026-08-04T20:20:00+00:00,29674.17,29730.55,29670.3,29694.87,12092
2026-08-04T20:25:00+00:00,29694.87,29722.05,29681.42,29686.42,8897
2026-08-04T20:30:00+00:00,29686.42,29707.05,29669.3,29673.55,7667
2026-08-04T20:35:00+00:00,29673.55,29684.3,29659.92,29682.17,8317
2026-08-04T20:40:00+00:00,29682.17,29711.3,29675.8,29692.17,7725
2026-08-04T20:45:00+00:00,29692.17,29717.8,29686.92,29714.92,6895
2026-08-04T20:50:00+00:00,29714.92,29714.92,29680.05,29688.55,5636
2026-08-04T20:55:00+00:00,29688.55,29720.8,29686.55,29713.87,4753
2026-08-04T22:00:00+00:00,29713.87,29713.87,29667.23,29689.53,2501
2026-08-04T22:05:00+00:00,29689.53,29728.03,29689.53,29718.73,2434
2026-08-04T22:10:00+00:00,29718.73,29729.16,29716.41,29727.91,2239
2026-08-04T22:15:00+00:00,29727.91,29731.53,29719.66,29727.78,2246
2026-08-04T22:20:00+00:00,29727.78,29736.41,29712.91,29714.03,2387
2026-08-04T22:25:00+00:00,29714.03,29732.03,29703.66,29725.53,2742
2026-08-04T22:30:00+00:00,29725.53,29733.28,29717.53,29728.41,2533
2026-08-04T22:35:00+00:00,29728.41,29733.53,29715.03,29717.66,3122
2026-08-04T22:40:00+00:00,29717.66,29718.41,29687.66,29692.66,3225
2026-08-04T22:45:00+00:00,29692.66,29703.28,29687.91,29695.41,2844
2026-08-04T22:50:00+00:00,29695.41,29703.41,29693.78,29698.78,2317
2026-08-04T22:55:00+00:00,29698.78,29719.78,29696.03,29719.03,1911
2026-08-04T23:00:00+00:00,29719.03,29736.28,29702.66,29730.91,3483
2026-08-04T23:05:00+00:00,29730.91,29736.91,29726.53,29731.16,2436
2026-08-04T23:10:00+00:00,29731.16,29736.66,29726.16,29730.91,1902
2026-08-04T23:15:00+00:00,29730.91,29737.91,29730.66,29736.03,1454
2026-08-04T23:20:00+00:00,29736.03,29736.66,29719.41,29722.16,1409
2026-08-04T23:25:00+00:00,29722.16,29723.03,29710.53,29717.16,2033
2026-08-04T23:30:00+00:00,29717.16,29726.03,29696.03,29696.91,2146
2026-08-04T23:35:00+00:00,29696.91,29710.66,29696.53,29708.28,2175
2026-08-04T23:40:00+00:00,29708.28,29735.78,29705.16,29735.16,2742
2026-08-04T23:45:00+00:00,29735.16,29749.16,29720.53,29730.66,4561
2026-08-04T23:50:00+00:00,29730.66,29741.03,29723.66,29730.91,4651
2026-08-04T23:55:00+00:00,29730.91,29748.16,29727.78,29728.03,3727
2026-08-05T00:00:00+00:00,29728.03,29745.78,29712.03,29737.78,9724
2026-08-05T00:05:00+00:00,29737.78,29755.53,29723.16,29729.28,7385
2026-08-05T00:10:00+00:00,29729.28,29750.53,29723.28,29749.78,7935
2026-08-05T00:15:00+00:00,29749.78,29750.66,29730.16,29743.53,5902
2026-08-05T00:20:00+00:00,29743.53,29749.53,29727.16,29743.91,5528
2026-08-05T00:25:00+00:00,29743.91,29756.16,29740.28,29754.78,4474
2026-08-05T00:30:00+00:00,29754.78,29768.78,29753.28,29763.41,4689
2026-08-05T00:35:00+00:00,29763.41,29766.16,29733.28,29745.16,4102
2026-08-05T00:40:00+00:00,29745.16,29749.66,29730.78,29731.03,4160
2026-08-05T00:45:00+00:00,29731.03,29738.66,29705.91,29724.91,5456
2026-08-05T00:50:00+00:00,29724.91,29754.16,29713.91,29732.66,6077
2026-08-05T00:55:00+00:00,29732.66,29742.41,29725.41,29741.28,5869
2026-08-05T01:00:00+00:00,29741.28,29742.03,29709.78,29724.91,8194
2026-08-05T01:05:00+00:00,29724.91,29741.53,29722.66,29739.16,5872
2026-08-05T01:10:00+00:00,29739.16,29753.66,29729.66,29733.03,5426
2026-08-05T01:15:00+00:00,29733.03,29734.03,29697.66,29710.03,7660
2026-08-05T01:20:00+00:00,29710.03,29724.41,29702.53,29705.66,6971
2026-08-05T01:25:00+00:00,29705.66,29712.66,29691.03,29711.91,5341
2026-08-05T01:30:00+00:00,29711.91,29731.91,29704.78,29710.91,7209
2026-08-05T01:35:00+00:00,29710.91,29735.53,29706.78,29733.53,6366
2026-08-05T01:40:00+00:00,29733.53,29736.91,29711.28,29726.03,5878
2026-08-05T01:45:00+00:00,29726.03,29767.16,29726.03,29761.53,5157
2026-08-05T01:50:00+00:00,29761.53,29765.16,29754.28,29762.41,4068
2026-08-05T01:55:00+00:00,29762.41,29772.66,29755.91,29762.03,3952
2026-08-05T02:00:00+00:00,29762.03,29780.53,29762.03,29764.16,5358
2026-08-05T02:05:00+00:00,29764.16,29773.91,29757.66,29764.41,3695
2026-08-05T02:10:00+00:00,29764.41,29770.16,29758.03,29763.66,4333
2026-08-05T02:15:00+00:00,29763.66,29766.66,29754.91,29766.41,4629
2026-08-05T02:20:00+00:00,29766.41,29768.53,29757.91,29758.28,3898
2026-08-05T02:25:00+00:00,29758.28,29760.66,29743.41,29746.41,5073
2026-08-05T02:30:00+00:00,29746.41,29753.28,29735.28,29752.16,4670
2026-08-05T02:35:00+00:00,29752.16,29754.53,29738.03,29738.78,4415
2026-08-05T02:40:00+00:00,29738.78,29751.41,29735.91,29751.28,4470
2026-08-05T02:45:00+00:00,29751.28,29765.53,29747.91,29749.53,4074
2026-08-05T02:50:00+00:00,29749.53,29767.03,29748.41,29762.03,4381
2026-08-05T02:55:00+00:00,29762.03,29763.28,29751.91,29752.78,3812
2026-08-05T03:00:00+00:00,29752.78,29768.78,29749.03,29767.03,4525
2026-08-05T03:05:00+00:00,29767.03,29773.66,29765.78,29769.03,3516
2026-08-05T03:10:00+00:00,29769.03,29781.91,29766.03,29776.53,3356
2026-08-05T03:15:00+00:00,29776.53,29784.41,29774.03,29774.41,2912
2026-08-05T03:20:00+00:00,29774.41,29783.03,29766.91,29767.28,3037
2026-08-05T03:25:00+00:00,29767.28,29769.03,29756.28,29756.28,3311
2026-08-05T03:30:00+00:00,29756.28,29761.78,29751.28,29760.53,4851
2026-08-05T03:35:00+00:00,29760.53,29770.28,29757.53,29769.53,3276
2026-08-05T03:40:00+00:00,29769.53,29783.66,29767.41,29777.78,2468
2026-08-05T03:45:00+00:00,29777.78,29783.66,29760.66,29770.16,2829
2026-08-05T03:50:00+00:00,29770.16,29784.16,29766.91,29780.03,2783
2026-08-05T03:55:00+00:00,29780.03,29786.16,29778.53,29782.03,2185
2026-08-05T04:00:00+00:00,29782.03,29784.03,29777.16,29778.28,2331
2026-08-05T04:05:00+00:00,29778.28,29789.53,29776.03,29786.41,2932
2026-08-05T04:10:00+00:00,29786.41,29790.53,29775.91,29776.66,2893
2026-08-05T04:15:00+00:00,29776.66,29776.78,29762.03,29764.66,2997
2026-08-05T04:20:00+00:00,29764.66,29765.78,29752.28,29758.78,2731
2026-08-05T04:25:00+00:00,29758.78,29764.78,29756.28,29763.78,2864
2026-08-05T04:30:00+00:00,29763.78,29783.28,29761.53,29780.53,3504
2026-08-05T04:35:00+00:00,29780.53,29789.16,29780.41,29788.16,1999
2026-08-05T04:40:00+00:00,29788.16,29801.66,29788.03,29797.41,2691
2026-08-05T04:45:00+00:00,29797.41,29799.78,29792.53,29793.78,2319
2026-08-05T04:50:00+00:00,29793.78,29796.28,29775.91,29789.28,2502
2026-08-05T04:55:00+00:00,29789.28,29808.91,29788.91,29795.41,2583
2026-08-05T05:00:00+00:00,29795.41,29816.03,29787.41,29809.78,4014
2026-08-05T05:05:00+00:00,29809.78,29827.53,29806.53,29819.16,3910
2026-08-05T05:10:00+00:00,29819.16,29831.03,29818.91,29829.41,2761
2026-08-05T05:15:00+00:00,29829.41,29836.28,29826.78,29833.78,2984
2026-08-05T05:20:00+00:00,29833.78,29838.66,29830.16,29835.41,2293
2026-08-05T05:25:00+00:00,29835.41,29841.16,29828.03,29829.53,3020
2026-08-05T05:30:00+00:00,29829.53,29837.03,29816.16,29817.28,4264
2026-08-05T05:35:00+00:00,29817.28,29824.91,29812.91,29821.78,3100
2026-08-05T05:40:00+00:00,29821.78,29834.28,29819.16,29834.16,2811
2026-08-05T05:45:00+00:00,29834.16,29844.78,29833.41,29843.16,1865
2026-08-05T05:50:00+00:00,29843.16,29869.53,29843.16,29869.53,2612
2026-08-05T05:55:00+00:00,29869.53,29877.78,29867.66,29873.16,2421
2026-08-05T06:00:00+00:00,29873.16,29875.91,29857.03,29858.28,3515
2026-08-05T06:05:00+00:00,29858.28,29872.16,29854.16,29871.78,3243
2026-08-05T06:10:00+00:00,29871.78,29882.41,29871.28,29874.28,2670
2026-08-05T06:15:00+00:00,29874.28,29875.66,29855.53,29863.91,3295
2026-08-05T06:20:00+00:00,29863.91,29866.91,29824.41,29830.03,4759
2026-08-05T06:25:00+00:00,29830.03,29833.91,29818.03,29821.66,5321
2026-08-05T06:30:00+00:00,29821.66,29857.03,29818.16,29848.66,4194
2026-08-05T06:35:00+00:00,29848.66,29854.53,29836.91,29839.66,3678
2026-08-05T06:40:00+00:00,29839.66,29841.91,29827.16,29832.28,3040
2026-08-05T06:45:00+00:00,29832.28,29852.78,29828.91,29850.28,2538
2026-08-05T06:50:00+00:00,29850.28,29852.03,29841.78,29843.66,3304
2026-08-05T06:55:00+00:00,29843.66,29863.03,29843.28,29861.66,3242
2026-08-05T07:00:00+00:00,29861.66,29879.16,29855.28,29859.78,7292
2026-08-05T07:05:00+00:00,29859.78,29875.28,29846.66,29854.28,5611
2026-08-05T07:10:00+00:00,29854.28,29854.78,29829.53,29842.03,5733
2026-08-05T07:15:00+00:00,29842.03,29845.66,29825.41,29831.41,5144
2026-08-05T07:20:00+00:00,29831.41,29836.53,29819.16,29822.41,4388
2026-08-05T07:25:00+00:00,29822.41,29823.28,29795.41,29799.41,5622
2026-08-05T07:30:00+00:00,29799.41,29812.03,29788.16,29791.91,5282
2026-08-05T07:35:00+00:00,29791.91,29803.41,29778.41,29800.66,4443
2026-08-05T07:40:00+00:00,29800.66,29803.91,29777.91,29779.41,4373
2026-08-05T07:45:00+00:00,29779.41,29801.53,29777.78,29787.91,3291
2026-08-05T07:50:00+00:00,29787.91,29795.53,29778.66,29787.53,3187
2026-08-05T07:55:00+00:00,29787.53,29805.16,29785.03,29795.91,3797
2026-08-05T08:00:00+00:00,29795.91,29817.91,29790.53,29815.16,6750
2026-08-05T08:05:00+00:00,29815.16,29817.66,29778.66,29782.16,5444
2026-08-05T08:10:00+00:00,29782.16,29783.41,29747.28,29756.53,6023
2026-08-05T08:15:00+00:00,29756.53,29765.91,29744.16,29747.66,7028
2026-08-05T08:20:00+00:00,29747.66,29751.66,29718.41,29719.16,6151
2026-08-05T08:25:00+00:00,29719.16,29734.03,29712.91,29727.28,6130
2026-08-05T08:30:00+00:00,29727.28,29729.53,29699.53,29712.03,6777
2026-08-05T08:35:00+00:00,29712.03,29736.03,29697.91,29699.66,5240
2026-08-05T08:40:00+00:00,29699.66,29711.53,29691.78,29705.28,6641
2026-08-05T08:45:00+00:00,29705.28,29724.28,29691.28,29723.53,5887
2026-08-05T08:50:00+00:00,29723.53,29732.66,29715.66,29718.66,5549
2026-08-05T08:55:00+00:00,29718.66,29735.91,29715.41,29729.53,4522
2026-08-05T09:00:00+00:00,29729.53,29740.41,29715.03,29737.03,5902
2026-08-05T09:05:00+00:00,29737.03,29745.78,29732.41,29739.03,4954
2026-08-05T09:10:00+00:00,29739.03,29742.53,29724.91,29725.78,4307
2026-08-05T09:15:00+00:00,29725.78,29727.78,29707.28,29722.41,4564
2026-08-05T09:20:00+00:00,29722.41,29746.16,29722.16,29742.41,4052
2026-08-05T09:25:00+00:00,29742.41,29756.28,29737.91,29754.66,4804
2026-08-05T09:30:00+00:00,29754.66,29765.66,29752.66,29765.41,3751
2026-08-05T09:35:00+00:00,29765.41,29781.16,29763.91,29774.03,3946
2026-08-05T09:40:00+00:00,29774.03,29777.53,29764.16,29775.41,4182
2026-08-05T09:45:00+00:00,29775.41,29786.28,29748.66,29750.03,5196
2026-08-05T09:50:00+00:00,29750.03,29760.16,29745.53,29756.66,3301
2026-08-05T09:55:00+00:00,29756.66,29764.66,29749.66,29750.66,3647
2026-08-05T10:00:00+00:00,29750.66,29763.78,29744.28,29758.53,3866
2026-08-05T10:05:00+00:00,29758.53,29761.16,29743.91,29746.53,4227
2026-08-05T10:10:00+00:00,29746.53,29746.53,29726.66,29732.53,4115
2026-08-05T10:15:00+00:00,29732.53,29749.66,29728.78,29742.28,2870
2026-08-05T10:20:00+00:00,29742.28,29751.91,29737.28,29750.53,3398
2026-08-05T10:25:00+00:00,29750.53,29758.03,29746.41,29750.66,3272
2026-08-05T10:30:00+00:00,29750.66,29763.78,29743.03,29761.16,4444
2026-08-05T10:35:00+00:00,29761.16,29763.66,29750.91,29751.28,3587
2026-08-05T10:40:00+00:00,29751.28,29756.28,29743.16,29749.53,3320
2026-08-05T10:45:00+00:00,29749.53,29761.03,29727.78,29738.66,4686
2026-08-05T10:50:00+00:00,29738.66,29761.53,29731.91,29753.28,4900
2026-08-05T10:55:00+00:00,29753.28,29762.28,29750.41,29756.28,4967
2026-08-05T11:00:00+00:00,29756.28,29797.53,29756.28,29789.66,7165
2026-08-05T11:05:00+00:00,29789.66,29810.91,29776.16,29808.53,6000
2026-08-05T11:10:00+00:00,29808.53,29813.41,29790.16,29796.41,5348
2026-08-05T11:15:00+00:00,29796.41,29803.53,29790.16,29800.03,4936
2026-08-05T11:20:00+00:00,29800.03,29808.03,29793.28,29807.91,4190
2026-08-05T11:25:00+00:00,29807.91,29815.53,29793.28,29793.28,3987
2026-08-05T11:30:00+00:00,29793.28,29821.28,29783.41,29819.16,5393
2026-08-05T11:35:00+00:00,29819.16,29822.78,29809.28,29816.91,4599
2026-08-05T11:40:00+00:00,29816.91,29823.66,29809.66,29811.03,4739
2026-08-05T11:45:00+00:00,29811.03,29833.66,29796.28,29832.66,5437
2026-08-05T11:50:00+00:00,29832.66,29835.66,29800.91,29806.66,5539
2026-08-05T11:55:00+00:00,29806.66,29815.53,29801.53,29812.03,4370
2026-08-05T12:00:00+00:00,29812.03,29818.03,29795.16,29795.41,6980
2026-08-05T12:05:00+00:00,29795.41,29800.41,29785.41,29798.66,6821
2026-08-05T12:10:00+00:00,29798.66,29815.41,29793.78,29811.66,6413
2026-08-05T12:15:00+00:00,29811.66,29815.41,29793.78,29809.16,6401
2026-08-05T12:20:00+00:00,29809.16,29826.53,29802.28,29817.41,6273
2026-08-05T12:25:00+00:00,29817.41,29831.78,29805.53,29827.28,5024
2026-08-05T12:30:00+00:00,29827.28,29833.66,29785.78,29812.03,7843
2026-08-05T12:35:00+00:00,29812.03,29838.91,29810.91,29828.16,5676
2026-08-05T12:40:00+00:00,29828.16,29835.53,29823.53,29835.41,5390
2026-08-05T12:45:00+00:00,29835.41,29838.28,29824.16,29831.78,5429
2026-08-05T12:50:00+00:00,29831.78,29833.91,29808.66,29811.28,5666
2026-08-05T12:55:00+00:00,29811.28,29819.91,29801.28,29807.78,5625
2026-08-05T13:00:00+00:00,29807.78,29835.66,29807.78,29830.41,7213
2026-08-05T13:05:00+00:00,29830.41,29841.53,29828.78,29830.66,6132
2026-08-05T13:10:00+00:00,29830.66,29838.28,29817.03,29821.66,5680
2026-08-05T13:15:00+00:00,29821.66,29821.91,29803.16,29810.16,6176
2026-08-05T13:20:00+00:00,29810.16,29813.66,29788.91,29802.16,6562
2026-08-05T13:25:00+00:00,29802.16,29870.16,29802.16,29867.53,12851
2026-08-05T13:30:00+00:00,29867.53,29905.68,29829.81,29905.31,64929
2026-08-05T13:35:00+00:00,29905.31,29914.56,29804.43,29899.06,63341
2026-08-05T13:40:00+00:00,29899.06,29948.43,29874.68,29939.48,45787
2026-08-05T13:45:00+00:00,29939.48,29964.68,29912.18,29948.31,49098
2026-08-05T13:50:00+00:00,29948.31,29956.81,29864.06,29920.06,53158
2026-08-05T13:55:00+00:00,29920.06,29950.68,29872.56,29942.93,37592
2026-08-05T14:00:00+00:00,29942.93,29942.93,29811.81,29857.18,55903
2026-08-05T14:05:00+00:00,29857.18,29922.06,29854.18,29896.31,52436
2026-08-05T14:10:00+00:00,29896.31,29912.06,29862.18,29891.18,46380
2026-08-05T14:15:00+00:00,29891.18,29918.31,29864.68,29866.68,44495
2026-08-05T14:20:00+00:00,29866.68,29869.06,29795.06,29852.31,50043
2026-08-05T14:25:00+00:00,29852.31,29882.31,29805.06,29807.93,46448
2026-08-05T14:30:00+00:00,29807.93,29810.43,29747.31,29778.18,44826
2026-08-05T14:35:00+00:00,29778.18,29804.56,29733.81,29733.93,43803
2026-08-05T14:40:00+00:00,29733.93,29763.93,29719.06,29754.68,40081
2026-08-05T14:45:00+00:00,29754.68,29797.43,29732.06,29785.06,37027
2026-08-05T14:50:00+00:00,29785.06,29797.56,29683.18,29716.81,40431
2026-08-05T14:55:00+00:00,29716.81,29755.31,29695.18,29740.81,33633
2026-08-05T15:00:00+00:00,29740.81,29773.56,29718.93,29738.68,33143
2026-08-05T15:05:00+00:00,29738.68,29778.56,29721.56,29764.56,31092
2026-08-05T15:10:00+00:00,29764.56,29783.18,29727.31,29732.31,30718
2026-08-05T15:15:00+00:00,29732.31,29741.81,29657.68,29725.68,32215
2026-08-05T15:20:00+00:00,29725.68,29740.31,29706.81,29712.68,27309
2026-08-05T15:25:00+00:00,29712.68,29724.31,29688.68,29701.93,23815
2026-08-05T15:30:00+00:00,29701.93,29752.93,29699.68,29711.93,24041
2026-08-05T15:35:00+00:00,29711.93,29747.31,29711.93,29736.06,23806
2026-08-05T15:40:00+00:00,29736.06,29744.56,29705.31,29712.68,21818
2026-08-05T15:45:00+00:00,29712.68,29712.68,29682.06,29685.43,21276
2026-08-05T15:50:00+00:00,29685.43,29699.31,29665.18,29670.68,19186
2026-08-05T15:55:00+00:00,29670.68,29670.68,29608.43,29631.43,22138
2026-08-05T16:00:00+00:00,29631.43,29658.06,29604.68,29649.56,33114
2026-08-05T16:05:00+00:00,29649.56,29655.56,29596.93,29614.56,28884
2026-08-05T16:10:00+00:00,29614.56,29625.56,29595.31,29625.31,25004
2026-08-05T16:15:00+00:00,29625.31,29654.06,29613.43,29631.31,20717
2026-08-05T16:20:00+00:00,29631.31,29686.06,29630.31,29662.31,19666
2026-08-05T16:25:00+00:00,29662.31,29724.31,29662.31,29722.31,16254
2026-08-05T16:30:00+00:00,29722.31,29732.31,29663.68,29688.81,22529
2026-08-05T16:35:00+00:00,29688.81,29703.56,29667.06,29690.56,19082
2026-08-05T16:40:00+00:00,29690.56,29713.43,29677.81,29681.56,17957
2026-08-05T16:45:00+00:00,29681.56,29694.56,29672.06,29683.81,16484
2026-08-05T16:50:00+00:00,29683.81,29717.81,29679.68,29708.06,15341
2026-08-05T16:55:00+00:00,29708.06,29715.18,29695.56,29702.31,14591
2026-08-05T17:00:00+00:00,29702.31,29712.06,29663.93,29669.93,18016
2026-08-05T17:05:00+00:00,29669.93,29678.93,29646.81,29652.93,19064
2026-08-05T17:10:00+00:00,29652.93,29676.31,29637.68,29660.31,18345
2026-08-05T17:15:00+00:00,29660.31,29674.93,29641.81,29652.81,17318
2026-08-05T17:20:00+00:00,29652.81,29659.06,29633.81,29657.93,15841
2026-08-05T17:25:00+00:00,29657.93,29674.06,29644.81,29647.31,15003
2026-08-05T17:30:00+00:00,29647.31,29662.56,29632.81,29649.81,14217
2026-08-05T17:35:00+00:00,29649.81,29661.68,29643.31,29652.81,13326
2026-08-05T17:40:00+00:00,29652.81,29671.06,29646.68,29650.18,12045
2026-08-05T17:45:00+00:00,29650.18,29666.31,29628.56,29658.06,12213
2026-08-05T17:50:00+00:00,29658.06,29667.06,29642.06,29645.18,9997
2026-08-05T17:55:00+00:00,29645.18,29662.43,29638.18,29649.81,9898
2026-08-05T18:00:00+00:00,29649.81,29678.18,29645.68,29675.06,11550
2026-08-05T18:05:00+00:00,29675.06,29676.06,29648.56,29660.81,12903
2026-08-05T18:10:00+00:00,29660.81,29677.18,29654.93,29655.31,9333
2026-08-05T18:15:00+00:00,29655.31,29674.43,29649.06,29665.56,10295
2026-08-05T18:20:00+00:00,29665.56,29670.56,29651.93,29657.56,9674
2026-08-05T18:25:00+00:00,29657.56,29673.68,29657.31,29669.43,8716
2026-08-05T18:30:00+00:00,29669.43,29669.43,29621.06,29632.93,13372
2026-08-05T18:35:00+00:00,29632.93,29650.81,29629.81,29634.81,9970
2026-08-05T18:40:00+00:00,29634.81,29643.56,29627.06,29635.06,9699
2026-08-05T18:45:00+00:00,29635.06,29657.81,29630.93,29646.31,8473
2026-08-05T18:50:00+00:00,29646.31,29654.31,29635.81,29637.81,7493
2026-08-05T18:55:00+00:00,29637.81,29639.06,29617.18,29619.31,8706
2026-08-05T19:00:00+00:00,29619.31,29653.93,29611.56,29652.56,11862
2026-08-05T19:05:00+00:00,29652.56,29670.81,29647.56,29660.81,10513
2026-08-05T19:10:00+00:00,29660.81,29669.06,29655.06,29666.81,9154
2026-08-05T19:15:00+00:00,29666.81,29672.06,29657.31,29659.43,8689
2026-08-05T19:20:00+00:00,29659.43,29668.56,29648.06,29658.56,9006
2026-08-05T19:25:00+00:00,29658.56,29669.18,29648.56,29649.56,7963
2026-08-05T19:30:00+00:00,29649.56,29655.81,29618.31,29624.06,12039
2026-08-05T19:35:00+00:00,29624.06,29629.43,29605.43,29608.06,11414
2026-08-05T19:40:00+00:00,29608.06,29627.18,29599.18,29604.31,11165
2026-08-05T19:45:00+00:00,29604.31,29611.68,29582.68,29607.31,13760
2026-08-05T19:50:00+00:00,29607.31,29617.73,29594.31,29603.81,15771
2026-08-05T19:55:00+00:00,29603.81,29603.81,29486.68,29500.56,22571
2026-08-05T20:00:00+00:00,29500.56,29506.53,29443.28,29492.73,14768
2026-08-05T20:05:00+00:00,29492.73,29492.73,29424.23,29457.28,12509
2026-08-05T20:10:00+00:00,29457.28,29510.66,29454.28,29497.16,7406
2026-08-05T20:15:00+00:00,29497.16,29510.03,29463.78,29464.03,5126
2026-08-05T20:20:00+00:00,29464.03,29475.78,29453.78,29466.78,4408
2026-08-05T20:25:00+00:00,29466.78,29469.28,29455.41,29463.16,3694
2026-08-05T20:30:00+00:00,29463.16,29486.53,29459.53,29483.66,2809
2026-08-05T20:35:00+00:00,29483.66,29485.66,29466.28,29476.66,2636
2026-08-05T20:40:00+00:00,29476.66,29494.78,29474.03,29491.16,2509
2026-08-05T20:45:00+00:00,29491.16,29494.41,29472.41,29481.53,2891
2026-08-05T20:50:00+00:00,29481.53,29491.41,29468.91,29488.78,2050
2026-08-05T20:55:00+00:00,29488.78,29498.78,29479.48,29485.86,2142
2026-08-05T22:00:00+00:00,29485.86,29492.51,29460.26,29472.56,2701
2026-08-05T22:05:00+00:00,29472.56,29491.69,29466.26,29475.06,2682
2026-08-05T22:10:00+00:00,29475.06,29476.19,29464.06,29468.56,2363
2026-08-05T22:15:00+00:00,29468.56,29493.31,29467.94,29491.56,2335
2026-08-05T22:20:00+00:00,29491.56,29533.94,29491.56,29533.31,3462
2026-08-05T22:25:00+00:00,29533.31,29533.31,29519.31,29524.06,2210
2026-08-05T22:30:00+00:00,29524.06,29566.19,29520.69,29564.06,2426
2026-08-05T22:35:00+00:00,29564.06,29566.31,29556.06,29559.56,1811
2026-08-05T22:40:00+00:00,29559.56,29562.69,29548.56,29551.19,1649
2026-08-05T22:45:00+00:00,29551.19,29574.94,29540.19,29540.94,2463
2026-08-05T22:50:00+00:00,29540.94,29543.69,29518.19,29525.44,2698
2026-08-05T22:55:00+00:00,29525.44,29527.69,29516.94,29518.94,1820
2026-08-05T23:00:00+00:00,29518.94,29520.44,29509.81,29513.81,2348
2026-08-05T23:05:00+00:00,29513.81,29521.44,29511.94,29517.69,1505
2026-08-05T23:10:00+00:00,29517.69,29532.06,29517.06,29527.06,1256
2026-08-05T23:15:00+00:00,29527.06,29527.06,29514.94,29523.06,1573
2026-08-05T23:20:00+00:00,29523.06,29536.69,29522.31,29533.44,1531
2026-08-05T23:25:00+00:00,29533.44,29545.81,29524.44,29525.44,1568
2026-08-05T23:30:00+00:00,29525.44,29532.69,29489.31,29489.31,3311
2026-08-05T23:35:00+00:00,29489.31,29505.69,29474.69,29490.56,3367
2026-08-05T23:40:00+00:00,29490.56,29504.56,29479.56,29483.94,1983
2026-08-05T23:45:00+00:00,29483.94,29485.69,29463.69,29470.94,4267
2026-08-05T23:50:00+00:00,29470.94,29483.19,29468.56,29475.69,4705
2026-08-05T23:55:00+00:00,29475.69,29480.94,29466.31,29480.44,4548
2026-08-06T00:00:00+00:00,29480.44,29484.56,29444.44,29467.81,13422
2026-08-06T00:05:00+00:00,29467.81,29497.81,29465.44,29492.56,10104
2026-08-06T00:10:00+00:00,29492.56,29493.69,29451.19,29477.56,8884
2026-08-06T00:15:00+00:00,29477.56,29485.44,29453.69,29485.44,9103
2026-08-06T00:20:00+00:00,29485.44,29502.94,29475.31,29501.44,9402
2026-08-06T00:25:00+00:00,29501.44,29505.06,29451.31,29457.56,8074
2026-08-06T00:30:00+00:00,29457.56,29464.31,29445.81,29452.94,8808
2026-08-06T00:35:00+00:00,29452.94,29470.56,29445.69,29455.19,7295
2026-08-06T00:40:00+00:00,29455.19,29484.19,29451.56,29456.44,6676
2026-08-06T00:45:00+00:00,29456.44,29474.94,29447.94,29461.06,8393
2026-08-06T00:50:00+00:00,29461.06,29461.19,29434.06,29438.31,5590
2026-08-06T00:55:00+00:00,29438.31,29443.81,29432.56,29435.69,6547
2026-08-06T01:00:00+00:00,29435.69,29436.94,29404.19,29408.06,8998
2026-08-06T01:05:00+00:00,29408.06,29425.69,29400.31,29414.19,7462
2026-08-06T01:10:00+00:00,29414.19,29427.44,29399.44,29419.06,8579
2026-08-06T01:15:00+00:00,29419.06,29419.56,29389.56,29393.81,8308
2026-08-06T01:20:00+00:00,29393.81,29394.19,29369.94,29383.44,7009
2026-08-06T01:25:00+00:00,29383.44,29385.81,29351.56,29370.81,6932
2026-08-06T01:30:00+00:00,29370.81,29404.19,29366.81,29383.56,9510
2026-08-06T01:35:00+00:00,29383.56,29398.19,29370.44,29397.06,8238
2026-08-06T01:40:00+00:00,29397.06,29402.19,29371.44,29371.94,6983
2026-08-06T01:45:00+00:00,29371.94,29415.19,29370.31,29411.19,8444
2026-08-06T01:50:00+00:00,29411.19,29413.69,29394.81,29408.69,7721
2026-08-06T01:55:00+00:00,29408.69,29410.69,29389.06,29395.06,7526
2026-08-06T02:00:00+00:00,29395.06,29415.31,29386.81,29402.69,7699
2026-08-06T02:05:00+00:00,29402.69,29426.06,29402.69,29425.31,6517
2026-08-06T02:10:00+00:00,29425.31,29453.44,29418.56,29438.19,7411
2026-08-06T02:15:00+00:00,29438.19,29450.69,29433.06,29447.69,6399
2026-08-06T02:20:00+00:00,29447.69,29474.81,29445.19,29464.44,5524
2026-08-06T02:25:00+00:00,29464.44,29465.19,29444.69,29445.31,6823
2026-08-06T02:30:00+00:00,29445.31,29482.31,29427.69,29475.69,6560
2026-08-06T02:35:00+00:00,29475.69,29479.69,29463.19,29472.94,5279
2026-08-06T02:40:00+00:00,29472.94,29514.69,29470.44,29513.56,4534
2026-08-06T02:45:00+00:00,29513.56,29517.44,29489.94,29501.69,5286
2026-08-06T02:50:00+00:00,29501.69,29506.94,29490.94,29497.19,4992
2026-08-06T02:55:00+00:00,29497.19,29497.19,29482.81,29490.31,5485
2026-08-06T03:00:00+00:00,29490.31,29505.56,29481.81,29502.31,5107
2026-08-06T03:05:00+00:00,29502.31,29504.06,29474.19,29477.06,5539
2026-08-06T03:10:00+00:00,29477.06,29483.31,29472.69,29475.44,4163
2026-08-06T03:15:00+00:00,29475.44,29482.31,29452.06,29452.44,5116
2026-08-06T03:20:00+00:00,29452.44,29457.94,29438.44,29440.06,4262
2026-08-06T03:25:00+00:00,29440.06,29442.19,29432.19,29439.69,4706
2026-08-06T03:30:00+00:00,29439.69,29450.69,29422.56,29436.94,6993
2026-08-06T03:35:00+00:00,29436.94,29459.31,29433.69,29453.81,7589
2026-08-06T03:40:00+00:00,29453.81,29460.06,29442.69,29450.44,6426
2026-08-06T03:45:00+00:00,29450.44,29467.06,29442.81,29465.56,5465
2026-08-06T03:50:00+00:00,29465.56,29472.31,29438.69,29449.69,5726
2026-08-06T03:55:00+00:00,29449.69,29480.31,29444.06,29477.94,6311
2026-08-06T04:00:00+00:00,29477.94,29480.31,29432.81,29445.19,5824
2026-08-06T04:05:00+00:00,29445.19,29474.69,29443.69,29464.06,4815
2026-08-06T04:10:00+00:00,29464.06,29472.19,29451.69,29453.44,4624
2026-08-06T04:15:00+00:00,29453.44,29477.44,29453.44,29467.69,5403
2026-08-06T04:20:00+00:00,29467.69,29486.69,29465.69,29485.69,4562
2026-08-06T04:25:00+00:00,29485.69,29493.69,29478.56,29482.69,4442
2026-08-06T04:30:00+00:00,29482.69,29497.06,29461.19,29467.44,6154
2026-08-06T04:35:00+00:00,29467.44,29476.31,29444.06,29446.31,5837
2026-08-06T04:40:00+00:00,29446.31,29455.94,29443.69,29452.69,4192
2026-08-06T04:45:00+00:00,29452.69,29458.69,29441.94,29447.94,4529
2026-08-06T04:50:00+00:00,29447.94,29471.06,29447.31,29469.19,5709
2026-08-06T04:55:00+00:00,29469.19,29473.56,29457.31,29472.06,5792
2026-08-06T05:00:00+00:00,29472.06,29490.44,29454.69,29479.94,8013
2026-08-06T05:05:00+00:00,29479.94,29493.06,29473.44,29477.19,6603
2026-08-06T05:10:00+00:00,29477.19,29479.19,29464.94,29478.31,5765
2026-08-06T05:15:00+00:00,29478.31,29490.19,29462.06,29474.19,6568
2026-08-06T05:20:00+00:00,29474.19,29485.44,29471.06,29482.19,6762
2026-08-06T05:25:00+00:00,29482.19,29486.44,29471.44,29476.44,6224
2026-08-06T05:30:00+00:00,29476.44,29480.31,29452.56,29461.69,6848
2026-08-06T05:35:00+00:00,29461.69,29470.94,29446.44,29455.44,5356
2026-08-06T05:40:00+00:00,29455.44,29480.06,29453.69,29479.69,5171
2026-08-06T05:45:00+00:00,29479.69,29480.69,29442.44,29445.69,5504
2026-08-06T05:50:00+00:00,29445.69,29468.19,29442.06,29461.69,5742
2026-08-06T05:55:00+00:00,29461.69,29477.81,29452.81,29475.94,5184
2026-08-06T06:00:00+00:00,29475.94,29477.19,29438.44,29447.56,6920
2026-08-06T06:05:00+00:00,29447.56,29448.19,29425.69,29428.94,5473
2026-08-06T06:10:00+00:00,29428.94,29433.06,29397.31,29403.19,5806
2026-08-06T06:15:00+00:00,29403.19,29406.69,29382.44,29390.19,6388
2026-08-06T06:20:00+00:00,29390.19,29427.56,29383.69,29423.19,5515
2026-08-06T06:25:00+00:00,29423.19,29445.44,29422.94,29443.81,4172
2026-08-06T06:30:00+00:00,29443.81,29445.31,29413.06,29425.19,5418
2026-08-06T06:35:00+00:00,29425.19,29427.94,29406.06,29406.19,4094
2026-08-06T06:40:00+00:00,29406.19,29406.19,29392.69,29402.19,3438
2026-08-06T06:45:00+00:00,29402.19,29404.31,29383.31,29389.31,4416
2026-08-06T06:50:00+00:00,29389.31,29407.81,29385.44,29407.81,4099
2026-08-06T06:55:00+00:00,29407.81,29423.81,29404.69,29418.19,4667
2026-08-06T07:00:00+00:00,29418.19,29421.56,29403.81,29414.81,9634
2026-08-06T07:05:00+00:00,29414.81,29446.81,29408.56,29433.81,6938
2026-08-06T07:10:00+00:00,29433.81,29459.56,29432.94,29448.19,5439
2026-08-06T07:15:00+00:00,29448.19,29459.19,29442.56,29455.94,4883
2026-08-06T07:20:00+00:00,29455.94,29456.69,29436.56,29436.69,5064
2026-08-06T07:25:00+00:00,29436.69,29448.69,29422.69,29434.19,5230
2026-08-06T07:30:00+00:00,29434.19,29438.56,29424.06,29430.56,5285
2026-08-06T07:35:00+00:00,29430.56,29432.44,29399.69,29408.19,5355
2026-08-06T07:40:00+00:00,29408.19,29415.31,29404.69,29414.69,4962
2026-08-06T07:45:00+00:00,29414.69,29434.94,29407.44,29429.56,6013
2026-08-06T07:50:00+00:00,29429.56,29429.56,29398.06,29403.19,4256
2026-08-06T07:55:00+00:00,29403.19,29411.94,29399.69,29403.44,4664
2026-08-06T08:00:00+00:00,29403.44,29422.19,29359.44,29378.19,8810
2026-08-06T08:05:00+00:00,29378.19,29407.69,29357.31,29360.31,7757
2026-08-06T08:10:00+00:00,29360.31,29364.31,29341.31,29357.06,7801
2026-08-06T08:15:00+00:00,29357.06,29376.44,29344.06,29366.06,8674
2026-08-06T08:20:00+00:00,29366.06,29387.81,29364.56,29381.69,6982
2026-08-06T08:25:00+00:00,29381.69,29409.81,29380.94,29405.31,7190
2026-08-06T08:30:00+00:00,29405.31,29429.31,29402.81,29421.31,6190
2026-08-06T08:35:00+00:00,29421.31,29427.69,29399.94,29410.31,5678
2026-08-06T08:40:00+00:00,29410.31,29414.81,29397.94,29400.31,4815
2026-08-06T08:45:00+00:00,29400.31,29408.19,29387.56,29397.19,5361
2026-08-06T08:50:00+00:00,29397.19,29420.69,29391.19,29419.44,5595
2026-08-06T08:55:00+00:00,29419.44,29420.56,29405.31,29414.69,4418
2026-08-06T09:00:00+00:00,29414.69,29415.06,29367.31,29371.44,5652
2026-08-06T09:05:00+00:00,29371.44,29376.44,29347.19,29351.44,5062
2026-08-06T09:10:00+00:00,29351.44,29352.06,29334.81,29345.56,5041
2026-08-06T09:15:00+00:00,29345.56,29378.56,29343.44,29369.44,4918
2026-08-06T09:20:00+00:00,29369.44,29384.06,29367.69,29375.69,4481
2026-08-06T09:25:00+00:00,29375.69,29389.81,29370.69,29379.69,4956
2026-08-06T09:30:00+00:00,29379.69,29388.19,29372.44,29379.56,4841
2026-08-06T09:35:00+00:00,29379.56,29385.19,29372.69,29380.94,4394
2026-08-06T09:40:00+00:00,29380.94,29395.69,29377.69,29385.44,4277
2026-08-06T09:45:00+00:00,29385.44,29405.69,29385.44,29405.44,4349
2026-08-06T09:50:00+00:00,29405.44,29408.31,29392.81,29407.69,3913
2026-08-06T09:55:00+00:00,29407.69,29426.94,29405.69,29423.31,3487
2026-08-06T10:00:00+00:00,29423.31,29430.56,29410.19,29412.94,4442
2026-08-06T10:05:00+00:00,29412.94,29415.81,29402.94,29405.44,3238
2026-08-06T10:10:00+00:00,29405.44,29405.81,29392.81,29400.81,3826
2026-08-06T10:15:00+00:00,29400.81,29411.06,29390.69,29406.06,4485
2026-08-06T10:20:00+00:00,29406.06,29414.19,29397.44,29412.56,4442
2026-08-06T10:25:00+00:00,29412.56,29422.69,29411.31,29413.94,3781
2026-08-06T10:30:00+00:00,29413.94,29416.19,29400.44,29403.94,3099
2026-08-06T10:35:00+00:00,29403.94,29408.19,29386.19,29386.94,3216
2026-08-06T10:40:00+00:00,29386.94,29389.94,29371.94,29376.69,3731
2026-08-06T10:45:00+00:00,29376.69,29389.81,29365.31,29386.94,3959
2026-08-06T10:50:00+00:00,29386.94,29388.44,29369.19,29372.06,3986
2026-08-06T10:55:00+00:00,29372.06,29381.81,29364.56,29381.81,3392
2026-08-06T11:00:00+00:00,29381.81,29381.81,29278.44,29294.44,11105
2026-08-06T11:05:00+00:00,29294.44,29310.81,29262.19,29308.69,9902
2026-08-06T11:10:00+00:00,29308.69,29318.69,29300.94,29316.19,8387
2026-08-06T11:15:00+00:00,29316.19,29356.31,29314.31,29354.31,7211
2026-08-06T11:20:00+00:00,29354.31,29357.81,29341.19,29350.06,6728
2026-08-06T11:25:00+00:00,29350.06,29371.06,29345.56,29365.81,5425
2026-08-06T11:30:00+00:00,29365.81,29400.06,29365.69,29389.06,6561
2026-08-06T11:35:00+00:00,29389.06,29405.44,29385.19,29394.94,6156
2026-08-06T11:40:00+00:00,29394.94,29411.69,29387.56,29390.69,6560
2026-08-06T11:45:00+00:00,29390.69,29407.44,29347.56,29353.69,8441
2026-08-06T11:50:00+00:00,29353.69,29356.44,29336.56,29349.06,6996
2026-08-06T11:55:00+00:00,29349.06,29372.69,29346.06,29363.44,7820
2026-08-06T12:00:00+00:00,29363.44,29371.94,29321.44,29335.06,8498
2026-08-06T12:05:00+00:00,29335.06,29342.31,29314.44,29321.69,8557
2026-08-06T12:10:00+00:00,29321.69,29325.94,29306.69,29308.56,6430
2026-08-06T12:15:00+00:00,29308.56,29316.56,29285.56,29291.94,6115
2026-08-06T12:20:00+00:00,29291.94,29340.44,29291.19,29331.56,7017
2026-08-06T12:25:00+00:00,29331.56,29347.81,29327.51,29327.51,6093
2026-08-06T12:30:00+00:00,29327.51,29343.44,29310.01,29333.69,7357
2026-08-06T12:35:00+00:00,29333.69,29358.81,29331.81,29349.19,6483
2026-08-06T12:40:00+00:00,29349.19,29349.69,29321.01,29328.56,6429
2026-08-06T12:45:00+00:00,29328.56,29335.44,29315.31,29329.81,7367
2026-08-06T12:50:00+00:00,29329.81,29335.56,29312.81,29315.44,6781
2026-08-06T12:55:00+00:00,29315.44,29318.94,29286.81,29297.19,7610
2026-08-06T13:00:00+00:00,29297.19,29300.44,29271.81,29277.06,9948
2026-08-06T13:05:00+00:00,29277.06,29277.56,29248.94,29258.44,9280
2026-08-06T13:10:00+00:00,29258.44,29266.31,29247.94,29247.94,8184
2026-08-06T13:15:00+00:00,29247.94,29257.56,29234.19,29245.69,10785
2026-08-06T13:20:00+00:00,29245.69,29263.56,29240.56,29254.31,9949
2026-08-06T13:25:00+00:00,29254.31,29254.31,29224.56,29232.06,11893
2026-08-06T13:30:00+00:00,29232.06,29266.09,29138.96,29238.59,55748
2026-08-06T13:35:00+00:00,29238.59,29345.21,29221.34,29283.34,57587
2026-08-06T13:40:00+00:00,29283.34,29370.21,29274.84,29355.46,57124
2026-08-06T13:45:00+00:00,29355.46,29431.09,29345.71,29423.59,47405
2026-08-06T13:50:00+00:00,29423.59,29446.96,29388.34,29398.84,45652
2026-08-06T13:55:00+00:00,29398.84,29434.59,29384.34,29424.71,50430
2026-08-06T14:00:00+00:00,29424.71,29454.59,29385.59,29414.84,47550
2026-08-06T14:05:00+00:00,29414.84,29480.71,29405.34,29472.84,39087
2026-08-06T14:10:00+00:00,29472.84,29515.96,29472.84,29505.34,30505
2026-08-06T14:15:00+00:00,29505.34,29549.59,29485.59,29537.84,32886
2026-08-06T14:20:00+00:00,29537.84,29563.34,29527.84,29529.84,29992
2026-08-06T14:25:00+00:00,29529.84,29537.59,29463.59,29482.84,48050
2026-08-06T14:30:00+00:00,29482.84,29535.34,29474.09,29529.59,38990
2026-08-06T14:35:00+00:00,29529.59,29547.34,29448.09,29450.21,35762
2026-08-06T14:40:00+00:00,29450.21,29519.34,29444.84,29479.96,34690
2026-08-06T14:45:00+00:00,29479.96,29482.59,29431.46,29455.96,35744
2026-08-06T14:50:00+00:00,29455.96,29511.71,29447.34,29511.71,36648
2026-08-06T14:55:00+00:00,29511.71,29555.96,29497.46,29554.21,31790
2026-08-06T15:00:00+00:00,29554.21,29574.84,29497.21,29509.71,33629
2026-08-06T15:05:00+00:00,29509.71,29571.59,29509.71,29569.09,31864
2026-08-06T15:10:00+00:00,29569.09,29583.21,29538.59,29543.46,24042
2026-08-06T15:15:00+00:00,29543.46,29559.71,29477.59,29478.21,30296
2026-08-06T15:20:00+00:00,29478.21,29502.09,29462.09,29474.84,36116
2026-08-06T15:25:00+00:00,29474.84,29508.09,29462.96,29505.21,30113
2026-08-06T15:30:00+00:00,29505.21,29523.46,29450.34,29450.34,26921
2026-08-06T15:35:00+00:00,29450.34,29477.09,29438.09,29462.21,28007
2026-08-06T15:40:00+00:00,29462.21,29481.59,29430.59,29432.71,24725
2026-08-06T15:45:00+00:00,29432.71,29510.09,29428.96,29487.34,24630
2026-08-06T15:50:00+00:00,29487.34,29521.34,29420.21,29423.84,27656
2026-08-06T15:55:00+00:00,29423.84,29452.46,29403.34,29412.34,29867
2026-08-06T16:00:00+00:00,29412.34,29420.09,29376.09,29399.59,27637
2026-08-06T16:05:00+00:00,29399.59,29438.84,29391.71,29423.09,27032
2026-08-06T16:10:00+00:00,29423.09,29438.34,29381.59,29385.09,21371
2026-08-06T16:15:00+00:00,29385.09,29401.21,29354.09,29391.46,28812
2026-08-06T16:20:00+00:00,29391.46,29395.59,29346.84,29383.84,25334
2026-08-06T16:25:00+00:00,29383.84,29389.59,29362.46,29368.59,24905
2026-08-06T16:30:00+00:00,29368.59,29403.96,29359.59,29376.59,23271
2026-08-06T16:35:00+00:00,29376.59,29419.46,29364.84,29419.34,19295
2026-08-06T16:40:00+00:00,29419.34,29424.46,29374.84,29375.59,19917
2026-08-06T16:45:00+00:00,29375.59,29411.34,29366.09,29410.96,20890
2026-08-06T16:50:00+00:00,29410.96,29430.59,29401.96,29407.59,19004
2026-08-06T16:55:00+00:00,29407.59,29454.84,29406.59,29454.09,16114
2026-08-06T17:00:00+00:00,29454.09,29470.34,29439.59,29443.84,18508
2026-08-06T17:05:00+00:00,29443.84,29471.09,29429.09,29437.21,17384
2026-08-06T17:10:00+00:00,29437.21,29446.46,29416.34,29421.59,16355
2026-08-06T17:15:00+00:00,29421.59,29448.34,29409.46,29439.84,15931
2026-08-06T17:20:00+00:00,29439.84,29447.34,29417.09,29420.59,15022
2026-08-06T17:25:00+00:00,29420.59,29446.59,29420.59,29424.84,14970
2026-08-06T17:30:00+00:00,29424.84,29439.84,29419.21,29428.59,13247
2026-08-06T17:35:00+00:00,29428.59,29439.34,29407.26,29409.09,13095
2026-08-06T17:40:00+00:00,29409.09,29417.34,29390.96,29406.96,14804
2026-08-06T17:45:00+00:00,29406.96,29418.59,29394.46,29394.46,13970
2026-08-06T17:50:00+00:00,29394.46,29426.09,29391.71,29418.96,13487
2026-08-06T17:55:00+00:00,29418.96,29429.34,29407.09,29425.71,10861
2026-08-06T18:00:00+00:00,29425.71,29434.59,29405.34,29428.34,13814
2026-08-06T18:05:00+00:00,29428.34,29436.46,29415.09,29431.09,12631
2026-08-06T18:10:00+00:00,29431.09,29442.96,29416.59,29440.09,11481
2026-08-06T18:15:00+00:00,29440.09,29468.21,29396.71,29450.59,18068
2026-08-06T18:20:00+00:00,29450.59,29472.59,29447.21,29465.59,11539
2026-08-06T18:25:00+00:00,29465.59,29468.84,29444.84,29454.21,12102
2026-08-06T18:30:00+00:00,29454.21,29457.34,29429.09,29431.84,10936
2026-08-06T18:35:00+00:00,29431.84,29443.96,29412.09,29415.34,9511
2026-08-06T18:40:00+00:00,29415.34,29421.09,29398.34,29418.09,10610
2026-08-06T18:45:00+00:00,29418.09,29433.96,29407.46,29409.34,11191
2026-08-06T18:50:00+00:00,29409.34,29418.59,29403.46,29410.71,9855
2026-08-06T18:55:00+00:00,29410.71,29426.96,29405.46,29411.96,10301
2026-08-06T19:00:00+00:00,29411.96,29461.09,29407.46,29459.71,12124
2026-08-06T19:05:00+00:00,29459.71,29465.84,29431.71,29462.34,10940
2026-08-06T19:10:00+00:00,29462.34,29467.21,29430.09,29433.09,10359
2026-08-06T19:15:00+00:00,29433.09,29436.34,29421.96,29425.34,9811
2026-08-06T19:20:00+00:00,29425.34,29448.09,29405.21,29406.21,10375
2026-08-06T19:25:00+00:00,29406.21,29421.84,29394.84,29404.59,15815
2026-08-06T19:30:00+00:00,29404.59,29442.09,29387.46,29435.09,14916
2026-08-06T19:35:00+00:00,29435.09,29435.34,29406.59,29406.96,10621
2026-08-06T19:40:00+00:00,29406.96,29411.46,29389.71,29401.34,12740
2026-08-06T19:45:00+00:00,29401.34,29408.34,29384.84,29405.59,13967
2026-08-06T19:50:00+00:00,29405.59,29432.46,29372.59,29428.34,18941
2026-08-06T19:55:00+00:00,29428.34,29428.34,29375.96,29394.71,20701
2026-08-06T20:00:00+00:00,29394.71,29444.19,29393.69,29436.06,10494
2026-08-06T20:05:00+00:00,29436.06,29447.44,29432.06,29444.44,5082
2026-08-06T20:10:00+00:00,29444.44,29447.69,29429.44,29433.06,4872
2026-08-06T20:15:00+00:00,29433.06,29445.31,29412.31,29420.19,4851
2026-08-06T20:20:00+00:00,29420.19,29428.94,29391.44,29393.19,4038
2026-08-06T20:25:00+00:00,29393.19,29401.81,29379.69,29390.06,4199
2026-08-06T20:30:00+00:00,29390.06,29401.31,29378.06,29398.94,3578
2026-08-06T20:35:00+00:00,29398.94,29399.81,29378.56,29388.06,2462
2026-08-06T20:40:00+00:00,29388.06,29396.19,29386.06,29391.19,2752
2026-08-06T20:45:00+00:00,29391.19,29395.44,29385.06,29392.94,2698
2026-08-06T20:50:00+00:00,29392.94,29396.44,29390.19,29393.06,2034
2026-08-06T20:55:00+00:00,29393.06,29402.14,29392.19,29400.88,2097
2026-08-06T22:00:00+00:00,29400.88,29428.01,29394.83,29420.63,2192
2026-08-06T22:05:00+00:00,29420.63,29449.13,29420.63,29449.13,1380
2026-08-06T22:10:00+00:00,29449.13,29478.08,29443.63,29472.33,1352
2026-08-06T22:15:00+00:00,29472.33,29478.63,29466.58,29467.83,1120
2026-08-06T22:20:00+00:00,29467.83,29470.38,29448.38,29455.26,1227
2026-08-06T22:25:00+00:00,29455.26,29468.76,29444.13,29449.88,1715
2026-08-06T22:30:00+00:00,29449.88,29451.01,29429.88,29439.51,2668
2026-08-06T22:35:00+00:00,29439.51,29442.13,29436.26,29440.13,1250
2026-08-06T22:40:00+00:00,29440.13,29462.01,29439.51,29453.88,2612
2026-08-06T22:45:00+00:00,29453.88,29458.26,29447.76,29449.88,1250
2026-08-06T22:50:00+00:00,29449.88,29459.76,29449.13,29456.01,1423
2026-08-06T22:55:00+00:00,29456.01,29468.01,29454.76,29465.51,1297
2026-08-06T23:00:00+00:00,29465.51,29470.26,29462.51,29465.63,1504
2026-08-06T23:05:00+00:00,29465.63,29466.76,29454.88,29459.01,1262
2026-08-06T23:10:00+00:00,29459.01,29461.76,29456.63,29458.51,949
2026-08-06T23:15:00+00:00,29458.51,29495.88,29458.51,29473.01,1407
2026-08-06T23:20:00+00:00,29473.01,29490.38,29472.76,29490.26,1937
2026-08-06T23:25:00+00:00,29490.26,29496.51,29470.76,29473.63,2062
2026-08-06T23:30:00+00:00,29473.63,29487.51,29470.76,29487.51,1372
2026-08-06T23:35:00+00:00,29487.51,29488.51,29471.76,29479.88,1283
2026-08-06T23:40:00+00:00,29479.88,29483.76,29463.26,29482.38,1744
2026-08-06T23:45:00+00:00,29482.38,29496.01,29475.63,29495.88,3253
2026-08-06T23:50:00+00:00,29495.88,29502.01,29488.01,29491.76,4255
2026-08-06T23:55:00+00:00,29491.76,29497.13,29487.88,29494.88,4229
2026-08-07T00:00:00+00:00,29494.88,29514.63,29479.38,29511.26,11887
2026-08-07T00:05:00+00:00,29511.26,29518.88,29479.38,29479.88,6720
2026-08-07T00:10:00+00:00,29479.88,29486.88,29463.26,29474.38,7909
2026-08-07T00:15:00+00:00,29474.38,29475.63,29419.26,29428.63,9771
2026-08-07T00:20:00+00:00,29428.63,29428.88,29398.26,29410.38,9757
2026-08-07T00:25:00+00:00,29410.38,29426.26,29404.88,29413.38,8181
2026-08-07T00:30:00+00:00,29413.38,29473.51,29401.51,29471.26,8523
2026-08-07T00:35:00+00:00,29471.26,29474.51,29418.76,29444.63,7387
2026-08-07T00:40:00+00:00,29444.63,29450.63,29406.88,29440.51,6824
2026-08-07T00:45:00+00:00,29440.51,29456.13,29404.01,29413.26,7173
2026-08-07T00:50:00+00:00,29413.26,29461.38,29405.88,29449.76,6982
2026-08-07T00:55:00+00:00,29449.76,29473.13,29429.26,29461.63,7653
2026-08-07T01:00:00+00:00,29461.63,29481.63,29456.76,29469.38,10237
2026-08-07T01:05:00+00:00,29469.38,29475.51,29454.38,29460.51,8819
2026-08-07T01:10:00+00:00,29460.51,29464.63,29415.51,29425.01,6981
2026-08-07T01:15:00+00:00,29425.01,29433.26,29403.13,29408.13,6475
2026-08-07T01:20:00+00:00,29408.13,29408.76,29383.63,29395.63,6552
2026-08-07T01:25:00+00:00,29395.63,29434.51,29386.76,29429.13,7627
2026-08-07T01:30:00+00:00,29429.13,29480.88,29427.01,29451.76,10012
2026-08-07T01:35:00+00:00,29451.76,29453.26,29399.88,29400.26,9207
2026-08-07T01:40:00+00:00,29400.26,29422.26,29394.26,29421.88,9974
2026-08-07T01:45:00+00:00,29421.88,29439.63,29402.38,29433.13,10030
2026-08-07T01:50:00+00:00,29433.13,29433.26,29406.26,29423.88,9305
2026-08-07T01:55:00+00:00,29423.88,29436.76,29415.63,29426.63,7758
2026-08-07T02:00:00+00:00,29426.63,29446.88,29419.63,29442.76,9054
2026-08-07T02:05:00+00:00,29442.76,29448.38,29408.51,29410.88,6559
2026-08-07T02:10:00+00:00,29410.88,29438.51,29389.88,29430.76,6402
2026-08-07T02:15:00+00:00,29430.76,29439.51,29426.76,29437.01,4629
2026-08-07T02:20:00+00:00,29437.01,29441.76,29415.38,29439.01,5312
2026-08-07T02:25:00+00:00,29439.01,29439.51,29420.26,29425.13,5577
2026-08-07T02:30:00+00:00,29425.13,29427.88,29403.38,29405.01,5572
2026-08-07T02:35:00+00:00,29405.01,29417.13,29381.38,29385.51,5487
2026-08-07T02:40:00+00:00,29385.51,29404.26,29376.38,29399.38,5697
2026-08-07T02:45:00+00:00,29399.38,29434.38,29393.76,29434.38,5387
2026-08-07T02:50:00+00:00,29434.38,29435.38,29427.01,29431.26,3396
2026-08-07T02:55:00+00:00,29431.26,29433.51,29423.88,29426.51,3972
2026-08-07T03:00:00+00:00,29426.51,29446.76,29425.63,29439.26,3915
2026-08-07T03:05:00+00:00,29439.26,29446.76,29434.38,29442.51,3680
2026-08-07T03:10:00+00:00,29442.51,29445.26,29428.63,29430.01,3234
2026-08-07T03:15:00+00:00,29430.01,29433.88,29398.01,29399.26,4577
2026-08-07T03:20:00+00:00,29399.26,29407.63,29392.13,29406.88,4043
2026-08-07T03:25:00+00:00,29406.88,29413.38,29395.26,29403.76,3948
2026-08-07T03:30:00+00:00,29403.76,29422.63,29398.88,29402.13,6361
2026-08-07T03:35:00+00:00,29402.13,29419.76,29399.26,29401.51,4995
2026-08-07T03:40:00+00:00,29401.51,29409.63,29396.88,29406.63,4709
2026-08-07T03:45:00+00:00,29406.63,29410.88,29391.63,29408.38,3417
2026-08-07T03:50:00+00:00,29408.38,29412.26,29391.51,29394.51,3901
2026-08-07T03:55:00+00:00,29394.51,29394.51,29385.63,29388.38,3520
2026-08-07T04:00:00+00:00,29388.38,29389.63,29380.63,29384.63,4445
2026-08-07T04:05:00+00:00,29384.63,29397.13,29382.63,29393.01,3549
2026-08-07T04:10:00+00:00,29393.01,29400.51,29376.13,29378.38,4849
2026-08-07T04:15:00+00:00,29378.38,29384.76,29356.26,29384.38,5241
2026-08-07T04:20:00+00:00,29384.38,29416.88,29383.63,29411.51,4659
2026-08-07T04:25:00+00:00,29411.51,29412.51,29392.38,29408.51,4014
2026-08-07T04:30:00+00:00,29408.51,29424.63,29400.51,29413.88,4957
2026-08-07T04:35:00+00:00,29413.88,29416.13,29396.01,29401.01,3968
2026-08-07T04:40:00+00:00,29401.01,29401.63,29392.63,29395.26,3795
2026-08-07T04:45:00+00:00,29395.26,29405.26,29391.01,29400.63,3256
2026-08-07T04:50:00+00:00,29400.63,29408.13,29389.01,29407.63,2953
2026-08-07T04:55:00+00:00,29407.63,29413.51,29402.88,29409.76,3549
2026-08-07T05:00:00+00:00,29409.76,29431.26,29405.76,29428.26,4656
2026-08-07T05:05:00+00:00,29428.26,29456.63,29427.13,29441.01,4060
2026-08-07T05:10:00+00:00,29441.01,29448.38,29434.51,29438.13,5106
2026-08-07T05:15:00+00:00,29438.13,29449.51,29437.63,29444.13,3511
2026-08-07T05:20:00+00:00,29444.13,29453.88,29437.88,29443.51,4210
2026-08-07T05:25:00+00:00,29443.51,29454.63,29442.01,29447.26,4121
2026-08-07T05:30:00+00:00,29447.26,29450.63,29434.63,29434.88,3998
2026-08-07T05:35:00+00:00,29434.88,29438.63,29427.63,29429.38,3414
2026-08-07T05:40:00+00:00,29429.38,29439.38,29420.13,29433.88,3690
2026-08-07T05:45:00+00:00,29433.88,29434.38,29425.76,29433.26,3965
2026-08-07T05:50:00+00:00,29433.26,29438.63,29428.01,29436.26,3637
2026-08-07T05:55:00+00:00,29436.26,29437.38,29422.13,29422.88,3122
2026-08-07T06:00:00+00:00,29422.88,29446.88,29420.63,29441.01,5024
2026-08-07T06:05:00+00:00,29441.01,29460.13,29440.38,29453.13,3885
2026-08-07T06:10:00+00:00,29453.13,29464.01,29452.88,29459.01,3261
2026-08-07T06:15:00+00:00,29459.01,29462.13,29447.88,29452.63,3523
2026-08-07T06:20:00+00:00,29452.63,29469.63,29444.38,29469.63,3212
2026-08-07T06:25:00+00:00,29469.63,29483.51,29460.38,29480.51,3881
2026-08-07T06:30:00+00:00,29480.51,29481.76,29465.88,29470.88,4567
2026-08-07T06:35:00+00:00,29470.88,29474.88,29464.01,29465.13,3042
2026-08-07T06:40:00+00:00,29465.13,29466.13,29439.88,29445.51,3594
2026-08-07T06:45:00+00:00,29445.51,29448.01,29437.88,29442.38,2629
2026-08-07T06:50:00+00:00,29442.38,29444.76,29439.01,29443.01,1979
2026-08-07T06:55:00+00:00,29443.01,29454.76,29440.88,29452.88,2895
2026-08-07T07:00:00+00:00,29452.88,29457.63,29432.26,29437.01,7820
2026-08-07T07:05:00+00:00,29437.01,29478.13,29437.01,29476.51,5416
2026-08-07T07:10:00+00:00,29476.51,29491.88,29473.51,29491.88,4117
2026-08-07T07:15:00+00:00,29491.88,29492.51,29480.63,29486.13,3470
2026-08-07T07:20:00+00:00,29486.13,29486.38,29475.38,29480.63,3965
2026-08-07T07:25:00+00:00,29480.63,29491.26,29476.38,29487.88,3728
2026-08-07T07:30:00+00:00,29487.88,29489.76,29471.01,29475.26,4038
2026-08-07T07:35:00+00:00,29475.26,29481.88,29472.51,29474.63,4076
2026-08-07T07:40:00+00:00,29474.63,29491.38,29474.63,29483.63,3914
2026-08-07T07:45:00+00:00,29483.63,29486.76,29471.51,29480.26,3975
2026-08-07T07:50:00+00:00,29480.26,29481.13,29462.88,29481.13,3416
2026-08-07T07:55:00+00:00,29481.13,29488.88,29480.01,29483.88,3154
2026-08-07T08:00:00+00:00,29483.88,29513.01,29483.51,29498.76,5377
2026-08-07T08:05:00+00:00,29498.76,29513.01,29496.88,29509.26,5181
2026-08-07T08:10:00+00:00,29509.26,29526.38,29507.76,29524.76,3846
2026-08-07T08:15:00+00:00,29524.76,29528.51,29501.76,29502.76,4071
2026-08-07T08:20:00+00:00,29502.76,29520.51,29499.76,29514.51,4386
2026-08-07T08:25:00+00:00,29514.51,29529.38,29514.51,29524.51,4274
2026-08-07T08:30:00+00:00,29524.51,29547.13,29520.88,29536.51,3755
2026-08-07T08:35:00+00:00,29536.51,29538.88,29510.13,29519.51,4337
2026-08-07T08:40:00+00:00,29519.51,29532.13,29512.01,29526.51,3210
2026-08-07T08:45:00+00:00,29526.51,29535.88,29516.51,29523.38,3521
2026-08-07T08:50:00+00:00,29523.38,29524.26,29515.13,29517.76,3382
2026-08-07T08:55:00+00:00,29517.76,29538.13,29516.76,29533.01,3372
2026-08-07T09:00:00+00:00,29533.01,29547.88,29527.13,29537.88,4031
2026-08-07T09:05:00+00:00,29537.88,29541.88,29526.38,29534.76,3269
2026-08-07T09:10:00+00:00,29534.76,29544.26,29528.51,29541.76,3347
2026-08-07T09:15:00+00:00,29541.76,29546.63,29526.38,29527.26,3239
2026-08-07T09:20:00+00:00,29527.26,29545.88,29524.63,29544.51,3613
2026-08-07T09:25:00+00:00,29544.51,29549.38,29530.51,29534.01,3063
2026-08-07T09:30:00+00:00,29534.01,29547.13,29530.13,29534.26,3268
2026-08-07T09:35:00+00:00,29534.26,29544.26,29533.76,29536.76,2848
2026-08-07T09:40:00+00:00,29536.76,29536.76,29520.88,29529.01,2861
2026-08-07T09:45:00+00:00,29529.01,29535.88,29522.76,29526.88,3532
2026-08-07T09:50:00+00:00,29526.88,29532.88,29522.51,29528.13,3166
2026-08-07T09:55:00+00:00,29528.13,29528.63,29516.63,29517.88,3399
2026-08-07T10:00:00+00:00,29517.88,29528.13,29514.51,29523.26,3550
2026-08-07T10:05:00+00:00,29523.26,29527.26,29513.26,29514.01,3897
2026-08-07T10:10:00+00:00,29514.01,29522.51,29509.51,29509.51,3992
2026-08-07T10:15:00+00:00,29509.51,29513.88,29500.76,29506.38,2932
2026-08-07T10:20:00+00:00,29506.38,29507.63,29492.51,29504.13,2493
2026-08-07T10:25:00+00:00,29504.13,29521.51,29504.13,29521.01,2861
2026-08-07T10:30:00+00:00,29521.01,29521.51,29510.63,29515.76,2724
2026-08-07T10:35:00+00:00,29515.76,29521.38,29511.26,29520.38,2977
2026-08-07T10:40:00+00:00,29520.38,29525.13,29516.51,29522.26,2527
2026-08-07T10:45:00+00:00,29522.26,29523.51,29508.76,29516.63,2901
2026-08-07T10:50:00+00:00,29516.63,29522.13,29503.63,29505.88,2806
2026-08-07T10:55:00+00:00,29505.88,29508.13,29502.51,29507.38,2646
2026-08-07T11:00:00+00:00,29507.38,29541.13,29507.38,29535.13,5563
2026-08-07T11:05:00+00:00,29535.13,29544.88,29530.13,29539.13,4152
2026-08-07T11:10:00+00:00,29539.13,29548.01,29535.76,29537.76,3642
2026-08-07T11:15:00+00:00,29537.76,29546.51,29537.01,29540.01,3521
2026-08-07T11:20:00+00:00,29540.01,29547.38,29538.63,29545.63,3347
2026-08-07T11:25:00+00:00,29545.63,29561.26,29545.63,29553.38,3426
2026-08-07T11:30:00+00:00,29553.38,29556.88,29547.63,29556.01,3182
2026-08-07T11:35:00+00:00,29556.01,29565.26,29549.01,29560.63,3660
2026-08-07T11:40:00+00:00,29560.63,29569.63,29559.01,29566.01,3316
2026-08-07T11:45:00+00:00,29566.01,29566.76,29559.63,29562.01,2562
2026-08-07T11:50:00+00:00,29562.01,29563.51,29537.26,29539.01,4099
2026-08-07T11:55:00+00:00,29539.01,29543.88,29513.01,29514.51,5069
2026-08-07T12:00:00+00:00,29514.51,29571.51,29505.26,29549.88,6681
2026-08-07T12:05:00+00:00,29549.88,29552.51,29533.88,29544.26,4722
2026-08-07T12:10:00+00:00,29544.26,29564.76,29541.13,29558.88,4320
2026-08-07T12:15:00+00:00,29558.88,29571.26,29555.76,29555.76,4678
2026-08-07T12:20:00+00:00,29555.76,29559.88,29539.76,29555.51,5009
2026-08-07T12:25:00+00:00,29555.51,29584.63,29527.33,29564.58,5240
2026-08-07T12:30:00+00:00,29564.58,29666.83,29560.58,29653.76,18377
2026-08-07T12:35:00+00:00,29653.76,29698.76,29638.38,29697.38,14734
2026-08-07T12:40:00+00:00,29697.38,29713.63,29686.88,29702.13,10662
2026-08-07T12:45:00+00:00,29702.13,29753.88,29702.13,29747.01,8878
2026-08-07T12:50:00+00:00,29747.01,29767.13,29744.88,29748.88,7208
2026-08-07T12:55:00+00:00,29748.88,29749.26,29734.26,29743.76,9283
2026-08-07T13:00:00+00:00,29743.76,29750.51,29685.01,29686.51,12043
2026-08-07T13:05:00+00:00,29686.51,29704.38,29663.76,29680.26,10506
2026-08-07T13:10:00+00:00,29680.26,29683.01,29635.38,29640.76,10927
2026-08-07T13:15:00+00:00,29640.76,29644.88,29614.63,29632.51,11500
2026-08-07T13:20:00+00:00,29632.51,29635.51,29620.51,29629.26,10094
2026-08-07T13:25:00+00:00,29629.26,29633.38,29587.63,29613.26,12861
2026-08-07T13:30:00+00:00,29613.26,29712.91,29585.91,29705.66,59136
2026-08-07T13:35:00+00:00,29705.66,29709.16,29599.41,29632.53,58503
2026-08-07T13:40:00+00:00,29632.53,29695.78,29606.91,29688.53,54176
2026-08-07T13:45:00+00:00,29688.53,29717.91,29610.78,29673.41,55854
2026-08-07T13:50:00+00:00,29673.41,29699.78,29646.28,29654.78,52177
2026-08-07T13:55:00+00:00,29654.78,29660.78,29544.91,29579.91,55492
2026-08-07T14:00:00+00:00,29579.91,29609.91,29518.41,29519.66,51119
2026-08-07T14:05:00+00:00,29519.66,29583.41,29515.16,29532.03,48499
2026-08-07T14:10:00+00:00,29532.03,29546.91,29465.16,29484.66,51227
2026-08-07T14:15:00+00:00,29484.66,29619.41,29471.03,29619.41,52681
2026-08-07T14:20:00+00:00,29619.41,29643.91,29590.28,29602.41,44892
2026-08-07T14:25:00+00:00,29602.41,29679.41,29601.91,29662.53,35512
2026-08-07T14:30:00+00:00,29662.53,29674.28,29615.16,29631.91,40671
2026-08-07T14:35:00+00:00,29631.91,29643.66,29572.16,29578.41,41290
2026-08-07T14:40:00+00:00,29578.41,29618.53,29562.41,29577.41,40209
2026-08-07T14:45:00+00:00,29577.41,29631.53,29569.78,29608.16,37127
2026-08-07T14:50:00+00:00,29608.16,29626.41,29569.53,29582.16,36270
2026-08-07T14:55:00+00:00,29582.16,29632.91,29576.91,29621.16,30954
2026-08-07T15:00:00+00:00,29621.16,29647.66,29610.53,29644.66,27746
2026-08-07T15:05:00+00:00,29644.66,29668.91,29642.03,29656.91,21802
2026-08-07T15:10:00+00:00,29656.91,29682.91,29639.53,29660.41,23491
2026-08-07T15:15:00+00:00,29660.41,29667.53,29647.41,29658.66,20350
2026-08-07T15:20:00+00:00,29658.66,29698.78,29653.91,29696.28,17787
2026-08-07T15:25:00+00:00,29696.28,29729.16,29694.78,29726.66,15395
2026-08-07T15:30:00+00:00,29726.66,29755.03,29726.66,29740.53,15479
2026-08-07T15:35:00+00:00,29740.53,29743.53,29719.66,29725.41,17653
2026-08-07T15:40:00+00:00,29725.41,29737.41,29695.41,29712.16,19103
2026-08-07T15:45:00+00:00,29712.16,29734.16,29704.03,29731.03,17214
2026-08-07T15:50:00+00:00,29731.03,29743.28,29697.78,29716.16,15557
2026-08-07T15:55:00+00:00,29716.16,29721.91,29697.16,29714.28,15655
2026-08-07T16:00:00+00:00,29714.28,29720.53,29695.78,29712.53,18368
2026-08-07T16:05:00+00:00,29712.53,29730.28,29710.41,29725.41,13571
2026-08-07T16:10:00+00:00,29725.41,29729.28,29699.03,29701.41,12099
2026-08-07T16:15:00+00:00,29701.41,29718.41,29688.16,29694.78,13800
2026-08-07T16:20:00+00:00,29694.78,29715.41,29647.41,29648.78,18143
2026-08-07T16:25:00+00:00,29648.78,29653.41,29590.16,29614.41,26155
2026-08-07T16:30:00+00:00,29614.41,29638.78,29572.41,29636.66,28473
2026-08-07T16:35:00+00:00,29636.66,29657.16,29619.91,29652.66,20001
2026-08-07T16:40:00+00:00,29652.66,29660.66,29635.66,29654.78,16693
2026-08-07T16:45:00+00:00,29654.78,29673.53,29654.66,29668.53,12242
2026-08-07T16:50:00+00:00,29668.53,29680.78,29641.53,29646.91,13128
2026-08-07T16:55:00+00:00,29646.91,29664.66,29639.53,29640.16,12856
2026-08-07T17:00:00+00:00,29640.16,29657.91,29627.91,29645.41,16402
2026-08-07T17:05:00+00:00,29645.41,29668.41,29643.28,29665.28,12946
2026-08-07T17:10:00+00:00,29665.28,29667.53,29634.78,29636.16,11338
2026-08-07T17:15:00+00:00,29636.16,29659.91,29632.03,29656.91,11237
2026-08-07T17:20:00+00:00,29656.91,29664.66,29632.91,29633.03,11446
2026-08-07T17:25:00+00:00,29633.03,29656.03,29627.53,29648.28,9669
2026-08-07T17:30:00+00:00,29648.28,29654.91,29627.66,29636.66,11246
2026-08-07T17:35:00+00:00,29636.66,29664.53,29634.78,29662.41,8973
2026-08-07T17:40:00+00:00,29662.41,29663.41,29640.03,29646.03,9261
2026-08-07T17:45:00+00:00,29646.03,29655.53,29641.03,29646.78,7955
2026-08-07T17:50:00+00:00,29646.78,29659.28,29636.16,29651.78,8506
2026-08-07T17:55:00+00:00,29651.78,29658.03,29643.78,29644.03,7253
2026-08-07T18:00:00+00:00,29644.03,29654.78,29642.03,29647.28,8981
2026-08-07T18:05:00+00:00,29647.28,29653.28,29635.16,29644.03,8231
2026-08-07T18:10:00+00:00,29644.03,29647.78,29613.91,29621.28,8264
2026-08-07T18:15:00+00:00,29621.28,29634.53,29616.91,29628.03,9392
2026-08-07T18:20:00+00:00,29628.03,29632.149999999998,29613.649999999998,29619.28,7859
2026-08-07T18:25:00+00:00,29619.28,29623.28,29604.78,29607.399999999998,8318
2026-08-07T18:30:00+00:00,29607.399999999998,29625.899999999998,29602.78,29605.649999999998,9737
2026-08-07T18:35:00+00:00,29605.649999999998,29612.149999999998,29592.899999999998,29600.03,8999
2026-08-07T18:40:00+00:00,29600.03,29603.03,29581.149999999998,29582.899999999998,8630
2026-08-07T18:45:00+00:00,29582.899999999998,29602.649999999998,29578.649999999998,29601.149999999998,9308
2026-08-07T18:50:00+00:00,29601.149999999998,29613.03,29597.53,29598.899999999998,7472
2026-08-07T18:55:00+00:00,29598.899999999998,29626.03,29591.78,29626.03,7671
2026-08-07T19:00:00+00:00,29626.03,29673.03,29625.45,29647.53,13000
2026-08-07T19:05:00+00:00,29647.53,29695.28,29646.28,29694.399999999998,10640
2026-08-07T19:10:00+00:00,29694.399999999998,29711.149999999998,29693.649999999998,29701.399999999998,10818
2026-08-07T19:15:00+00:00,29701.399999999998,29723.899999999998,29693.649999999998,29694.78,12945
2026-08-07T19:20:00+00:00,29694.78,29716.28,29694.78,29699.78,11607
2026-08-07T19:25:00+00:00,29699.78,29712.78,29697.53,29712.399999999998,9832
2026-08-07T19:30:00+00:00,29712.399999999998,29712.649999999998,29678.399999999998,29680.28,13735
2026-08-07T19:35:00+00:00,29680.28,29702.53,29675.899999999998,29696.899999999998,10289
2026-08-07T19:40:00+00:00,29696.899999999998,29698.899999999998,29675.149999999998,29681.03,9640
2026-08-07T19:45:00+00:00,29681.03,29697.78,29680.03,29692.28,10051
2026-08-07T19:50:00+00:00,29692.28,29734.649999999998,29692.28,29729.899999999998,11008
2026-08-07T19:55:00+00:00,29729.899999999998,29761.399999999998,29720.03,29736.149999999998,18975
2026-08-07T20:00:00+00:00,29736.149999999998,29751.379999999997,29715.129999999997,29716.379999999997,9084
2026-08-07T20:05:00+00:00,29716.379999999997,29723.379999999997,29708.629999999997,29710.379999999997,3962
2026-08-07T20:10:00+00:00,29710.379999999997,29724,29706.629999999997,29721.129999999997,3560
2026-08-07T20:15:00+00:00,29721.129999999997,29730,29716.76,29717.38,2719
2026-08-07T20:20:00+00:00,29717.38,29718.38,29705.76,29711.13,1757
2026-08-07T20:25:00+00:00,29711.13,29713.26,29704.13,29705.26,1483
2026-08-07T20:30:00+00:00,29705.26,29717.38,29702.88,29717.13,1069
2026-08-07T20:35:00+00:00,29717.13,29723.76,29715.76,29720.26,1413
2026-08-07T20:40:00+00:00,29720.26,29724.13,29714.13,29714.710000000003,1536
2026-08-09T22:00:00+00:00,29714.710000000003,29801.18,29714.710000000003,29772.06,6173
2026-08-09T22:05:00+00:00,29772.06,29773.06,29747.13,29756.31,3683
2026-08-09T22:10:00+00:00,29756.31,29765.56,29725.93,29732.81,4706
2026-08-09T22:15:00+00:00,29732.81,29734.68,29711.13,29725.93,4392
2026-08-09T22:20:00+00:00,29725.93,29744.81,29723.63,29740.68,2944
2026-08-09T22:25:00+00:00,29740.68,29759.93,29729.68,29744.31,3177
2026-08-09T22:30:00+00:00,29744.31,29758.56,29721.38,29726.43,3619
2026-08-09T22:35:00+00:00,29726.43,29737.88,29719.38,29733.93,2158
2026-08-09T22:40:00+00:00,29733.93,29750.18,29733.93,29742.18,2173
2026-08-09T22:45:00+00:00,29742.18,29752.18,29736.43,29742.43,1953
2026-08-09T22:50:00+00:00,29742.43,29756.81,29742.31,29754.43,1709
2026-08-09T22:55:00+00:00,29754.43,29754.93,29748.18,29749.68,1078
2026-08-09T23:00:00+00:00,29749.68,29758.93,29739.13,29756.18,1997
2026-08-09T23:05:00+00:00,29756.18,29781.81,29752.93,29767.06,2379
2026-08-09T23:10:00+00:00,29767.06,29773.06,29764.31,29766.81,1560
2026-08-09T23:15:00+00:00,29766.81,29769.81,29762.06,29768.18,1413
2026-08-09T23:20:00+00:00,29768.18,29786.93,29765.68,29775.43,1886
2026-08-09T23:25:00+00:00,29775.43,29780.18,29764.93,29769.18,1742
2026-08-09T23:30:00+00:00,29769.18,29771.31,29740.56,29746.81,3412
2026-08-09T23:35:00+00:00,29746.81,29762.81,29743.31,29760.06,2290
2026-08-09T23:40:00+00:00,29760.06,29770.43,29756.13,29768.31,1879
2026-08-09T23:45:00+00:00,29768.31,29778.56,29766.56,29774.18,4849
2026-08-09T23:50:00+00:00,29774.18,29774.68,29761.06,29766.81,4111
2026-08-09T23:55:00+00:00,29766.81,29766.81,29733.81,29735.18,5254
2026-08-10T00:00:00+00:00,29735.18,29744.31,29702.63,29731.31,8734
2026-08-10T00:05:00+00:00,29731.31,29787.93,29727.88,29777.93,7154
2026-08-10T00:10:00+00:00,29777.93,29811.31,29774.31,29797.68,6313
2026-08-10T00:15:00+00:00,29797.68,29804.43,29779.06,29779.43,8426
2026-08-10T00:20:00+00:00,29779.43,29793.56,29749.06,29754.68,7426
2026-08-10T00:25:00+00:00,29754.68,29767.18,29744.31,29751.68,6766
2026-08-10T00:30:00+00:00,29751.68,29770.06,29748.06,29761.18,7541
2026-08-10T00:35:00+00:00,29761.18,29764.68,29716.06,29716.31,7060
2026-08-10T00:40:00+00:00,29716.31,29727.93,29705.31,29712.18,6055
2026-08-10T00:45:00+00:00,29712.18,29731.81,29710.93,29731.43,6900
2026-08-10T00:50:00+00:00,29731.43,29736.06,29713.81,29717.93,9067
2026-08-10T00:55:00+00:00,29717.93,29723.31,29694.63,29707.93,7420
2026-08-10T01:00:00+00:00,29707.93,29740.18,29697.13,29730.81,8695
2026-08-10T01:05:00+00:00,29730.81,29743.06,29714.38,29734.43,8963
2026-08-10T01:10:00+00:00,29734.43,29759.93,29728.68,29758.06,6299
2026-08-10T01:15:00+00:00,29758.06,29770.81,29751.43,29770.56,6438
2026-08-10T01:20:00+00:00,29770.56,29787.06,29764.68,29784.18,6856
2026-08-10T01:25:00+00:00,29784.18,29788.06,29769.81,29770.06,4849
2026-08-10T01:30:00+00:00,29770.06,29775.18,29746.93,29756.81,7949
2026-08-10T01:35:00+00:00,29756.81,29786.43,29750.93,29783.18,6997
2026-08-10T01:40:00+00:00,29783.18,29783.93,29766.31,29781.06,6947
2026-08-10T01:45:00+00:00,29781.06,29795.56,29777.18,29795.56,5829
2026-08-10T01:50:00+00:00,29795.56,29800.06,29792.31,29793.81,4852
2026-08-10T01:55:00+00:00,29793.81,29795.06,29787.31,29790.31,4111
2026-08-10T02:00:00+00:00,29790.31,29794.93,29779.56,29791.68,5369
2026-08-10T02:05:00+00:00,29791.68,29797.81,29781.43,29781.68,5058
2026-08-10T02:10:00+00:00,29781.68,29791.06,29774.81,29778.06,5195
2026-08-10T02:15:00+00:00,29778.06,29778.93,29758.43,29768.56,3933
2026-08-10T02:20:00+00:00,29768.56,29773.93,29763.56,29763.93,3839
2026-08-10T02:25:00+00:00,29763.93,29777.06,29763.93,29774.81,3769
2026-08-10T02:30:00+00:00,29774.81,29778.68,29760.06,29761.18,4595
2026-08-10T02:35:00+00:00,29761.18,29788.68,29754.06,29787.68,3946
2026-08-10T02:40:00+00:00,29787.68,29795.81,29785.93,29795.06,3226
2026-08-10T02:45:00+00:00,29795.06,29798.18,29792.18,29793.18,2949
2026-08-10T02:50:00+00:00,29793.18,29804.68,29792.43,29797.68,2387
2026-08-10T02:55:00+00:00,29797.68,29804.43,29786.31,29786.68,3052
2026-08-10T03:00:00+00:00,29786.68,29797.06,29783.56,29785.43,3870
2026-08-10T03:05:00+00:00,29785.43,29786.31,29776.93,29781.81,3016
2026-08-10T03:10:00+00:00,29781.81,29785.43,29774.31,29782.06,3087
2026-08-10T03:15:00+00:00,29782.06,29796.81,29776.81,29794.18,3861
2026-08-10T03:20:00+00:00,29794.18,29796.68,29784.68,29785.81,3560
2026-08-10T03:25:00+00:00,29785.81,29790.31,29777.18,29785.93,3787
2026-08-10T03:30:00+00:00,29785.93,29793.68,29778.81,29793.68,6094
2026-08-10T03:35:00+00:00,29793.68,29802.93,29787.93,29799.56,3860
2026-08-10T03:40:00+00:00,29799.56,29802.81,29794.81,29802.68,2822
2026-08-10T03:45:00+00:00,29802.68,29803.81,29794.56,29798.43,2461
2026-08-10T03:50:00+00:00,29798.43,29804.18,29786.81,29788.81,2292
2026-08-10T03:55:00+00:00,29788.81,29788.81,29776.31,29783.68,2032
2026-08-10T04:00:00+00:00,29783.68,29792.93,29778.18,29786.93,2075
2026-08-10T04:05:00+00:00,29786.93,29802.06,29778.06,29802.06,2841
2026-08-10T04:10:00+00:00,29802.06,29803.31,29790.56,29800.18,3769
2026-08-10T04:15:00+00:00,29800.18,29806.93,29797.43,29802.31,2002
2026-08-10T04:20:00+00:00,29802.31,29804.93,29799.81,29802.43,2153
2026-08-10T04:25:00+00:00,29802.43,29809.43,29796.31,29804.93,1961
2026-08-10T04:30:00+00:00,29804.93,29804.93,29792.68,29794.93,3110
2026-08-10T04:35:00+00:00,29794.93,29798.06,29787.68,29789.43,2944
2026-08-10T04:40:00+00:00,29789.43,29794.81,29770.31,29792.06,4032
2026-08-10T04:45:00+00:00,29792.06,29802.93,29787.68,29794.68,2884
2026-08-10T04:50:00+00:00,29794.68,29806.93,29790.31,29790.56,3140
2026-08-10T04:55:00+00:00,29790.56,29790.56,29778.18,29787.06,2977
2026-08-10T05:00:00+00:00,29787.06,29804.81,29786.06,29804.56,3104
2026-08-10T05:05:00+00:00,29804.56,29818.93,29803.43,29812.81,3521
2026-08-10T05:10:00+00:00,29812.81,29823.93,29811.93,29821.81,2676
2026-08-10T05:15:00+00:00,29821.81,29825.81,29816.56,29820.68,2370
2026-08-10T05:20:00+00:00,29820.68,29828.81,29818.18,29827.18,2456
2026-08-10T05:25:00+00:00,29827.18,29829.43,29814.68,29815.93,2847
2026-08-10T05:30:00+00:00,29815.93,29821.43,29812.68,29819.06,3700
2026-08-10T05:35:00+00:00,29819.06,29824.56,29811.93,29813.93,2963
2026-08-10T05:40:00+00:00,29813.93,29815.93,29808.93,29810.93,2735
2026-08-10T05:45:00+00:00,29810.93,29815.81,29805.18,29810.31,2398
2026-08-10T05:50:00+00:00,29810.31,29831.56,29808.43,29830.18,2289
2026-08-10T05:55:00+00:00,29830.18,29836.06,29830.18,29834.93,2019
2026-08-10T06:00:00+00:00,29834.93,29847.68,29832.68,29843.43,3940
2026-08-10T06:05:00+00:00,29843.43,29851.06,29840.18,29848.68,2865
2026-08-10T06:10:00+00:00,29848.68,29867.43,29848.43,29862.18,2764
2026-08-10T06:15:00+00:00,29862.18,29867.68,29853.06,29864.68,3298
2026-08-10T06:20:00+00:00,29864.68,29865.18,29829.31,29831.81,3762
2026-08-10T06:25:00+00:00,29831.81,29832.93,29813.18,29819.56,3435
2026-08-10T06:30:00+00:00,29819.56,29830.31,29812.93,29823.56,3437
2026-08-10T06:35:00+00:00,29823.56,29824.93,29812.93,29821.56,2459
2026-08-10T06:40:00+00:00,29821.56,29826.93,29818.31,29822.93,2198
2026-08-10T06:45:00+00:00,29822.93,29825.06,29816.68,29820.06,2571
2026-08-10T06:50:00+00:00,29820.06,29828.68,29816.31,29818.68,2334
2026-08-10T06:55:00+00:00,29818.68,29822.56,29811.81,29814.31,3797
2026-08-10T07:00:00+00:00,29814.31,29828.31,29808.18,29822.68,7629
2026-08-10T07:05:00+00:00,29822.68,29827.06,29810.06,29816.06,4552
2026-08-10T07:10:00+00:00,29816.06,29819.56,29792.18,29818.81,4425
2026-08-10T07:15:00+00:00,29818.81,29836.56,29816.68,29836.31,4269
2026-08-10T07:20:00+00:00,29836.31,29857.56,29836.31,29852.81,4559
2026-08-10T07:25:00+00:00,29852.81,29858.06,29842.06,29856.68,3073
2026-08-10T07:30:00+00:00,29856.68,29863.18,29853.56,29857.68,3392
2026-08-10T07:35:00+00:00,29857.68,29872.81,29857.31,29868.68,3474
2026-08-10T07:40:00+00:00,29868.68,29874.93,29864.31,29871.18,3150
2026-08-10T07:45:00+00:00,29871.18,29889.56,29841.43,29844.43,4714
2026-08-10T07:50:00+00:00,29844.43,29854.06,29842.18,29849.56,2821
2026-08-10T07:55:00+00:00,29849.56,29864.68,29849.31,29858.56,2699
2026-08-10T08:00:00+00:00,29858.56,29886.43,29853.18,29882.93,7240
2026-08-10T08:05:00+00:00,29882.93,29885.68,29859.31,29865.31,5186
2026-08-10T08:10:00+00:00,29865.31,29869.31,29852.68,29867.93,4282
2026-08-10T08:15:00+00:00,29867.93,29878.43,29862.56,29872.68,4652
2026-08-10T08:20:00+00:00,29872.68,29873.56,29844.93,29859.81,4027
2026-08-10T08:25:00+00:00,29859.81,29864.56,29852.06,29858.18,4031
2026-08-10T08:30:00+00:00,29858.18,29864.31,29849.18,29863.18,4308
2026-08-10T08:35:00+00:00,29863.18,29876.56,29861.81,29874.18,2901
2026-08-10T08:40:00+00:00,29874.18,29877.06,29857.56,29861.18,2432
2026-08-10T08:45:00+00:00,29861.18,29861.81,29854.68,29859.43,2792
2026-08-10T08:50:00+00:00,29859.43,29868.68,29855.31,29868.18,3040
2026-08-10T08:55:00+00:00,29868.18,29880.68,29865.68,29877.06,2399
2026-08-10T09:00:00+00:00,29877.06,29881.81,29871.43,29880.93,3690
2026-08-10T09:05:00+00:00,29880.93,29884.06,29874.68,29881.68,2604
2026-08-10T09:10:00+00:00,29881.68,29889.06,29877.43,29881.56,2281
2026-08-10T09:15:00+00:00,29881.56,29887.81,29868.93,29870.93,2935
2026-08-10T09:20:00+00:00,29870.93,29882.93,29870.43,29882.81,3213
2026-08-10T09:25:00+00:00,29882.81,29883.56,29870.81,29874.06,2415
2026-08-10T09:30:00+00:00,29874.06,29876.93,29863.88,29875.81,2321
2026-08-10T09:35:00+00:00,29875.81,29875.81,29847.81,29851.68,2924
2026-08-10T09:40:00+00:00,29851.68,29853.81,29841.68,29849.68,2950
2026-08-10T09:45:00+00:00,29849.68,29852.68,29841.31,29850.31,3094
2026-08-10T09:50:00+00:00,29850.31,29857.18,29848.68,29850.81,2336
2026-08-10T09:55:00+00:00,29850.81,29854.31,29843.18,29843.93,2512
2026-08-10T10:00:00+00:00,29843.93,29863.31,29838.31,29862.31,4034
2026-08-10T10:05:00+00:00,29862.31,29864.31,29846.56,29846.93,3561
2026-08-10T10:10:00+00:00,29846.93,29849.81,29821.93,29822.93,3399
2026-08-10T10:15:00+00:00,29822.93,29834.56,29821.81,29832.31,3124
2026-08-10T10:20:00+00:00,29832.31,29857.43,29832.31,29856.56,3070
2026-08-10T10:25:00+00:00,29856.56,29856.68,29844.93,29850.56,2205
2026-08-10T10:30:00+00:00,29850.56,29851.06,29834.43,29842.31,3284
2026-08-10T10:35:00+00:00,29842.31,29842.93,29822.68,29823.43,4102
2026-08-10T10:40:00+00:00,29823.43,29825.43,29815.56,29824.43,4243
2026-08-10T10:45:00+00:00,29824.43,29830.31,29822.68,29824.56,2742
2026-08-10T10:50:00+00:00,29824.56,29843.31,29823.93,29833.31,2886
2026-08-10T10:55:00+00:00,29833.31,29837.81,29814.68,29817.68,4590
2026-08-10T11:00:00+00:00,29817.68,29831.31,29789.06,29794.31,9083
2026-08-10T11:05:00+00:00,29794.31,29794.81,29779.31,29781.31,6402
2026-08-10T11:10:00+00:00,29781.31,29788.93,29757.38,29782.31,6988
2026-08-10T11:15:00+00:00,29782.31,29787.56,29770.18,29775.56,6164
2026-08-10T11:20:00+00:00,29775.56,29796.81,29774.06,29786.31,5231
2026-08-10T11:25:00+00:00,29786.31,29818.06,29779.68,29814.43,5491
2026-08-10T11:30:00+00:00,29814.43,29819.93,29810.18,29816.43,4440
2026-08-10T11:35:00+00:00,29816.43,29817.68,29796.18,29797.81,4302
2026-08-10T11:40:00+00:00,29797.81,29813.81,29778.18,29780.18,6370
2026-08-10T11:45:00+00:00,29780.18,29790.18,29751.31,29753.93,6203
2026-08-10T11:50:00+00:00,29753.93,29779.56,29751.68,29768.68,5354
2026-08-10T11:55:00+00:00,29768.68,29781.81,29765.31,29776.93,5327
2026-08-10T12:00:00+00:00,29776.93,29786.18,29760.06,29782.81,7290
2026-08-10T12:05:00+00:00,29782.81,29787.43,29769.31,29786.06,7155
2026-08-10T12:10:00+00:00,29786.06,29789.06,29749.43,29751.43,5769
2026-08-10T12:15:00+00:00,29751.43,29752.43,29732.18,29735.06,5595
2026-08-10T12:20:00+00:00,29735.06,29739.68,29715.93,29725.06,6419
2026-08-10T12:25:00+00:00,29725.06,29732.56,29721.68,29728.18,5358
2026-08-10T12:30:00+00:00,29728.18,29732.68,29699.81,29700.06,6532
2026-08-10T12:35:00+00:00,29700.06,29717.31,29688.56,29697.31,7559
2026-08-10T12:40:00+00:00,29697.31,29714.31,29695.18,29709.93,5875
2026-08-10T12:45:00+00:00,29709.93,29715.06,29697.43,29703.18,5742
2026-08-10T12:50:00+00:00,29703.18,29703.18,29678.81,29683.31,6551
2026-08-10T12:55:00+00:00,29683.31,29687.93,29677.31,29683.06,6387
2026-08-10T13:00:00+00:00,29683.06,29702.31,29677.81,29699.93,9640
2026-08-10T13:05:00+00:00,29699.93,29713.81,29695.43,29713.18,7102
2026-08-10T13:10:00+00:00,29713.18,29721.06,29702.56,29709.81,6665
2026-08-10T13:15:00+00:00,29709.81,29723.81,29698.68,29720.93,7299
2026-08-10T13:20:00+00:00,29720.93,29724.56,29699.43,29718.81,6205
2026-08-10T13:25:00+00:00,29718.81,29728.68,29695.18,29710.68,12240
2026-08-10T13:30:00+00:00,29710.68,29746.83,29642.960000000003,29646.460000000003,63291
2026-08-10T13:35:00+00:00,29646.460000000003,29716.08,29633.83,29669.210000000003,64657
2026-08-10T13:40:00+00:00,29669.210000000003,29693.710000000003,29624.83,29681.33,50742
2026-08-10T13:45:00+00:00,29681.33,29732.08,29673.58,29723.460000000003,47404
2026-08-10T13:50:00+00:00,29723.460000000003,29737.83,29660.33,29683.08,45182
2026-08-10T13:55:00+00:00,29683.08,29724.58,29662.83,29712.460000000003,40124
2026-08-10T14:00:00+00:00,29712.460000000003,29737.210000000003,29694.210000000003,29725.210000000003,37083
2026-08-10T14:05:00+00:00,29725.210000000003,29781.58,29722.960000000003,29780.210000000003,27214
2026-08-10T14:10:00+00:00,29780.210000000003,29797.58,29776.13,29786.960000000003,22507
2026-08-10T14:15:00+00:00,29786.960000000003,29805.710000000003,29761.33,29768.460000000003,24529
2026-08-10T14:20:00+00:00,29768.460000000003,29790.460000000003,29733.13,29743.710000000003,26456
2026-08-10T14:25:00+00:00,29743.710000000003,29775.08,29721.08,29763.83,27777
2026-08-10T14:30:00+00:00,29763.83,29787.960000000003,29756.58,29766.710000000003,26280
2026-08-10T14:35:00+00:00,29766.710000000003,29798.58,29752.33,29765.710000000003,23030
2026-08-10T14:40:00+00:00,29765.710000000003,29788.460000000003,29760.460000000003,29772.710000000003,19345
2026-08-10T14:45:00+00:00,29772.710000000003,29791.710000000003,29768.08,29775.960000000003,17209
2026-08-10T14:50:00+00:00,29775.960000000003,29783.08,29700.83,29701.58,24672
2026-08-10T14:55:00+00:00,29701.58,29721.710000000003,29683.58,29685.210000000003,28175
2026-08-10T15:00:00+00:00,29685.210000000003,29721.210000000003,29676.83,29706.210000000003,28174
2026-08-10T15:05:00+00:00,29706.210000000003,29728.33,29688.58,29688.710000000003,21977
2026-08-10T15:10:00+00:00,29688.710000000003,29712.33,29672.33,29698.960000000003,21192
2026-08-10T15:15:00+00:00,29698.960000000003,29723.210000000003,29696.08,29705.460000000003,19134
2026-08-10T15:20:00+00:00,29705.460000000003,29714.710000000003,29679.58,29689.960000000003,17830
2026-08-10T15:25:00+00:00,29689.960000000003,29693.710000000003,29659.33,29683.460000000003,17586
2026-08-10T15:30:00+00:00,29683.460000000003,29693.58,29653.960000000003,29656.710000000003,16924
2026-08-10T15:35:00+00:00,29656.710000000003,29675.710000000003,29646.83,29667.460000000003,14966
2026-08-10T15:40:00+00:00,29667.460000000003,29714.710000000003,29658.83,29713.710000000003,14174
2026-08-10T15:45:00+00:00,29713.710000000003,29723.83,29692.460000000003,29701.210000000003,12167
2026-08-10T15:50:00+00:00,29701.210000000003,29754.58,29699.33,29752.33,12577
2026-08-10T15:55:00+00:00,29752.33,29760.33,29743.33,29749.960000000003,10042
2026-08-10T16:00:00+00:00,29749.960000000003,29764.58,29747.08,29754.33,12019
2026-08-10T16:05:00+00:00,29754.33,29756.08,29721.960000000003,29731.710000000003,12009
2026-08-10T16:10:00+00:00,29731.710000000003,29738.83,29717.58,29727.960000000003,11105
2026-08-10T16:15:00+00:00,29727.960000000003,29740.960000000003,29710.58,29727.08,13070
2026-08-10T16:20:00+00:00,29727.08,29746.58,29721.58,29744.960000000003,11933
2026-08-10T16:25:00+00:00,29744.960000000003,29749.460000000003,29713.710000000003,29715.460000000003,12047
2026-08-10T16:30:00+00:00,29715.460000000003,29722.83,29652.33,29683.83,21227
2026-08-10T16:35:00+00:00,29683.83,29701.83,29666.58,29674.960000000003,19436
2026-08-10T16:40:00+00:00,29674.960000000003,29679.960000000003,29636.210000000003,29648.210000000003,16446
2026-08-10T16:45:00+00:00,29648.210000000003,29674.210000000003,29638.460000000003,29672.58,16351
2026-08-10T16:50:00+00:00,29672.58,29673.83,29647.710000000003,29661.58,11135
2026-08-10T16:55:00+00:00,29661.58,29686.58,29661.33,29685.58,11338
2026-08-10T17:00:00+00:00,29685.58,29689.33,29666.58,29679.210000000003,11650
2026-08-10T17:05:00+00:00,29679.210000000003,29707.460000000003,29675.210000000003,29706.33,10576
2026-08-10T17:10:00+00:00,29706.33,29714.710000000003,29698.710000000003,29706.33,8611
2026-08-10T17:15:00+00:00,29706.33,29717.08,29695.58,29702.08,7466
2026-08-10T17:20:00+00:00,29702.08,29710.33,29697.710000000003,29702.33,6964
2026-08-10T17:25:00+00:00,29702.33,29705.58,29682.210000000003,29692.710000000003,7849
2026-08-10T17:30:00+00:00,29692.710000000003,29702.58,29690.58,29693.58,8691
2026-08-10T17:35:00+00:00,29693.58,29696.83,29669.710000000003,29675.33,8477
2026-08-10T17:40:00+00:00,29675.33,29684.33,29661.83,29665.33,8239
2026-08-10T17:45:00+00:00,29665.33,29669.33,29658.83,29659.58,8004
2026-08-10T17:50:00+00:00,29659.58,29667.33,29650.460000000003,29658.210000000003,8023
2026-08-10T17:55:00+00:00,29658.210000000003,29671.210000000003,29651.58,29665.08,7321
2026-08-10T18:00:00+00:00,29665.08,29673.83,29656.08,29660.08,8848
2026-08-10T18:05:00+00:00,29660.08,29675.710000000003,29654.33,29671.08,6432
2026-08-10T18:10:00+00:00,29671.08,29678.210000000003,29655.83,29657.33,6885
2026-08-10T18:15:00+00:00,29657.33,29662.08,29649.33,29652.960000000003,6714
2026-08-10T18:20:00+00:00,29652.960000000003,29661.58,29648.460000000003,29655.960000000003,6371
2026-08-10T18:25:00+00:00,29655.960000000003,29661.83,29649.460000000003,29653.460000000003,5379
2026-08-10T18:30:00+00:00,29653.460000000003,29670.58,29648.08,29668.83,7202
2026-08-10T18:35:00+00:00,29668.83,29676.08,29652.33,29660.83,6794
2026-08-10T18:40:00+00:00,29660.83,29679.460000000003,29659.960000000003,29677.710000000003,6363
2026-08-10T18:45:00+00:00,29677.710000000003,29679.710000000003,29665.83,29671.460000000003,6000
2026-08-10T18:50:00+00:00,29671.460000000003,29685.83,29671.210000000003,29680.710000000003,5430
2026-08-10T18:55:00+00:00,29680.710000000003,29690.33,29673.33,29688.33,5713
2026-08-10T19:00:00+00:00,29688.33,29698.83,29684.58,29688.58,6493
2026-08-10T19:05:00+00:00,29688.58,29694.460000000003,29681.460000000003,29693.08,5655
2026-08-10T19:10:00+00:00,29693.08,29700.58,29688.33,29695.33,5099
2026-08-10T19:15:00+00:00,29695.33,29701.83,29687.960000000003,29690.58,5190
2026-08-10T19:20:00+00:00,29690.58,29700.08,29686.710000000003,29699.460000000003,6006
2026-08-10T19:25:00+00:00,29699.460000000003,29701.58,29685.710000000003,29687.83,6591
2026-08-10T19:30:00+00:00,29687.83,29694.08,29680.83,29682.83,8786
2026-08-10T19:35:00+00:00,29682.83,29699.08,29679.460000000003,29693.83,6580
2026-08-10T19:40:00+00:00,29693.83,29695.33,29676.08,29681.710000000003,6475
2026-08-10T19:45:00+00:00,29681.710000000003,29689.960000000003,29672.08,29687.710000000003,7813
2026-08-10T19:50:00+00:00,29687.710000000003,29687.83,29638.63,29642.210000000003,13518
2026-08-10T19:55:00+00:00,29642.210000000003,29661.83,29628.460000000003,29649.960000000003,17934
2026-08-10T20:00:00+00:00,29649.960000000003,29659.93,29645.68,29650.93,7178
2026-08-10T20:05:00+00:00,29650.93,29659.56,29647.18,29658.68,2710
2026-08-10T20:10:00+00:00,29658.68,29658.93,29646.56,29650.31,2238
2026-08-10T20:15:00+00:00,29650.31,29658.31,29647.56,29648.93,2331
2026-08-10T20:20:00+00:00,29648.93,29655.68,29642.68,29648.81,1934
2026-08-10T20:25:00+00:00,29648.81,29659.93,29647.56,29656.93,1480
2026-08-10T20:30:00+00:00,29656.93,29659.06,29648.56,29652.81,1391
2026-08-10T20:35:00+00:00,29652.81,29658.56,29649.06,29655.56,1149
2026-08-10T20:40:00+00:00,29655.56,29665.06,29653.68,29663.31,933
2026-08-10T20:45:00+00:00,29663.31,29670.31,29663.18,29666.31,1585
2026-08-10T20:50:00+00:00,29666.31,29675.31,29661.06,29674.18,1215
2026-08-10T20:55:00+00:00,29674.18,29675.18,29667.43,29670.260000000002,1137
2026-08-10T22:00:00+00:00,29670.260000000002,29697.07,29664.52,29681.7,2839
2026-08-10T22:05:00+00:00,29681.7,29683.45,29666.45,29670.32,2210
2026-08-10T22:10:00+00:00,29670.32,29672.32,29661.77,29669.57,1717
2026-08-10T22:15:00+00:00,29669.57,29671.57,29655.07,29655.07,1534
2026-08-10T22:20:00+00:00,29655.07,29659.7,29641.82,29648.7,2137
2026-08-10T22:25:00+00:00,29648.7,29658.7,29647.95,29654.95,1931
2026-08-10T22:30:00+00:00,29654.95,29655.52,29633.32,29635.95,2044
2026-08-10T22:35:00+00:00,29635.95,29640.07,29632.32,29636.2,1418
2026-08-10T22:40:00+00:00,29636.2,29639.07,29631.57,29633.82,1359
2026-08-10T22:45:00+00:00,29633.82,29640.32,29633.07,29637.07,813
2026-08-10T22:50:00+00:00,29637.07,29643.95,29634.2,29638.57,761
2026-08-10T22:55:00+00:00,29638.57,29645.2,29637.95,29641.57,715
2026-08-10T23:00:00+00:00,29641.57,29643.45,29629.95,29638.95,1745
2026-08-10T23:05:00+00:00,29638.95,29641.2,29636.7,29638.32,930
2026-08-10T23:10:00+00:00,29638.32,29641.82,29637.7,29639.7,711
2026-08-10T23:15:00+00:00,29639.7,29640.57,29632.2,29633.07,870
2026-08-10T23:20:00+00:00,29633.07,29633.95,29610.77,29619.32,2402
2026-08-10T23:25:00+00:00,29619.32,29624.95,29613.57,29616.82,1713
2026-08-10T23:30:00+00:00,29616.82,29618.7,29611.32,29616.57,1597
2026-08-10T23:35:00+00:00,29616.57,29623.32,29615.82,29618.32,1206
2026-08-10T23:40:00+00:00,29618.32,29624.57,29615.95,29623.07,1264
2026-08-10T23:45:00+00:00,29623.07,29635.07,29613.95,29626.07,4051
2026-08-10T23:50:00+00:00,29626.07,29628.32,29601.52,29605.45,3714
2026-08-10T23:55:00+00:00,29605.45,29615.2,29586.57,29612.07,4520
2026-08-11T00:00:00+00:00,29612.07,29612.82,29575.2,29596.45,9783
2026-08-11T00:05:00+00:00,29596.45,29626.7,29590.32,29613.45,7260
2026-08-11T00:10:00+00:00,29613.45,29661.57,29609.82,29657.95,6892
2026-08-11T00:15:00+00:00,29657.95,29659.7,29637.32,29644.7,7155
2026-08-11T00:20:00+00:00,29644.7,29664.07,29634.2,29651.82,5939
2026-08-11T00:25:00+00:00,29651.82,29673.45,29648.82,29672.07,4341
2026-08-11T00:30:00+00:00,29672.07,29677.82,29664.95,29666.2,4407
2026-08-11T00:35:00+00:00,29666.2,29679.7,29665.07,29670.95,4792
2026-08-11T00:40:00+00:00,29670.95,29690.52,29670.02,29688.7,3670
2026-08-11T00:45:00+00:00,29688.7,29700.57,29686.2,29687.32,4521
2026-08-11T00:50:00+00:00,29687.32,29702.57,29686.82,29700.2,3694
2026-08-11T00:55:00+00:00,29700.2,29701.32,29692.57,29693.95,3345
2026-08-11T01:00:00+00:00,29693.95,29705.2,29674.52,29680.95,6794
2026-08-11T01:05:00+00:00,29680.95,29698.07,29673.32,29697.45,5928
2026-08-11T01:10:00+00:00,29697.45,29734.82,29696.95,29734.57,5551
2026-08-11T01:15:00+00:00,29734.57,29736.07,29718.02,29722.57,5063
2026-08-11T01:20:00+00:00,29722.57,29748.07,29720.7,29742.57,5058
2026-08-11T01:25:00+00:00,29742.57,29742.7,29721.07,29728.57,5141
2026-08-11T01:30:00+00:00,29728.57,29736.45,29721.57,29724.32,6827
2026-08-11T01:35:00+00:00,29724.32,29729.45,29719.2,29722.7,5146
2026-08-11T01:40:00+00:00,29722.7,29734.7,29720.32,29730.95,5703
2026-08-11T01:45:00+00:00,29730.95,29751.2,29725.95,29750.07,4996
2026-08-11T01:50:00+00:00,29750.07,29750.57,29740.32,29745.32,4351
2026-08-11T01:55:00+00:00,29745.32,29746.07,29727.2,29727.32,4902
2026-08-11T02:00:00+00:00,29727.32,29737.95,29722.45,29737.2,5452
2026-08-11T02:05:00+00:00,29737.2,29739.45,29721.32,29724.32,4138
2026-08-11T02:10:00+00:00,29724.32,29732.57,29722.82,29729.07,3905
2026-08-11T02:15:00+00:00,29729.07,29736.07,29723.2,29731.57,4226
2026-08-11T02:20:00+00:00,29731.57,29732.95,29721.32,29728.82,3068
2026-08-11T02:25:00+00:00,29728.82,29735.57,29723.32,29733.07,2764
2026-08-11T02:30:00+00:00,29733.07,29746.7,29732.2,29742.32,3400
2026-08-11T02:35:00+00:00,29742.32,29742.82,29733.45,29735.82,3448
2026-08-11T02:40:00+00:00,29735.82,29747.95,29735.07,29747.95,2884
2026-08-11T02:45:00+00:00,29747.95,29752.95,29741.45,29743.32,2990
2026-08-11T02:50:00+00:00,29743.32,29743.82,29729.07,29735.32,2775
2026-08-11T02:55:00+00:00,29735.32,29735.7,29723.57,29727.2,3156
2026-08-11T03:00:00+00:00,29727.2,29741.2,29723.82,29739.2,3888
2026-08-11T03:05:00+00:00,29739.2,29739.7,29724.7,29735.2,2873
2026-08-11T03:10:00+00:00,29735.2,29737.45,29727.07,29730.82,2939
2026-08-11T03:15:00+00:00,29730.82,29734.57,29726.7,29730.82,2650
2026-08-11T03:20:00+00:00,29730.82,29750.45,29728.07,29750.2,2661
2026-08-11T03:25:00+00:00,29750.2,29756.2,29744.95,29750.07,2792
2026-08-11T03:30:00+00:00,29750.07,29751.95,29735.2,29737.57,2802
2026-08-11T03:35:00+00:00,29737.57,29750.95,29736.45,29746.57,2209
2026-08-11T03:40:00+00:00,29746.57,29750.95,29740.57,29741.32,2562
2026-08-11T03:45:00+00:00,29741.32,29745.2,29737.32,29743.45,2911
2026-08-11T03:50:00+00:00,29743.45,29751.07,29741.07,29749.82,2280
2026-08-11T03:55:00+00:00,29749.82,29750.7,29738.07,29740.82,2296
2026-08-11T04:00:00+00:00,29740.82,29747.95,29740.82,29744.32,3164
2026-08-11T04:05:00+00:00,29744.32,29749.82,29743.07,29746.07,2861
2026-08-11T04:10:00+00:00,29746.07,29759.57,29745.57,29756.95,2042
2026-08-11T04:15:00+00:00,29756.95,29758.07,29752.82,29754.57,1685
2026-08-11T04:20:00+00:00,29754.57,29755.2,29747.32,29749.7,1711
2026-08-11T04:25:00+00:00,29749.7,29762.7,29748.2,29761.82,2215
2026-08-11T04:30:00+00:00,29761.82,29770.45,29756.45,29756.57,3293
2026-08-11T04:35:00+00:00,29756.57,29760.07,29752.32,29758.32,3262
2026-08-11T04:40:00+00:00,29758.32,29758.32,29744.2,29747.32,2789
2026-08-11T04:45:00+00:00,29747.32,29755.57,29746.57,29750.45,2795
2026-08-11T04:50:00+00:00,29750.45,29751.82,29743.32,29744.82,2054
2026-08-11T04:55:00+00:00,29744.82,29748.7,29744.2,29747.95,2258
2026-08-11T05:00:00+00:00,29747.95,29753.95,29743.07,29744.07,3403
2026-08-11T05:05:00+00:00,29744.07,29756.57,29739.45,29753.95,2908
2026-08-11T05:10:00+00:00,29753.95,29762.95,29751.82,29760.7,2518
2026-08-11T05:15:00+00:00,29760.7,29762.45,29735.95,29736.45,2772
2026-08-11T05:20:00+00:00,29736.45,29737.7,29724.2,29724.45,3352
2026-08-11T05:25:00+00:00,29724.45,29729.45,29722.32,29723.45,2303
2026-08-11T05:30:00+00:00,29723.45,29726.32,29707.7,29725.45,4176
2026-08-11T05:35:00+00:00,29725.45,29738.57,29724.07,29729.57,3966
2026-08-11T05:40:00+00:00,29729.57,29733.45,29719.2,29724.07,3882
2026-08-11T05:45:00+00:00,29724.07,29726.32,29706.32,29708.07,4256
2026-08-11T05:50:00+00:00,29708.07,29709.45,29697.02,29702.32,4209
2026-08-11T05:55:00+00:00,29702.32,29710.07,29697.82,29701.82,4021
2026-08-11T06:00:00+00:00,29701.82,29725.57,29696.2,29720.7,4346
2026-08-11T06:05:00+00:00,29720.7,29726.82,29714.45,29724.07,3457
2026-08-11T06:10:00+00:00,29724.07,29736.2,29721.95,29728.7,2890
2026-08-11T06:15:00+00:00,29728.7,29730.95,29700.32,29700.82,3872
2026-08-11T06:20:00+00:00,29700.82,29702.95,29686.57,29687.2,3600
2026-08-11T06:25:00+00:00,29687.2,29689.07,29674.57,29680.2,3509
2026-08-11T06:30:00+00:00,29680.2,29688.82,29641.32,29654.2,5811
2026-08-11T06:35:00+00:00,29654.2,29685.32,29647.2,29684.07,5151
2026-08-11T06:40:00+00:00,29684.07,29698.32,29683.7,29692.57,4214
2026-08-11T06:45:00+00:00,29692.57,29695.82,29671.45,29674.57,3168
2026-08-11T06:50:00+00:00,29674.57,29679.07,29649.32,29650.2,3732
2026-08-11T06:55:00+00:00,29650.2,29664.57,29647.2,29663.82,3627
2026-08-11T07:00:00+00:00,29663.82,29678.95,29654.2,29669.7,6816
2026-08-11T07:05:00+00:00,29669.7,29671.82,29642.32,29657.32,7516
2026-08-11T07:10:00+00:00,29657.32,29675.95,29653.2,29667.95,6237
2026-08-11T07:15:00+00:00,29667.95,29673.57,29648.32,29651.45,5511
2026-08-11T07:20:00+00:00,29651.45,29655.32,29637.2,29644.95,4633
2026-08-11T07:25:00+00:00,29644.95,29668.45,29644.07,29652.7,5190
2026-08-11T07:30:00+00:00,29652.7,29683.45,29651.95,29680.45,5598
2026-08-11T07:35:00+00:00,29680.45,29689.07,29678.7,29679.82,4245
2026-08-11T07:40:00+00:00,29679.82,29685.45,29670.07,29677.2,3713
2026-08-11T07:45:00+00:00,29677.2,29684.7,29666.82,29670.7,4272
2026-08-11T07:50:00+00:00,29670.7,29683.82,29665.07,29665.95,4418
2026-08-11T07:55:00+00:00,29665.95,29688.2,29665.2,29683.32,4169
2026-08-11T08:00:00+00:00,29683.32,29713.07,29675.7,29688.07,6713
2026-08-11T08:05:00+00:00,29688.07,29690.32,29656.7,29657.7,6944
2026-08-11T08:10:00+00:00,29657.7,29669.45,29639.32,29640.7,5732
2026-08-11T08:15:00+00:00,29640.7,29646.57,29632.07,29636.7,4960
2026-08-11T08:20:00+00:00,29636.7,29645.82,29626.7,29642.82,6258
2026-08-11T08:25:00+00:00,29642.82,29656.7,29641.45,29641.45,5877
2026-08-11T08:30:00+00:00,29641.45,29654.45,29627.32,29631.82,6340
2026-08-11T08:35:00+00:00,29631.82,29644.57,29626.7,29644.2,6004
2026-08-11T08:40:00+00:00,29644.2,29663.07,29639.82,29662.32,3468
2026-08-11T08:45:00+00:00,29662.32,29671.82,29658.57,29666.45,3831
2026-08-11T08:50:00+00:00,29666.45,29671.82,29659.57,29667.2,3609
2026-08-11T08:55:00+00:00,29667.2,29667.45,29650.7,29657.7,3457
2026-08-11T09:00:00+00:00,29657.7,29662.32,29633.02,29647.07,4940
2026-08-11T09:05:00+00:00,29647.07,29664.82,29628.32,29629.82,4246
2026-08-11T09:10:00+00:00,29629.82,29643.2,29627.32,29641.7,4557
2026-08-11T09:15:00+00:00,29641.7,29668.57,29640.45,29666.95,4282
2026-08-11T09:20:00+00:00,29666.95,29674.45,29656.45,29661.95,3090
2026-08-11T09:25:00+00:00,29661.95,29670.57,29651.95,29667.7,4061
2026-08-11T09:30:00+00:00,29667.7,29683.2,29663.77,29676.7,4035
2026-08-11T09:35:00+00:00,29676.7,29684.7,29672.82,29681.45,3389
2026-08-11T09:40:00+00:00,29681.45,29692.45,29676.82,29676.82,3545
2026-08-11T09:45:00+00:00,29676.82,29690.07,29676.82,29682.7,3110
2026-08-11T09:50:00+00:00,29682.7,29682.7,29673.32,29676.45,3364
2026-08-11T09:55:00+00:00,29676.45,29682.07,29673.57,29678.07,3085
2026-08-11T10:00:00+00:00,29678.07,29683.07,29669.2,29669.45,3918
2026-08-11T10:05:00+00:00,29669.45,29674.7,29663.57,29672.95,3372
2026-08-11T10:10:00+00:00,29672.95,29673.95,29663.82,29664.45,3063
2026-08-11T10:15:00+00:00,29664.45,29682.82,29659.32,29682.45,2841
2026-08-11T10:20:00+00:00,29682.45,29716.32,29680.95,29708.07,4676
2026-08-11T10:25:00+00:00,29708.07,29741.95,29704.32,29730.7,6407
2026-08-11T10:30:00+00:00,29730.7,29732.45,29714.07,29719.95,4414
2026-08-11T10:35:00+00:00,29719.95,29723.07,29712.2,29712.32,3174
2026-08-11T10:40:00+00:00,29712.32,29726.57,29710.57,29723.45,2919
2026-08-11T10:45:00+00:00,29723.45,29736.45,29720.7,29736.07,2949
2026-08-11T10:50:00+00:00,29736.07,29736.07,29725.07,29725.95,2352
2026-08-11T10:55:00+00:00,29725.95,29727.32,29721.7,29726.32,2312
2026-08-11T11:00:00+00:00,29726.32,29795.57,29726.32,29787.2,18527
2026-08-11T11:05:00+00:00,29787.2,29795.32,29778.2,29785.57,8442
2026-08-11T11:10:00+00:00,29785.57,29791.2,29777.07,29780.57,6154
2026-08-11T11:15:00+00:00,29780.57,29782.2,29746.2,29748.2,6316
2026-08-11T11:20:00+00:00,29748.2,29754.7,29739.7,29740.57,5354
2026-08-11T11:25:00+00:00,29740.57,29748.57,29737.95,29742.82,3834
2026-08-11T11:30:00+00:00,29742.82,29745.32,29725.82,29729.57,5049
2026-08-11T11:35:00+00:00,29729.57,29737.07,29720.07,29726.57,4759
2026-08-11T11:40:00+00:00,29726.57,29744.45,29721.7,29733.57,4422
2026-08-11T11:45:00+00:00,29733.57,29736.07,29721.07,29732.32,3969
2026-08-11T11:50:00+00:00,29732.32,29743.95,29732.07,29742.45,4680
2026-08-11T11:55:00+00:00,29742.45,29743.2,29734.57,29740.95,3942
2026-08-11T12:00:00+00:00,29740.95,29743.07,29728.2,29738.95,5231
2026-08-11T12:05:00+00:00,29738.95,29762.82,29738.57,29761.95,4832
2026-08-11T12:10:00+00:00,29761.95,29773.07,29761.32,29770.45,3288
2026-08-11T12:15:00+00:00,29770.45,29780.07,29764.2,29771.82,3930
2026-08-11T12:20:00+00:00,29771.82,29779.82,29729.95,29732.2,8272
2026-08-11T12:25:00+00:00,29732.2,29743.57,29731.57,29737.57,5710
2026-08-11T12:30:00+00:00,29737.57,29745.45,29728.32,29741.2,5375
2026-08-11T12:35:00+00:00,29741.2,29766.07,29738.95,29761.95,4618
2026-08-11T12:40:00+00:00,29761.95,29765.2,29751.07,29755.07,4129
2026-08-11T12:45:00+00:00,29755.07,29762.45,29748.45,29750.2,4268
2026-08-11T12:50:00+00:00,29750.2,29751.32,29736.7,29747.95,3936
2026-08-11T12:55:00+00:00,29747.95,29755.2,29740.95,29741.32,3720
2026-08-11T13:00:00+00:00,29741.32,29759.95,29739.32,29744.7,7215
2026-08-11T13:05:00+00:00,29744.7,29758.32,29744.7,29754.45,5405
2026-08-11T13:10:00+00:00,29754.45,29756.32,29728.95,29736.7,5177
2026-08-11T13:15:00+00:00,29736.7,29748.07,29722.07,29738.32,7179
2026-08-11T13:20:00+00:00,29738.32,29746.45,29731.2,29739.82,5238
2026-08-11T13:25:00+00:00,29739.82,29754.32,29724.95,29748.2,9009
2026-08-11T13:30:00+00:00,29748.2,29751.47,29635.600000000002,29645.47,56894
2026-08-11T13:35:00+00:00,29645.47,29652.22,29588.22,29611.22,48627
2026-08-11T13:40:00+00:00,29611.22,29665.47,29609.600000000002,29632.850000000002,42163
2026-08-11T13:45:00+00:00,29632.850000000002,29634.600000000002,29541.27,29569.850000000002,48698
2026-08-11T13:50:00+00:00,29569.850000000002,29605.22,29552.350000000002,29572.850000000002,44834
2026-08-11T13:55:00+00:00,29572.850000000002,29643.850000000002,29565.97,29642.600000000002,34860
2026-08-11T14:00:00+00:00,29642.600000000002,29679.850000000002,29628.100000000002,29665.97,33454
2026-08-11T14:05:00+00:00,29665.97,29701.850000000002,29660.97,29687.47,27323
2026-08-11T14:10:00+00:00,29687.47,29699.600000000002,29666.27,29671.600000000002,22367
2026-08-11T14:15:00+00:00,29671.600000000002,29700.22,29649.47,29658.350000000002,29904
2026-08-11T14:20:00+00:00,29658.350000000002,29682.600000000002,29647.100000000002,29657.850000000002,29385
2026-08-11T14:25:00+00:00,29657.850000000002,29690.850000000002,29651.72,29686.72,24823
2026-08-11T14:30:00+00:00,29686.72,29694.100000000002,29642.02,29682.100000000002,22904
2026-08-11T14:35:00+00:00,29682.100000000002,29687.22,29651.600000000002,29653.600000000002,23298
2026-08-11T14:40:00+00:00,29653.600000000002,29667.97,29637.72,29651.100000000002,20436
2026-08-11T14:45:00+00:00,29651.100000000002,29692.600000000002,29649.350000000002,29689.22,16603
2026-08-11T14:50:00+00:00,29689.22,29713.97,29674.600000000002,29703.350000000002,17989
2026-08-11T14:55:00+00:00,29703.350000000002,29713.22,29681.72,29685.47,15777
2026-08-11T15:00:00+00:00,29685.47,29701.350000000002,29680.850000000002,29685.850000000002,15054
2026-08-11T15:05:00+00:00,29685.850000000002,29686.600000000002,29621.47,29623.100000000002,19776
2026-08-11T15:10:00+00:00,29623.100000000002,29637.100000000002,29612.72,29621.22,20794
2026-08-11T15:15:00+00:00,29621.22,29627.97,29606.850000000002,29617.72,19372
2026-08-11T15:20:00+00:00,29617.72,29644.47,29611.97,29616.350000000002,15081
2026-08-11T15:25:00+00:00,29616.350000000002,29631.600000000002,29611.100000000002,29612.100000000002,15086
2026-08-11T15:30:00+00:00,29612.100000000002,29628.850000000002,29575.600000000002,29583.350000000002,16679
2026-08-11T15:35:00+00:00,29583.350000000002,29602.100000000002,29576.350000000002,29579.47,17205
2026-08-11T15:40:00+00:00,29579.47,29604.22,29573.27,29602.350000000002,14484
2026-08-11T15:45:00+00:00,29602.350000000002,29603.100000000002,29576.600000000002,29577.100000000002,12966
2026-08-11T15:50:00+00:00,29577.100000000002,29594.350000000002,29570.72,29575.47,11250
2026-08-11T15:55:00+00:00,29575.47,29584.97,29568.47,29572.22,10840
2026-08-11T16:00:00+00:00,29572.22,29583.600000000002,29557.22,29561.72,12296
2026-08-11T16:05:00+00:00,29561.72,29590.350000000002,29560.47,29588.850000000002,10616
2026-08-11T16:10:00+00:00,29588.850000000002,29590.850000000002,29558.850000000002,29561.47,10432
2026-08-11T16:15:00+00:00,29561.47,29578.97,29552.52,29557.72,9799
2026-08-11T16:20:00+00:00,29557.72,29570.47,29549.47,29551.97,10762
2026-08-11T16:25:00+00:00,29551.97,29556.350000000002,29531.350000000002,29555.22,12065
2026-08-11T16:30:00+00:00,29555.22,29559.97,29540.47,29542.850000000002,8770
2026-08-11T16:35:00+00:00,29542.850000000002,29574.22,29541.47,29570.97,8187
2026-08-11T16:40:00+00:00,29570.97,29571.22,29543.350000000002,29546.100000000002,8100
2026-08-11T16:45:00+00:00,29546.100000000002,29547.47,29524.27,29541.47,9499
2026-08-11T16:50:00+00:00,29541.47,29552.22,29539.72,29550.72,8373
2026-08-11T16:55:00+00:00,29550.72,29551.72,29531.47,29535.350000000002,7649
2026-08-11T17:00:00+00:00,29535.350000000002,29543.97,29514.22,29514.97,7783
2026-08-11T17:05:00+00:00,29514.97,29532.22,29512.22,29522.22,7491
2026-08-11T17:10:00+00:00,29522.22,29522.350000000002,29486.47,29487.72,9722
2026-08-11T17:15:00+00:00,29487.72,29516.47,29481.97,29509.97,9765
2026-08-11T17:20:00+00:00,29509.97,29526.600000000002,29501.72,29516.72,10454
2026-08-11T17:25:00+00:00,29516.72,29527.22,29507.72,29515.47,8526
2026-08-11T17:30:00+00:00,29515.47,29523.97,29508.22,29523.600000000002,9260
2026-08-11T17:35:00+00:00,29523.600000000002,29537.72,29514.100000000002,29520.22,8803
2026-08-11T17:40:00+00:00,29520.22,29547.47,29518.22,29543.47,7506
2026-08-11T17:45:00+00:00,29543.47,29549.97,29533.850000000002,29539.47,7136
2026-08-11T17:50:00+00:00,29539.47,29548.850000000002,29539.350000000002,29547.72,5824
2026-08-11T17:55:00+00:00,29547.72,29548.72,29531.600000000002,29538.22,6778
2026-08-11T18:00:00+00:00,29538.22,29544.47,29526.850000000002,29539.100000000002,8749
2026-08-11T18:05:00+00:00,29539.100000000002,29543.72,29511.22,29514.22,9117
2026-08-11T18:10:00+00:00,29514.22,29523.97,29511.72,29516.72,7828
2026-08-11T18:15:00+00:00,29516.72,29523.47,29510.72,29513.72,7818
2026-08-11T18:20:00+00:00,29513.72,29513.72,29483.350000000002,29492.350000000002,10351
2026-08-11T18:25:00+00:00,29492.350000000002,29496.47,29442.600000000002,29453.350000000002,13135
2026-08-11T18:30:00+00:00,29453.350000000002,29479.47,29449.850000000002,29477.72,11731
2026-08-11T18:35:00+00:00,29477.72,29485.97,29465.350000000002,29472.100000000002,8795
2026-08-11T18:40:00+00:00,29472.100000000002,29472.47,29452.97,29458.22,8850
2026-08-11T18:45:00+00:00,29458.22,29497.850000000002,29457.600000000002,29494.72,7764
2026-08-11T18:50:00+00:00,29494.72,29508.600000000002,29489.600000000002,29504.22,7241
2026-08-11T18:55:00+00:00,29504.22,29506.22,29491.72,29491.850000000002,6975
2026-08-11T19:00:00+00:00,29491.850000000002,29504.600000000002,29484.47,29502.22,8213
2026-08-11T19:05:00+00:00,29502.22,29502.97,29480.72,29492.100000000002,8116
2026-08-11T19:10:00+00:00,29492.100000000002,29523.600000000002,29488.97,29516.850000000002,8079
2026-08-11T19:15:00+00:00,29516.850000000002,29524.350000000002,29511.47,29514.72,7045
2026-08-11T19:20:00+00:00,29514.72,29526.22,29511.97,29522.22,6696
2026-08-11T19:25:00+00:00,29522.22,29536.100000000002,29515.72,29533.47,7049
2026-08-11T19:30:00+00:00,29533.47,29547.97,29529.47,29546.350000000002,9184
2026-08-11T19:35:00+00:00,29546.350000000002,29569.100000000002,29541.100000000002,29568.850000000002,7874
2026-08-11T19:40:00+00:00,29568.850000000002,29569.47,29546.47,29549.22,8000
2026-08-11T19:45:00+00:00,29549.22,29552.350000000002,29529.350000000002,29537.350000000002,9844
2026-08-11T19:50:00+00:00,29537.350000000002,29557.72,29516.850000000002,29554.850000000002,13942
2026-08-11T19:55:00+00:00,29554.850000000002,29559.100000000002,29521.72,29544.600000000002,16965
2026-08-11T20:00:00+00:00,29544.600000000002,29560.57,29526.57,29530.07,7113
2026-08-11T20:05:00+00:00,29530.07,29544.2,29528.95,29541.2,3385
2026-08-11T20:10:00+00:00,29541.2,29550.32,29523.7,29548.95,3767
2026-08-11T20:15:00+00:00,29548.95,29561.2,29548.32,29558.45,2842
2026-08-11T20:20:00+00:00,29558.45,29578.07,29558.2,29574.2,2146
2026-08-11T20:25:00+00:00,29574.2,29585.7,29572.57,29583.2,1944
2026-08-11T20:30:00+00:00,29583.2,29585.2,29577.2,29578.95,2004
2026-08-11T20:35:00+00:00,29578.95,29581.95,29574.82,29577.82,1593
2026-08-11T20:40:00+00:00,29577.82,29579.82,29573.45,29579.2,1358
2026-08-11T20:45:00+00:00,29579.2,29580.07,29569.45,29570.7,1604
2026-08-11T20:50:00+00:00,29570.7,29571.2,29559.7,29565.32,1845
2026-08-11T20:55:00+00:00,29565.32,29568.2,29552.2,29556.02,2074
2026-08-11T22:00:00+00:00,29556.02,29572.480000000003,29539.43,29554.980000000003,2216
2026-08-11T22:05:00+00:00,29554.980000000003,29558.480000000003,29544.61,29552.230000000003,1245
2026-08-11T22:10:00+00:00,29552.230000000003,29571.980000000003,29543.61,29570.86,1753
2026-08-11T22:15:00+00:00,29570.86,29573.61,29564.36,29566.480000000003,1742
2026-08-11T22:20:00+00:00,29566.480000000003,29569.11,29565.480000000003,29567.11,1086
2026-08-11T22:25:00+00:00,29567.11,29568.36,29562.61,29566.36,1033
2026-08-11T22:30:00+00:00,29566.36,29577.480000000003,29554.61,29563.480000000003,2059
2026-08-11T22:35:00+00:00,29563.480000000003,29566.61,29560.61,29561.86,1025
2026-08-11T22:40:00+00:00,29561.86,29564.980000000003,29549.480000000003,29551.11,1298
2026-08-11T22:45:00+00:00,29551.11,29559.980000000003,29545.980000000003,29555.480000000003,1518
2026-08-11T22:50:00+00:00,29555.480000000003,29560.730000000003,29551.730000000003,29559.480000000003,885
2026-08-11T22:55:00+00:00,29559.480000000003,29565.230000000003,29559.480000000003,29561.980000000003,705
2026-08-11T23:00:00+00:00,29561.980000000003,29566.61,29557.230000000003,29560.61,1558
2026-08-11T23:05:00+00:00,29560.61,29563.730000000003,29551.730000000003,29561.230000000003,1425
2026-08-11T23:10:00+00:00,29561.230000000003,29562.36,29552.480000000003,29554.36,970
2026-08-11T23:15:00+00:00,29554.36,29558.11,29552.93,29555.11,997
2026-08-11T23:20:00+00:00,29555.11,29558.480000000003,29553.480000000003,29557.11,650
2026-08-11T23:25:00+00:00,29557.11,29566.36,29556.11,29564.230000000003,844
2026-08-11T23:30:00+00:00,29564.230000000003,29564.980000000003,29549.480000000003,29553.11,1359
2026-08-11T23:35:00+00:00,29553.11,29555.61,29548.36,29549.86,881
2026-08-11T23:40:00+00:00,29549.86,29554.11,29549.86,29552.86,741
2026-08-11T23:45:00+00:00,29552.86,29554.11,29546.36,29547.11,2684
2026-08-11T23:50:00+00:00,29547.11,29572.730000000003,29547.11,29567.980000000003,4081
2026-08-11T23:55:00+00:00,29567.980000000003,29574.61,29565.61,29574.11,3944
2026-08-12T00:00:00+00:00,29574.11,29581.36,29537.86,29550.980000000003,12720
2026-08-12T00:05:00+00:00,29550.980000000003,29559.980000000003,29536.980000000003,29546.11,10602
2026-08-12T00:10:00+00:00,29546.11,29562.730000000003,29538.230000000003,29561.980000000003,8557
2026-08-12T00:15:00+00:00,29561.980000000003,29580.61,29550.36,29579.36,7817
2026-08-12T00:20:00+00:00,29579.36,29587.730000000003,29572.230000000003,29585.11,6210
2026-08-12T00:25:00+00:00,29585.11,29587.480000000003,29572.86,29576.980000000003,6143
2026-08-12T00:30:00+00:00,29576.980000000003,29585.480000000003,29568.230000000003,29580.36,5138
2026-08-12T00:35:00+00:00,29580.36,29591.61,29565.980000000003,29568.230000000003,5732
2026-08-12T00:40:00+00:00,29568.230000000003,29577.480000000003,29564.61,29573.480000000003,5210
2026-08-12T00:45:00+00:00,29573.480000000003,29583.730000000003,29567.730000000003,29576.230000000003,5723
2026-08-12T00:50:00+00:00,29576.230000000003,29579.61,29568.730000000003,29572.61,4493
2026-08-12T00:55:00+00:00,29572.61,29581.980000000003,29571.11,29578.730000000003,4709
2026-08-12T01:00:00+00:00,29578.730000000003,29588.480000000003,29571.730000000003,29587.480000000003,6468
2026-08-12T01:05:00+00:00,29587.480000000003,29593.11,29574.730000000003,29591.36,5264
2026-08-12T01:10:00+00:00,29591.36,29592.86,29583.730000000003,29585.980000000003,4589
2026-08-12T01:15:00+00:00,29585.980000000003,29587.480000000003,29565.36,29574.480000000003,4870
2026-08-12T01:20:00+00:00,29574.480000000003,29575.480000000003,29551.480000000003,29558.86,5475
2026-08-12T01:25:00+00:00,29558.86,29578.11,29553.480000000003,29574.61,5816
2026-08-12T01:30:00+00:00,29574.61,29575.11,29558.230000000003,29559.11,5617
2026-08-12T01:35:00+00:00,29559.11,29571.61,29558.36,29560.61,5602
2026-08-12T01:40:00+00:00,29560.61,29589.980000000003,29560.230000000003,29589.61,4497
2026-08-12T01:45:00+00:00,29589.61,29592.86,29579.480000000003,29590.36,3955
2026-08-12T01:50:00+00:00,29590.36,29595.36,29576.36,29583.61,5636
2026-08-12T01:55:00+00:00,29583.61,29584.36,29558.730000000003,29570.86,5160
2026-08-12T02:00:00+00:00,29570.86,29582.61,29568.980000000003,29572.86,4545
2026-08-12T02:05:00+00:00,29572.86,29574.61,29561.730000000003,29569.86,4491
2026-08-12T02:10:00+00:00,29569.86,29574.230000000003,29563.480000000003,29569.730000000003,3712
2026-08-12T02:15:00+00:00,29569.730000000003,29576.61,29566.11,29575.730000000003,3543
2026-08-12T02:20:00+00:00,29575.730000000003,29577.36,29569.86,29570.480000000003,3068
2026-08-12T02:25:00+00:00,29570.480000000003,29589.86,29570.36,29588.86,2551
2026-08-12T02:30:00+00:00,29588.86,29605.11,29587.230000000003,29600.230000000003,2981
2026-08-12T02:35:00+00:00,29600.230000000003,29605.11,29598.730000000003,29600.11,2282
2026-08-12T02:40:00+00:00,29600.11,29606.11,29598.480000000003,29600.11,2071
2026-08-12T02:45:00+00:00,29600.11,29610.480000000003,29599.61,29610.36,2467
2026-08-12T02:50:00+00:00,29610.36,29613.230000000003,29606.61,29611.980000000003,2181
2026-08-12T02:55:00+00:00,29611.980000000003,29614.980000000003,29608.36,29614.36,1889
2026-08-12T03:00:00+00:00,29614.36,29621.86,29613.230000000003,29616.36,2915
2026-08-12T03:05:00+00:00,29616.36,29619.730000000003,29607.61,29611.230000000003,2530
2026-08-12T03:10:00+00:00,29611.230000000003,29619.36,29610.230000000003,29617.730000000003,2216
2026-08-12T03:15:00+00:00,29617.730000000003,29620.230000000003,29608.480000000003,29611.61,2859
2026-08-12T03:20:00+00:00,29611.61,29616.230000000003,29607.36,29608.11,1890
2026-08-12T03:25:00+00:00,29608.11,29616.480000000003,29607.480000000003,29614.480000000003,2259
2026-08-12T03:30:00+00:00,29614.480000000003,29616.730000000003,29609.36,29610.730000000003,4109
2026-08-12T03:35:00+00:00,29610.730000000003,29615.86,29605.11,29608.11,3129
2026-08-12T03:40:00+00:00,29608.11,29609.61,29600.980000000003,29603.480000000003,3029
2026-08-12T03:45:00+00:00,29603.480000000003,29612.980000000003,29603.480000000003,29612.61,2817
2026-08-12T03:50:00+00:00,29612.61,29612.730000000003,29597.11,29598.86,2972
2026-08-12T03:55:00+00:00,29598.86,29608.36,29598.61,29606.730000000003,2923
2026-08-12T04:00:00+00:00,29606.730000000003,29612.480000000003,29601.61,29611.11,2715
2026-08-12T04:05:00+00:00,29611.11,29614.11,29603.61,29606.230000000003,2605
2026-08-12T04:10:00+00:00,29606.230000000003,29609.36,29603.61,29608.980000000003,2272
2026-08-12T04:15:00+00:00,29608.980000000003,29609.980000000003,29603.36,29603.86,2119
2026-08-12T04:20:00+00:00,29603.86,29613.61,29603.230000000003,29612.86,1662
2026-08-12T04:25:00+00:00,29612.86,29614.61,29607.980000000003,29609.480000000003,2005
2026-08-12T04:30:00+00:00,29609.480000000003,29611.480000000003,29595.36,29599.61,2285
2026-08-12T04:35:00+00:00,29599.61,29610.61,29598.86,29608.730000000003,2010
2026-08-12T04:40:00+00:00,29608.730000000003,29610.11,29604.11,29608.980000000003,1850
2026-08-12T04:45:00+00:00,29608.980000000003,29624.11,29604.230000000003,29623.730000000003,2288
2026-08-12T04:50:00+00:00,29623.730000000003,29625.61,29621.36,29623.11,1208
2026-08-12T04:55:00+00:00,29623.11,29627.61,29622.86,29625.61,1134
2026-08-12T05:00:00+00:00,29625.61,29626.230000000003,29612.61,29614.11,1991
2026-08-12T05:05:00+00:00,29614.11,29616.36,29600.61,29608.230000000003,3161
2026-08-12T05:10:00+00:00,29608.230000000003,29608.480000000003,29596.61,29596.730000000003,2891
2026-08-12T05:15:00+00:00,29596.730000000003,29602.230000000003,29593.480000000003,29596.86,2880
2026-08-12T05:20:00+00:00,29596.86,29597.980000000003,29580.480000000003,29592.730000000003,3895
2026-08-12T05:25:00+00:00,29592.730000000003,29601.11,29592.230000000003,29600.480000000003,2981
2026-08-12T05:30:00+00:00,29600.480000000003,29617.730000000003,29598.730000000003,29616.480000000003,3534
2026-08-12T05:35:00+00:00,29616.480000000003,29618.86,29613.230000000003,29617.230000000003,2858
2026-08-12T05:40:00+00:00,29617.230000000003,29620.480000000003,29610.86,29612.11,2642
2026-08-12T05:45:00+00:00,29612.11,29615.980000000003,29609.230000000003,29614.230000000003,2308
2026-08-12T05:50:00+00:00,29614.230000000003,29625.36,29611.61,29625.230000000003,2810
2026-08-12T05:55:00+00:00,29625.230000000003,29629.86,29622.61,29627.36,3411
2026-08-12T06:00:00+00:00,29627.36,29636.36,29625.11,29635.36,3157
2026-08-12T06:05:00+00:00,29635.36,29636.11,29630.36,29633.86,2745
2026-08-12T06:10:00+00:00,29633.86,29635.480000000003,29619.230000000003,29625.36,3230
2026-08-12T06:15:00+00:00,29625.36,29633.230000000003,29616.61,29629.980000000003,3138
2026-08-12T06:20:00+00:00,29629.980000000003,29631.86,29610.61,29614.480000000003,3297
2026-08-12T06:25:00+00:00,29614.480000000003,29625.11,29609.61,29622.11,3795
2026-08-12T06:30:00+00:00,29622.11,29630.11,29617.230000000003,29627.230000000003,3451
2026-08-12T06:35:00+00:00,29627.230000000003,29641.980000000003,29624.36,29636.86,2994
2026-08-12T06:40:00+00:00,29636.86,29637.230000000003,29621.730000000003,29630.480000000003,2573
2026-08-12T06:45:00+00:00,29630.480000000003,29641.86,29629.980000000003,29638.980000000003,2961
2026-08-12T06:50:00+00:00,29638.980000000003,29642.230000000003,29636.36,29636.980000000003,1761
2026-08-12T06:55:00+00:00,29636.980000000003,29648.980000000003,29634.86,29648.36,2366
2026-08-12T07:00:00+00:00,29648.36,29661.86,29646.980000000003,29658.980000000003,5344
2026-08-12T07:05:00+00:00,29658.980000000003,29666.480000000003,29653.730000000003,29655.61,3389
2026-08-12T07:10:00+00:00,29655.61,29660.61,29650.480000000003,29653.230000000003,3537
2026-08-12T07:15:00+00:00,29653.230000000003,29660.230000000003,29649.61,29649.730000000003,3012
2026-08-12T07:20:00+00:00,29649.730000000003,29651.11,29644.230000000003,29645.480000000003,2729
2026-08-12T07:25:00+00:00,29645.480000000003,29653.36,29639.730000000003,29650.980000000003,3007
2026-08-12T07:30:00+00:00,29650.980000000003,29651.480000000003,29641.36,29644.36,3158
2026-08-12T07:35:00+00:00,29644.36,29655.86,29643.980000000003,29650.730000000003,2759
2026-08-12T07:40:00+00:00,29650.730000000003,29654.230000000003,29645.11,29653.11,2661
2026-08-12T07:45:00+00:00,29653.11,29653.480000000003,29642.480000000003,29642.980000000003,2757
2026-08-12T07:50:00+00:00,29642.980000000003,29649.730000000003,29642.36,29647.11,2075
2026-08-12T07:55:00+00:00,29647.11,29663.230000000003,29645.36,29662.980000000003,2359
2026-08-12T08:00:00+00:00,29662.980000000003,29693.11,29659.730000000003,29684.480000000003,5307
2026-08-12T08:05:00+00:00,29684.480000000003,29688.480000000003,29675.11,29678.980000000003,4146
2026-08-12T08:10:00+00:00,29678.980000000003,29684.730000000003,29677.480000000003,29683.480000000003,3191
2026-08-12T08:15:00+00:00,29683.480000000003,29693.36,29675.86,29691.61,3902
2026-08-12T08:20:00+00:00,29691.61,29704.730000000003,29690.36,29704.11,3719
2026-08-12T08:25:00+00:00,29704.11,29704.11,29694.86,29698.11,3708
2026-08-12T08:30:00+00:00,29698.11,29698.980000000003,29674.86,29677.86,4207
2026-08-12T08:35:00+00:00,29677.86,29687.480000000003,29675.86,29687.230000000003,3535
2026-08-12T08:40:00+00:00,29687.230000000003,29690.36,29681.86,29686.11,2845
2026-08-12T08:45:00+00:00,29686.11,29703.480000000003,29683.11,29703.36,2545
2026-08-12T08:50:00+00:00,29703.36,29709.61,29703.11,29709.480000000003,2372
2026-08-12T08:55:00+00:00,29709.480000000003,29711.230000000003,29705.11,29706.11,1787
2026-08-12T09:00:00+00:00,29706.11,29720.480000000003,29705.230000000003,29716.86,2900
2026-08-12T09:05:00+00:00,29716.86,29723.480000000003,29709.730000000003,29722.11,2883
2026-08-12T09:10:00+00:00,29722.11,29723.86,29718.230000000003,29720.11,2020
2026-08-12T09:15:00+00:00,29720.11,29727.11,29716.730000000003,29719.980000000003,2478
2026-08-12T09:20:00+00:00,29719.980000000003,29759.230000000003,29715.980000000003,29757.480000000003,7311
2026-08-12T09:25:00+00:00,29757.480000000003,29760.730000000003,29729.11,29735.230000000003,6566
2026-08-12T09:30:00+00:00,29735.230000000003,29750.480000000003,29734.980000000003,29743.230000000003,5118
2026-08-12T09:35:00+00:00,29743.230000000003,29750.61,29740.980000000003,29746.86,3777
2026-08-12T09:40:00+00:00,29746.86,29749.11,29740.36,29741.61,2987
2026-08-12T09:45:00+00:00,29741.61,29742.86,29727.730000000003,29731.730000000003,3876
2026-08-12T09:50:00+00:00,29731.730000000003,29745.980000000003,29715.480000000003,29716.36,6463
2026-08-12T09:55:00+00:00,29716.36,29728.36,29714.61,29727.980000000003,4166
2026-08-12T10:00:00+00:00,29727.980000000003,29740.36,29726.480000000003,29736.61,3431
2026-08-12T10:05:00+00:00,29736.61,29740.61,29730.730000000003,29737.11,3161
2026-08-12T10:10:00+00:00,29737.11,29754.61,29736.11,29750.480000000003,2848
2026-08-12T10:15:00+00:00,29750.480000000003,29751.730000000003,29745.61,29749.61,2932
2026-08-12T10:20:00+00:00,29749.61,29757.11,29749.36,29755.11,3307
2026-08-12T10:25:00+00:00,29755.11,29755.980000000003,29746.11,29751.11,3005
2026-08-12T10:30:00+00:00,29751.11,29753.11,29745.730000000003,29751.480000000003,2309
2026-08-12T10:35:00+00:00,29751.480000000003,29751.980000000003,29744.230000000003,29748.230000000003,2467
2026-08-12T10:40:00+00:00,29748.230000000003,29755.86,29746.86,29752.980000000003,2383
2026-08-12T10:45:00+00:00,29752.980000000003,29753.480000000003,29698.18,29726.230000000003,5784
2026-08-12T10:50:00+00:00,29726.230000000003,29734.11,29714.68,29728.86,7032
2026-08-12T10:55:00+00:00,29728.86,29731.11,29715.93,29727.230000000003,3494
2026-08-12T11:00:00+00:00,29727.230000000003,29742.980000000003,29726.36,29733.86,5213
2026-08-12T11:05:00+00:00,29733.86,29749.36,29730.230000000003,29748.36,4826
2026-08-12T11:10:00+00:00,29748.36,29748.480000000003,29733.480000000003,29733.480000000003,4400
2026-08-12T11:15:00+00:00,29733.480000000003,29733.980000000003,29719.230000000003,29721.36,3774
2026-08-12T11:20:00+00:00,29721.36,29729.730000000003,29717.61,29717.61,3732
2026-08-12T11:25:00+00:00,29717.61,29731.11,29717.480000000003,29722.36,3103
2026-08-12T11:30:00+00:00,29722.36,29736.36,29718.11,29732.86,3191
2026-08-12T11:35:00+00:00,29732.86,29739.61,29718.11,29739.11,3275
2026-08-12T11:40:00+00:00,29739.11,29743.730000000003,29735.730000000003,29737.36,3294
2026-08-12T11:45:00+00:00,29737.36,29740.36,29731.480000000003,29734.86,3581
2026-08-12T11:50:00+00:00,29734.86,29748.480000000003,29731.230000000003,29744.36,3977
2026-08-12T11:55:00+00:00,29744.36,29758.230000000003,29744.36,29757.61,2988
2026-08-12T12:00:00+00:00,29757.61,29769.86,29748.980000000003,29762.230000000003,5003
2026-08-12T12:05:00+00:00,29762.230000000003,29762.230000000003,29743.36,29744.730000000003,4315
2026-08-12T12:10:00+00:00,29744.730000000003,29750.980000000003,29741.230000000003,29741.86,4913
2026-08-12T12:15:00+00:00,29741.86,29754.730000000003,29733.230000000003,29741.730000000003,5102
2026-08-12T12:20:00+00:00,29741.730000000003,29758.480000000003,29737.61,29754.86,5701
2026-08-12T12:25:00+00:00,29754.86,29837.730000000003,29748.61,29817.93,7624
2026-08-12T12:30:00+00:00,29817.93,29870.18,29662.93,29809.730000000003,24205
2026-08-12T12:35:00+00:00,29809.730000000003,29835.980000000003,29785.980000000003,29834.730000000003,15382
2026-08-12T12:40:00+00:00,29834.730000000003,29846.61,29826.230000000003,29829.11,11858
2026-08-12T12:45:00+00:00,29829.11,29833.86,29812.980000000003,29820.730000000003,10285
2026-08-12T12:50:00+00:00,29820.730000000003,29834.11,29812.61,29828.980000000003,8531
2026-08-12T12:55:00+00:00,29828.980000000003,29833.61,29818.86,29831.480000000003,7607
2026-08-12T13:00:00+00:00,29831.480000000003,29844.730000000003,29828.480000000003,29837.61,9141
2026-08-12T13:05:00+00:00,29837.61,29853.36,29834.86,29841.86,7059
2026-08-12T13:10:00+00:00,29841.86,29851.86,29838.11,29851.11,6295
2026-08-12T13:15:00+00:00,29851.11,29874.86,29847.61,29873.730000000003,5909
2026-08-12T13:20:00+00:00,29873.730000000003,29893.61,29872.980000000003,29882.36,6537
2026-08-12T13:25:00+00:00,29882.36,29904.230000000003,29871.36,29903.36,9617
2026-08-12T13:30:00+00:00,29903.36,29913.63,29790.38,29790.63,61640
2026-08-12T13:35:00+00:00,29790.63,29854.93,29779.63,29802.510000000002,55643
2026-08-12T13:40:00+00:00,29802.510000000002,29817.38,29765.88,29812.260000000002,53588
2026-08-12T13:45:00+00:00,29812.260000000002,29882.13,29783.260000000002,29874.010000000002,46072
2026-08-12T13:50:00+00:00,29874.010000000002,29875.010000000002,29798.38,29808.760000000002,39397
2026-08-12T13:55:00+00:00,29808.760000000002,29833.88,29772.88,29819.63,37462
2026-08-12T14:00:00+00:00,29819.63,29826.63,29769.010000000002,29769.510000000002,38390
2026-08-12T14:05:00+00:00,29769.510000000002,29834.13,29760.43,29833.13,31014
2026-08-12T14:10:00+00:00,29833.13,29848.63,29797.13,29805.260000000002,28468
2026-08-12T14:15:00+00:00,29805.260000000002,29830.510000000002,29789.010000000002,29790.510000000002,29886
2026-08-12T14:20:00+00:00,29790.510000000002,29836.510000000002,29776.760000000002,29833.88,26910
2026-08-12T14:25:00+00:00,29833.88,29857.760000000002,29816.510000000002,29828.760000000002,21953
2026-08-12T14:30:00+00:00,29828.760000000002,29837.13,29740.88,29790.510000000002,36512
2026-08-12T14:35:00+00:00,29790.510000000002,29841.63,29774.010000000002,29833.260000000002,28100
2026-08-12T14:40:00+00:00,29833.260000000002,29840.010000000002,29807.13,29837.010000000002,20486
2026-08-12T14:45:00+00:00,29837.010000000002,29843.510000000002,29803.260000000002,29816.13,21990
2026-08-12T14:50:00+00:00,29816.13,29816.760000000002,29768.38,29774.010000000002,26455
2026-08-12T14:55:00+00:00,29774.010000000002,29791.63,29760.760000000002,29779.760000000002,25701
2026-08-12T15:00:00+00:00,29779.760000000002,29791.260000000002,29751.760000000002,29763.510000000002,25473
2026-08-12T15:05:00+00:00,29763.510000000002,29790.88,29754.13,29783.38,21861
2026-08-12T15:10:00+00:00,29783.38,29803.88,29761.13,29792.510000000002,19740
2026-08-12T15:15:00+00:00,29792.510000000002,29799.510000000002,29775.010000000002,29783.260000000002,16910
2026-08-12T15:20:00+00:00,29783.260000000002,29790.260000000002,29757.510000000002,29761.63,16209
2026-08-12T15:25:00+00:00,29761.63,29787.010000000002,29755.88,29787.010000000002,15639
2026-08-12T15:30:00+00:00,29787.010000000002,29791.13,29731.510000000002,29744.010000000002,15818
2026-08-12T15:35:00+00:00,29744.010000000002,29770.38,29742.38,29745.010000000002,15011
2026-08-12T15:40:00+00:00,29745.010000000002,29755.010000000002,29731.13,29740.88,14028
2026-08-12T15:45:00+00:00,29740.88,29760.010000000002,29731.510000000002,29759.38,13702
2026-08-12T15:50:00+00:00,29759.38,29766.510000000002,29746.760000000002,29750.010000000002,10172
2026-08-12T15:55:00+00:00,29750.010000000002,29755.63,29741.88,29744.510000000002,10150
2026-08-12T16:00:00+00:00,29744.510000000002,29773.63,29741.510000000002,29763.010000000002,11756
2026-08-12T16:05:00+00:00,29763.010000000002,29784.010000000002,29757.63,29783.88,8988
2026-08-12T16:10:00+00:00,29783.88,29789.88,29772.13,29785.510000000002,8080
2026-08-12T16:15:00+00:00,29785.510000000002,29788.88,29770.510000000002,29774.13,8739
2026-08-12T16:20:00+00:00,29774.13,29796.13,29770.38,29793.88,7748
2026-08-12T16:25:00+00:00,29793.88,29800.13,29781.63,29786.13,7067
2026-08-12T16:30:00+00:00,29786.13,29792.760000000002,29763.760000000002,29764.510000000002,9206
2026-08-12T16:35:00+00:00,29764.510000000002,29798.38,29763.260000000002,29797.510000000002,8138
2026-08-12T16:40:00+00:00,29797.510000000002,29806.88,29793.88,29797.760000000002,7336
2026-08-12T16:45:00+00:00,29797.760000000002,29811.13,29791.63,29808.88,6677
2026-08-12T16:50:00+00:00,29808.88,29830.13,29808.63,29823.63,7186
2026-08-12T16:55:00+00:00,29823.63,29826.260000000002,29815.760000000002,29817.760000000002,6510
2026-08-12T17:00:00+00:00,29817.760000000002,29836.510000000002,29815.010000000002,29831.88,6060
2026-08-12T17:05:00+00:00,29831.88,29836.63,29820.88,29821.010000000002,5783
2026-08-12T17:10:00+00:00,29821.010000000002,29825.63,29810.13,29823.760000000002,6236
2026-08-12T17:15:00+00:00,29823.760000000002,29824.13,29801.88,29811.63,7175
2026-08-12T17:20:00+00:00,29811.63,29822.13,29810.260000000002,29816.88,7111
2026-08-12T17:25:00+00:00,29816.88,29832.13,29816.010000000002,29822.38,6283
2026-08-12T17:30:00+00:00,29822.38,29831.760000000002,29813.760000000002,29822.010000000002,7225
2026-08-12T17:35:00+00:00,29822.010000000002,29830.010000000002,29819.13,29826.510000000002,5300
2026-08-12T17:40:00+00:00,29826.510000000002,29834.510000000002,29820.63,29827.63,5236
2026-08-12T17:45:00+00:00,29827.63,29832.760000000002,29823.010000000002,29825.13,6087
2026-08-12T17:50:00+00:00,29825.13,29836.38,29816.38,29820.13,6043
2026-08-12T17:55:00+00:00,29820.13,29825.38,29814.010000000002,29822.63,5289
2026-08-12T18:00:00+00:00,29822.63,29827.510000000002,29811.75,29813.13,6033.097323967722
2026-08-12T18:05:00+00:00,29813.13,29816.5,29803.13,29811.63,5298
2026-08-12T18:10:00+00:00,29811.63,29830.75,29811,29819.75,5608
2026-08-12T18:15:00+00:00,29819.75,29821.25,29805.88,29813.25,5544
2026-08-12T18:20:00+00:00,29813.25,29821.75,29802.88,29821,5369
2026-08-12T18:25:00+00:00,29821,29826,29804.88,29806.25,5971
2026-08-12T18:30:00+00:00,29806.25,29824.75,29805.88,29815.5,5576
2026-08-12T18:35:00+00:00,29815.5,29825.38,29814.13,29823.25,4692
2026-08-12T18:40:00+00:00,29823.25,29844.13,29822.5,29831.5,5217
2026-08-12T18:45:00+00:00,29831.5,29832.5,29821.38,29830.5,5633
2026-08-12T18:50:00+00:00,29830.5,29835.5,29821.25,29821.38,4606
2026-08-12T18:55:00+00:00,29821.38,29821.63,29797.38,29802.5,6962
2026-08-12T19:00:00+00:00,29802.5,29815,29801.63,29803.25,5962
2026-08-12T19:05:00+00:00,29803.25,29816.75,29802.13,29804.13,5371
2026-08-12T19:10:00+00:00,29804.13,29806.13,29791.38,29796.5,5991
2026-08-12T19:15:00+00:00,29796.5,29810.25,29794.13,29801.25,6029
2026-08-12T19:20:00+00:00,29801.25,29802.38,29777.25,29777.75,6869
2026-08-12T19:25:00+00:00,29777.75,29785.75,29768.38,29779.63,6769
2026-08-12T19:30:00+00:00,29779.63,29780.38,29764.75,29770.88,8573
2026-08-12T19:35:00+00:00,29770.88,29776.13,29762.88,29766.25,6428
2026-08-12T19:40:00+00:00,29766.25,29767.25,29744.13,29761.25,8665
2026-08-12T19:45:00+00:00,29761.25,29780.88,29753.13,29778.13,8652
2026-08-12T19:50:00+00:00,29778.13,29779.3,29751.75,29768.25,13817
2026-08-12T19:55:00+00:00,29768.25,29774.25,29738.13,29764.75,18010
2026-08-12T20:00:00+00:00,29764.75,29792.350000000002,29758.23,29780.850000000002,5790
2026-08-12T20:05:00+00:00,29780.850000000002,29817.850000000002,29766.73,29774.98,7291
2026-08-12T20:10:00+00:00,29774.98,29777.48,29743.23,29758.600000000002,5162
2026-08-12T20:15:00+00:00,29758.600000000002,29763.23,29740.55,29742.350000000002,3489
2026-08-12T20:20:00+00:00,29742.350000000002,29747.350000000002,29736.100000000002,29738.600000000002,2811
2026-08-12T20:25:00+00:00,29738.600000000002,29739.100000000002,29726.600000000002,29731.48,2655
2026-08-12T20:30:00+00:00,29731.48,29733.48,29721.600000000002,29729.48,2710
2026-08-12T20:35:00+00:00,29729.48,29735.350000000002,29725.48,29732.100000000002,2430
2026-08-12T20:40:00+00:00,29732.100000000002,29734.350000000002,29728.850000000002,29732.350000000002,1461
2026-08-12T20:45:00+00:00,29732.350000000002,29733.100000000002,29724.48,29725.98,2163
2026-08-12T20:50:00+00:00,29725.98,29735.23,29724.350000000002,29725.73,1874
2026-08-12T20:55:00+00:00,29725.73,29726.600000000002,29716.350000000002,29718.93,1818
2026-08-12T22:00:00+00:00,29718.93,29743.850000000002,29718.3,29721.600000000002,3542
2026-08-12T22:05:00+00:00,29721.600000000002,29737.23,29718.350000000002,29730.73,1805
2026-08-12T22:10:00+00:00,29730.73,29733.850000000002,29712.600000000002,29717.73,1872
2026-08-12T22:15:00+00:00,29717.73,29721.100000000002,29704.850000000002,29705.600000000002,1651
2026-08-12T22:20:00+00:00,29705.600000000002,29714.48,29700.850000000002,29710.350000000002,1474
2026-08-12T22:25:00+00:00,29710.350000000002,29712.100000000002,29696.23,29705.23,2020
2026-08-12T22:30:00+00:00,29705.23,29705.23,29692.8,29699.65,1785
2026-08-12T22:35:00+00:00,29699.65,29702.4,29694.9,29701.28,1017
2026-08-12T22:40:00+00:00,29701.28,29709.78,29699.850000000002,29706.53,1245
2026-08-12T22:45:00+00:00,29706.53,29717.4,29703.03,29710.65,1741
2026-08-12T22:50:00+00:00,29710.65,29714.4,29709.53,29714.15,692
2026-08-12T22:55:00+00:00,29714.15,29714.78,29709.28,29711.53,901
2026-08-12T23:00:00+00:00,29711.53,29721.53,29710.9,29716.4,1680
2026-08-12T23:05:00+00:00,29716.4,29721.4,29715.65,29719.78,1035
2026-08-12T23:10:00+00:00,29719.78,29725.28,29719.65,29722.9,1526
2026-08-12T23:15:00+00:00,29722.9,29723.65,29718.4,29722.65,994
2026-08-12T23:20:00+00:00,29722.65,29726.28,29721.53,29722.53,865
2026-08-12T23:25:00+00:00,29722.53,29723.03,29715.9,29719.28,1091
2026-08-12T23:30:00+00:00,29719.28,29719.78,29706.4,29712.78,1487
2026-08-12T23:35:00+00:00,29712.78,29727.03,29711.4,29725.9,1197
2026-08-12T23:40:00+00:00,29725.9,29728.65,29718.03,29724.9,1112
2026-08-12T23:45:00+00:00,29724.9,29726.9,29706.600000000002,29709.28,2950
2026-08-12T23:50:00+00:00,29709.28,29723.03,29708.28,29720.9,3022
2026-08-12T23:55:00+00:00,29720.9,29721.53,29711.600000000002,29718.9,2673
2026-08-13T00:00:00+00:00,29718.9,29770.4,29710.53,29755.03,7363
2026-08-13T00:05:00+00:00,29755.03,29777.03,29753.15,29769.4,5812
2026-08-13T00:10:00+00:00,29769.4,29774.9,29761.28,29761.4,4542
2026-08-13T00:15:00+00:00,29761.4,29775.78,29752.15,29774.9,4863
2026-08-13T00:20:00+00:00,29774.9,29780.15,29764.53,29775.15,4048
2026-08-13T00:25:00+00:00,29775.15,29778.65,29752.28,29753.28,4434
2026-08-13T00:30:00+00:00,29753.28,29766.78,29742.4,29751.03,6133
2026-08-13T00:35:00+00:00,29751.03,29756.03,29744.350000000002,29755.03,5143
2026-08-13T00:40:00+00:00,29755.03,29758.28,29746.15,29755.78,4467
2026-08-13T00:45:00+00:00,29755.78,29763.65,29745.28,29762.53,4110
2026-08-13T00:50:00+00:00,29762.53,29763.53,29744.28,29748.78,3903
2026-08-13T00:55:00+00:00,29748.78,29763.65,29743.15,29760.28,4598
2026-08-13T01:00:00+00:00,29760.28,29763.65,29735.28,29744.53,5898
2026-08-13T01:05:00+00:00,29744.53,29757.9,29742.78,29755.4,3890
2026-08-13T01:10:00+00:00,29755.4,29766.15,29740.4,29745.28,3565
2026-08-13T01:15:00+00:00,29745.28,29751.9,29737.78,29748.03,3728
2026-08-13T01:20:00+00:00,29748.03,29749.78,29735.9,29742.15,4253
2026-08-13T01:25:00+00:00,29742.15,29742.28,29722.03,29731.4,4338
2026-08-13T01:30:00+00:00,29731.4,29749.9,29728.4,29749.78,5435
2026-08-13T01:35:00+00:00,29749.78,29757.53,29748.4,29753.53,3333
2026-08-13T01:40:00+00:00,29753.53,29757.15,29742.53,29751.15,3936
2026-08-13T01:45:00+00:00,29751.15,29755.03,29741.53,29744.65,5165
2026-08-13T01:50:00+00:00,29744.65,29769.28,29743.53,29768.65,3149
2026-08-13T01:55:00+00:00,29768.65,29779.4,29767.4,29771.03,2985
2026-08-13T02:00:00+00:00,29771.03,29781.65,29767.9,29773.9,3665
2026-08-13T02:05:00+00:00,29773.9,29785.15,29771.53,29776.28,2422
2026-08-13T02:10:00+00:00,29776.28,29779.28,29773.4,29776.03,1904
2026-08-13T02:15:00+00:00,29776.03,29781.65,29772.53,29775.65,1853
2026-08-13T02:20:00+00:00,29775.65,29783.53,29771.15,29777.9,2382
2026-08-13T02:25:00+00:00,29777.9,29782.9,29772.9,29776.03,2820
2026-08-13T02:30:00+00:00,29776.03,29776.53,29747.65,29748.78,3876
2026-08-13T02:35:00+00:00,29748.78,29770.03,29747.78,29768.53,3884
2026-08-13T02:40:00+00:00,29768.53,29791.15,29768.53,29787.4,3354
2026-08-13T02:45:00+00:00,29787.4,29788.15,29780.4,29783.4,2291
2026-08-13T02:50:00+00:00,29783.4,29785.9,29780.28,29784.15,1965
2026-08-13T02:55:00+00:00,29784.15,29788.28,29780.9,29782.78,1984
2026-08-13T03:00:00+00:00,29782.78,29787.4,29779.4,29782.9,2639
2026-08-13T03:05:00+00:00,29782.9,29789.15,29782.03,29784.78,2291
2026-08-13T03:10:00+00:00,29784.78,29789.28,29782.15,29787.78,2152
2026-08-13T03:15:00+00:00,29787.78,29792.78,29785.65,29790.4,1756
2026-08-13T03:20:00+00:00,29790.4,29791.78,29785.28,29788.03,1771
2026-08-13T03:25:00+00:00,29788.03,29791.28,29786.03,29787.9,1527
2026-08-13T03:30:00+00:00,29787.9,29790.9,29780.9,29783.65,2280
2026-08-13T03:35:00+00:00,29783.65,29793.65,29782.65,29789.53,2177
2026-08-13T03:40:00+00:00,29789.53,29790.65,29786.78,29790.4,2074
2026-08-13T03:45:00+00:00,29790.4,29793.78,29789.03,29790.15,1297
2026-08-13T03:50:00+00:00,29790.15,29793.78,29789.78,29792.28,1078
2026-08-13T03:55:00+00:00,29792.28,29793.78,29788.600000000002,29792.53,1038
2026-08-13T04:00:00+00:00,29792.53,29800.28,29790.15,29795.9,1421
2026-08-13T04:05:00+00:00,29795.9,29803.15,29795.4,29803.15,1799
2026-08-13T04:10:00+00:00,29803.15,29805.65,29783.15,29783.78,2274
2026-08-13T04:15:00+00:00,29783.78,29787.53,29782.03,29785.28,2048
2026-08-13T04:20:00+00:00,29785.28,29785.28,29767.9,29781.9,3063
2026-08-13T04:25:00+00:00,29781.9,29798.15,29781.28,29790.65,2626
2026-08-13T04:30:00+00:00,29790.65,29802.4,29790.03,29800.65,2263
2026-08-13T04:35:00+00:00,29800.65,29809.53,29794.9,29795.78,1807
2026-08-13T04:40:00+00:00,29795.78,29800.03,29791.15,29793.03,2037
2026-08-13T04:45:00+00:00,29793.03,29805.9,29787.03,29803.28,3567
2026-08-13T04:50:00+00:00,29803.28,29808.65,29801.9,29804.78,2009
2026-08-13T04:55:00+00:00,29804.78,29806.03,29791.78,29793.15,2215
2026-08-13T05:00:00+00:00,29793.15,29810.4,29788.4,29808.15,3203
2026-08-13T05:05:00+00:00,29808.15,29815.53,29805.65,29815.28,1993
2026-08-13T05:10:00+00:00,29815.28,29830.15,29813.4,29829.28,1671
2026-08-13T05:15:00+00:00,29829.28,29835.28,29823.15,29824.15,1595
2026-08-13T05:20:00+00:00,29824.15,29834.03,29822.03,29824.53,2086
2026-08-13T05:25:00+00:00,29824.53,29835.78,29824.53,29834.9,2105
2026-08-13T05:30:00+00:00,29834.9,29837.4,29816.15,29826.03,3064
2026-08-13T05:35:00+00:00,29826.03,29829.15,29810.9,29820.9,2400
2026-08-13T05:40:00+00:00,29820.9,29826.4,29812.65,29816.4,2690
2026-08-13T05:45:00+00:00,29816.4,29822.28,29812.9,29818.78,2725
2026-08-13T05:50:00+00:00,29818.78,29822.15,29809.53,29811.9,2487
2026-08-13T05:55:00+00:00,29811.9,29817.03,29796.78,29797.9,2525
2026-08-13T06:00:00+00:00,29797.9,29801.28,29783.03,29794.03,3516
2026-08-13T06:05:00+00:00,29794.03,29801.03,29791.65,29800.78,3394
2026-08-13T06:10:00+00:00,29800.78,29810.28,29794.53,29807.28,3096
2026-08-13T06:15:00+00:00,29807.28,29810.78,29799.28,29808.4,3076
2026-08-13T06:20:00+00:00,29808.4,29819.15,29805.65,29818.65,2686
2026-08-13T06:25:00+00:00,29818.65,29819.15,29806.9,29811.28,2956
2026-08-13T06:30:00+00:00,29811.28,29819.03,29800.15,29803.15,3898
2026-08-13T06:35:00+00:00,29803.15,29807.78,29789.4,29789.78,2538
2026-08-13T06:40:00+00:00,29789.78,29791.15,29774.350000000002,29776.65,2515
2026-08-13T06:45:00+00:00,29776.65,29781.9,29772.600000000002,29776.03,2032
2026-08-13T06:50:00+00:00,29776.03,29786.53,29775.350000000002,29782.9,2717
2026-08-13T06:55:00+00:00,29782.9,29804.03,29781.53,29802.15,3206
2026-08-13T07:00:00+00:00,29802.15,29807.28,29766.28,29770.53,6231
2026-08-13T07:05:00+00:00,29770.53,29771.78,29761.28,29765.65,3761
2026-08-13T07:10:00+00:00,29765.65,29768.65,29759.15,29767.53,3438
2026-08-13T07:15:00+00:00,29767.53,29777.03,29761.9,29769.65,3797
2026-08-13T07:20:00+00:00,29769.65,29786.78,29765.4,29784.53,2714
2026-08-13T07:25:00+00:00,29784.53,29787.28,29780.78,29784.65,2356
2026-08-13T07:30:00+00:00,29784.65,29786.53,29777.4,29777.53,2126
2026-08-13T07:35:00+00:00,29777.53,29789.9,29775.53,29788.65,2786
2026-08-13T07:40:00+00:00,29788.65,29796.28,29783.15,29793.65,3015
2026-08-13T07:45:00+00:00,29793.65,29795.15,29780.4,29788.28,3309
2026-08-13T07:50:00+00:00,29788.28,29789.28,29777.4,29778.4,2419
2026-08-13T07:55:00+00:00,29778.4,29781.78,29772.28,29774.15,2983
2026-08-13T08:00:00+00:00,29774.15,29786.03,29742.78,29747.78,6606
2026-08-13T08:05:00+00:00,29747.78,29780.15,29746.78,29761.53,5770
2026-08-13T08:10:00+00:00,29761.53,29762.15,29743.53,29752.28,5320
2026-08-13T08:15:00+00:00,29752.28,29761.53,29741.53,29761.4,4543
2026-08-13T08:20:00+00:00,29761.4,29767.53,29752.78,29767.28,4297
2026-08-13T08:25:00+00:00,29767.28,29778.78,29766.28,29772.65,3841
2026-08-13T08:30:00+00:00,29772.65,29775.03,29765.53,29772.28,4231
2026-08-13T08:35:00+00:00,29772.28,29773.78,29759.9,29771.4,4194
2026-08-13T08:40:00+00:00,29771.4,29779.53,29764.4,29776.78,2649
2026-08-13T08:45:00+00:00,29776.78,29778.78,29768.15,29771.15,3059
2026-08-13T08:50:00+00:00,29771.15,29789.15,29769.65,29775.9,3054
2026-08-13T08:55:00+00:00,29775.9,29784.9,29773.4,29774.9,2421
2026-08-13T09:00:00+00:00,29774.9,29782.78,29765.9,29770.28,3909
2026-08-13T09:05:00+00:00,29770.28,29771.53,29759.53,29760.9,3309
2026-08-13T09:10:00+00:00,29760.9,29767.4,29746.53,29746.53,3188
2026-08-13T09:15:00+00:00,29746.53,29754.53,29734.9,29754.15,2942
2026-08-13T09:20:00+00:00,29754.15,29763.15,29751.4,29761.15,2892
2026-08-13T09:25:00+00:00,29761.15,29762.15,29749.28,29751.28,2559
2026-08-13T09:30:00+00:00,29751.28,29769.53,29750.53,29767.9,2328
2026-08-13T09:35:00+00:00,29767.9,29771.15,29763.28,29765.4,2113
2026-08-13T09:40:00+00:00,29765.4,29775.4,29764.9,29774.15,1936
2026-08-13T09:45:00+00:00,29774.15,29779.15,29771.65,29777.15,1896
2026-08-13T09:50:00+00:00,29777.15,29788.03,29776.65,29785.28,2097
2026-08-13T09:55:00+00:00,29785.28,29793.4,29785.03,29790.65,1989
2026-08-13T10:00:00+00:00,29790.65,29791.28,29777.78,29780.65,3343
2026-08-13T10:05:00+00:00,29780.65,29790.53,29776.9,29785.15,2412
2026-08-13T10:10:00+00:00,29785.15,29792.03,29782.78,29788.9,2079
2026-08-13T10:15:00+00:00,29788.9,29794.9,29787.4,29792.15,2021
2026-08-13T10:20:00+00:00,29792.15,29798.03,29785.65,29785.78,2206
2026-08-13T10:25:00+00:00,29785.78,29792.28,29778.03,29786.9,2619
2026-08-13T10:30:00+00:00,29786.9,29794.78,29783.65,29785.65,2595
2026-08-13T10:35:00+00:00,29785.65,29791.9,29782.4,29788.15,2559
2026-08-13T10:40:00+00:00,29788.15,29792.03,29785.9,29791.78,1677
2026-08-13T10:45:00+00:00,29791.78,29799.03,29788.65,29797.03,2161
2026-08-13T10:50:00+00:00,29797.03,29800.15,29789.28,29798.53,1885
2026-08-13T10:55:00+00:00,29798.53,29799.03,29794.03,29794.53,1814
2026-08-13T11:00:00+00:00,29794.53,29806.03,29792.03,29793.9,4375
2026-08-13T11:05:00+00:00,29793.9,29800.78,29789.53,29791.53,2573
2026-08-13T11:10:00+00:00,29791.53,29793.78,29784.4,29786.65,2777
2026-08-13T11:15:00+00:00,29786.65,29789.28,29771.53,29775.28,3292
2026-08-13T11:20:00+00:00,29775.28,29779.78,29773.03,29777.03,2961
2026-08-13T11:25:00+00:00,29777.03,29778.28,29769.65,29776.53,2674
2026-08-13T11:30:00+00:00,29776.53,29786.28,29771.15,29785.28,3623
2026-08-13T11:35:00+00:00,29785.28,29798.9,29781.78,29797.4,3380
2026-08-13T11:40:00+00:00,29797.4,29802.53,29789.78,29802.03,3128
2026-08-13T11:45:00+00:00,29802.03,29808.65,29799.4,29802.15,2970
2026-08-13T11:50:00+00:00,29802.15,29802.65,29782.15,29797.78,3778
2026-08-13T11:55:00+00:00,29797.78,29800.03,29781.78,29782.53,3694
2026-08-13T12:00:00+00:00,29782.53,29785.9,29753.65,29754.4,5964
2026-08-13T12:05:00+00:00,29754.4,29767.65,29751.600000000002,29761.28,5415
2026-08-13T12:10:00+00:00,29761.28,29764.03,29747.03,29754.65,5939
2026-08-13T12:15:00+00:00,29754.65,29754.9,29726.600000000002,29730.9,5581
2026-08-13T12:20:00+00:00,29730.9,29743.9,29730.78,29739.65,5083
2026-08-13T12:25:00+00:00,29739.65,29769.15,29732.53,29763.600000000002,5596
2026-08-13T12:30:00+00:00,29763.600000000002,29802.600000000002,29734.4,29760.28,13594
2026-08-13T12:35:00+00:00,29760.28,29769.78,29753.9,29766.65,6480
2026-08-13T12:40:00+00:00,29766.65,29784.28,29750.4,29760.15,6899
2026-08-13T12:45:00+00:00,29760.15,29778.15,29754.65,29771.9,5844
2026-08-13T12:50:00+00:00,29771.9,29790.4,29767.9,29786.78,5494
2026-08-13T12:55:00+00:00,29786.78,29795.03,29783.15,29794.28,5115
2026-08-13T13:00:00+00:00,29794.28,29824.53,29792.53,29822.53,6233
2026-08-13T13:05:00+00:00,29822.53,29834.53,29820.03,29831.53,5797
2026-08-13T13:10:00+00:00,29831.53,29831.78,29816.9,29822.15,5064
2026-08-13T13:15:00+00:00,29822.15,29823.9,29814.28,29820.65,4921
2026-08-13T13:20:00+00:00,29820.65,29829.28,29817.9,29821.15,4272
2026-08-13T13:25:00+00:00,29821.15,29833.65,29817.350000000002,29824.4,6489
2026-08-13T13:30:00+00:00,29824.4,29861.43,29777.8,29859.93,58571
2026-08-13T13:35:00+00:00,29859.93,29953.8,29854.55,29952.18,36665
2026-08-13T13:40:00+00:00,29952.18,29967.68,29910.05,29927.43,29171
2026-08-13T13:45:00+00:00,29927.43,30059.68,29919.68,30049.3,32150
2026-08-13T13:50:00+00:00,30049.3,30069.18,30033.55,30060.3,28464
2026-08-13T13:55:00+00:00,30060.3,30095.18,30037.05,30090.3,24202
2026-08-13T14:00:00+00:00,30090.3,30100.18,30070.3,30091.18,23723
2026-08-13T14:05:00+00:00,30091.18,30103.8,30075.3,30093.43,18218
2026-08-13T14:10:00+00:00,30093.43,30128.8,30092.8,30120.05,15135
2026-08-13T14:15:00+00:00,30120.05,30131.8,30108.8,30112.18,16629
2026-08-13T14:20:00+00:00,30112.18,30130.8,30099.68,30120.05,15451
2026-08-13T14:25:00+00:00,30120.05,30152.05,30112.3,30147.93,13509
2026-08-13T14:30:00+00:00,30147.93,30180.8,30141.8,30177.43,14954
2026-08-13T14:35:00+00:00,30177.43,30181.3,30154.55,30165.93,13198
2026-08-13T14:40:00+00:00,30165.93,30174.68,30147.05,30150.55,14082
2026-08-13T14:45:00+00:00,30150.55,30155.55,30126.55,30133.18,18762
2026-08-13T14:50:00+00:00,30133.18,30142.68,30122.55,30141.05,18098
2026-08-13T14:55:00+00:00,30141.05,30141.68,30112.55,30113.8,18139
2026-08-13T15:00:00+00:00,30113.8,30145.68,30108.68,30113.05,18887
2026-08-13T15:05:00+00:00,30113.05,30138.18,30112.3,30128.68,17725
2026-08-13T15:10:00+00:00,30128.68,30142.43,30120.43,30131.93,16821
2026-08-13T15:15:00+00:00,30131.93,30141.05,30116.8,30140.43,17378
2026-08-13T15:20:00+00:00,30140.43,30152.93,30135.05,30145.43,15952
2026-08-13T15:25:00+00:00,30145.43,30150.3,30093.93,30102.43,20737
2026-08-13T15:30:00+00:00,30102.43,30112.55,30057.93,30060.43,22663
2026-08-13T15:35:00+00:00,30060.43,30079.93,30042.68,30065.43,22914
2026-08-13T15:40:00+00:00,30065.43,30090.8,30045.55,30070.8,18941
2026-08-13T15:45:00+00:00,30070.8,30071.18,30040.43,30054.93,17262
2026-08-13T15:50:00+00:00,30054.93,30056.68,30019.18,30034.05,15606
2026-08-13T15:55:00+00:00,30034.05,30051.05,30018.8,30029.3,14093
2026-08-13T16:00:00+00:00,30029.3,30079.3,30028.55,30064.3,12579
2026-08-13T16:05:00+00:00,30064.3,30086.93,30064.3,30078.43,9797
2026-08-13T16:10:00+00:00,30078.43,30086.55,30052.93,30055.43,10307
2026-08-13T16:15:00+00:00,30055.43,30066.18,30048.05,30058.3,11677
2026-08-13T16:20:00+00:00,30058.3,30082.8,30051.43,30079.55,9737
2026-08-13T16:25:00+00:00,30079.55,30103.3,30078.05,30100.93,8691
2026-08-13T16:30:00+00:00,30100.93,30113.8,30098.05,30101.43,7955
2026-08-13T16:35:00+00:00,30101.43,30109.18,30082.43,30090.8,9447
2026-08-13T16:40:00+00:00,30090.8,30101.93,30084.18,30097.55,7882
2026-08-13T16:45:00+00:00,30097.55,30110.18,30096.8,30106.8,6759
2026-08-13T16:50:00+00:00,30106.8,30117.55,30095.68,30095.93,7623
2026-08-13T16:55:00+00:00,30095.93,30107.93,30090.8,30107.8,6763
2026-08-13T17:00:00+00:00,30107.8,30134.05,30106.93,30132.43,7096
2026-08-13T17:05:00+00:00,30132.43,30146.05,30130.55,30141.3,5894
2026-08-13T17:10:00+00:00,30141.3,30146.8,30138.3,30140.43,5023
2026-08-13T17:15:00+00:00,30140.43,30157.93,30139.05,30157.55,5668
2026-08-13T17:20:00+00:00,30157.55,30164.18,30150.18,30155.55,6017
2026-08-13T17:25:00+00:00,30155.55,30160.18,30149.93,30151.93,5399
2026-08-13T17:30:00+00:00,30151.93,30159.05,30144.43,30148.18,5482
2026-08-13T17:35:00+00:00,30148.18,30150.55,30135.55,30139.3,6171
2026-08-13T17:40:00+00:00,30139.3,30145.68,30128.55,30128.55,6118
2026-08-13T17:45:00+00:00,30128.55,30142.18,30128.43,30131.68,6329
2026-08-13T17:50:00+00:00,30131.68,30136.55,30119.55,30121.43,5365
2026-08-13T17:55:00+00:00,30121.43,30133.55,30118.05,30118.8,5636
2026-08-13T18:00:00+00:00,30118.8,30126.05,30115.93,30121.55,6031
2026-08-13T18:05:00+00:00,30121.55,30129.43,30108.93,30111.55,6324
2026-08-13T18:10:00+00:00,30111.55,30118.8,30103.8,30115.8,6434
2026-08-13T18:15:00+00:00,30115.8,30122.05,30107.68,30109.3,6052
2026-08-13T18:20:00+00:00,30109.3,30114.93,30095.55,30098.05,6079
2026-08-13T18:25:00+00:00,30098.05,30109.93,30097.43,30106.05,5959
2026-08-13T18:30:00+00:00,30106.05,30134.3,30105.93,30129.93,6679
2026-08-13T18:35:00+00:00,30129.93,30137.05,30126.55,30134.8,6577
2026-08-13T18:40:00+00:00,30134.8,30151.05,30130.68,30142.93,7169
2026-08-13T18:45:00+00:00,30142.93,30157.05,30142.8,30154.55,6341
2026-08-13T18:50:00+00:00,30154.55,30158.05,30146.55,30153.3,5658
2026-08-13T18:55:00+00:00,30153.3,30160.18,30150.3,30158.3,5438
2026-08-13T19:00:00+00:00,30158.3,30169.05,30156.3,30160.3,6115
2026-08-13T19:05:00+00:00,30160.3,30187.05,30154.43,30181.05,7232
2026-08-13T19:10:00+00:00,30181.05,30181.8,30146.43,30152.8,7248
2026-08-13T19:15:00+00:00,30152.8,30155.18,30136.3,30154.8,9404
2026-08-13T19:20:00+00:00,30154.8,30160.05,30146.8,30147.55,6659
2026-08-13T19:25:00+00:00,30147.55,30149.68,30129.68,30137.3,7840
2026-08-13T19:30:00+00:00,30137.3,30141.8,30125.18,30130.55,9614
2026-08-13T19:35:00+00:00,30130.55,30138.05,30127.3,30134.18,7801
2026-08-13T19:40:00+00:00,30134.18,30137.55,30117.18,30118.8,7639
2026-08-13T19:45:00+00:00,30118.8,30121.18,30109.68,30116.05,8419
2026-08-13T19:50:00+00:00,30116.05,30119.68,30097.43,30106.93,11419
2026-08-13T19:55:00+00:00,30106.93,30111.93,30087.68,30108.55,16257
2026-08-13T20:00:00+00:00,30108.55,30130.53,30058.600000000002,30118.15,9412
2026-08-13T20:05:00+00:00,30118.15,30133.03,30108.15,30114.03,4065
2026-08-13T20:10:00+00:00,30114.03,30126.53,30109.28,30122.53,3410
2026-08-13T20:15:00+00:00,30122.53,30128.03,30116.28,30118.15,2744
2026-08-13T20:20:00+00:00,30118.15,30118.9,30106.15,30111.4,2551
2026-08-13T20:25:00+00:00,30111.4,30120.03,30108.65,30112.15,1623
2026-08-13T20:30:00+00:00,30112.15,30121.15,30109.600000000002,30116.53,1976
2026-08-13T20:35:00+00:00,30116.53,30126.78,30114.53,30126.28,1587
2026-08-13T20:40:00+00:00,30126.28,30127.03,30122.15,30123.78,1265
2026-08-13T20:45:00+00:00,30123.78,30127.4,30122.53,30124.03,1410
2026-08-13T20:50:00+00:00,30124.03,30128.15,30122.4,30127.03,1059
2026-08-13T20:55:00+00:00,30127.03,30133.03,30123.28,30129.23,1333
2026-08-13T22:00:00+00:00,30129.23,30129.23,30100.66,30114.84,3241
2026-08-13T22:05:00+00:00,30114.84,30131.59,30110.09,30113.96,2106
2026-08-13T22:10:00+00:00,30113.96,30117.59,30106.46,30111.21,2247
2026-08-13T22:15:00+00:00,30111.21,30120.46,30104.59,30117.59,1755
2026-08-13T22:20:00+00:00,30117.59,30118.84,30105.09,30111.46,1679
2026-08-13T22:25:00+00:00,30111.46,30113.96,30110.46,30112.46,900
2026-08-13T22:30:00+00:00,30112.46,30121.21,30111.96,30119.71,1097
2026-08-13T22:35:00+00:00,30119.71,30123.46,30116.46,30116.59,941
2026-08-13T22:40:00+00:00,30116.59,30124.34,30116.46,30121.46,1050
2026-08-13T22:45:00+00:00,30121.46,30122.09,30114.46,30115.46,986
2026-08-13T22:50:00+00:00,30115.46,30121.46,30114.46,30117.46,557
2026-08-13T22:55:00+00:00,30117.46,30118.84,30115.46,30117.96,299
2026-08-13T23:00:00+00:00,30117.96,30120.46,30114.21,30119.09,372
2026-08-13T23:05:00+00:00,30119.09,30128.09,30118.84,30126.96,701
2026-08-13T23:10:00+00:00,30126.96,30138.96,30126.96,30138.96,766
2026-08-13T23:15:00+00:00,30138.96,30140.59,30121.71,30128.34,861
2026-08-13T23:20:00+00:00,30128.34,30128.34,30106.71,30113.59,820
2026-08-13T23:25:00+00:00,30113.59,30117.46,30111.91,30113.71,775
2026-08-13T23:30:00+00:00,30113.71,30118.09,30110.21,30115.59,1064
2026-08-13T23:35:00+00:00,30115.59,30117.46,30110.09,30111.84,700
2026-08-13T23:40:00+00:00,30111.84,30115.96,30107.84,30110.96,1504
2026-08-13T23:45:00+00:00,30110.96,30117.59,30104.34,30110.34,3120
2026-08-13T23:50:00+00:00,30110.34,30113.59,30107.71,30112.09,2441
2026-08-13T23:55:00+00:00,30112.09,30118.96,30110.16,30117.59,2723
2026-08-14T00:00:00+00:00,30117.59,30146.34,30114.09,30142.96,7094
2026-08-14T00:05:00+00:00,30142.96,30146.21,30110.59,30125.84,5379
2026-08-14T00:10:00+00:00,30125.84,30127.96,30112.96,30115.09,5254
2026-08-14T00:15:00+00:00,30115.09,30118.59,30092.84,30099.21,7263
2026-08-14T00:20:00+00:00,30099.21,30104.21,30093.96,30096.46,4489
2026-08-14T00:25:00+00:00,30096.46,30105.21,30092.34,30099.34,3320
2026-08-14T00:30:00+00:00,30099.34,30105.84,30089.34,30097.46,3488
2026-08-14T00:35:00+00:00,30097.46,30102.59,30094.59,30100.84,2405
2026-08-14T00:40:00+00:00,30100.84,30104.09,30090.71,30093.34,2540
2026-08-14T00:45:00+00:00,30093.34,30101.09,30086.84,30087.59,3385
2026-08-14T00:50:00+00:00,30087.59,30094.96,30083.34,30085.96,3867
2026-08-14T00:55:00+00:00,30085.96,30088.96,30081.21,30084.09,2993
2026-08-14T01:00:00+00:00,30084.09,30084.21,30043.34,30050.59,5476
2026-08-14T01:05:00+00:00,30050.59,30066.09,30050.46,30058.71,4793
2026-08-14T01:10:00+00:00,30058.71,30059.71,30038.84,30043.59,4684
2026-08-14T01:15:00+00:00,30043.59,30051.96,30039.09,30048.84,4967
2026-08-14T01:20:00+00:00,30048.84,30067.21,30043.71,30058.21,4057
2026-08-14T01:25:00+00:00,30058.21,30069.21,30047.96,30066.96,3890
2026-08-14T01:30:00+00:00,30066.96,30069.46,30055.46,30062.96,4489
2026-08-14T01:35:00+00:00,30062.96,30074.59,30060.59,30071.71,3826
2026-08-14T01:40:00+00:00,30071.71,30077.09,30067.09,30074.46,3265
2026-08-14T01:45:00+00:00,30074.46,30082.59,30073.71,30079.96,3037
2026-08-14T01:50:00+00:00,30079.96,30081.71,30066.71,30068.96,4091
2026-08-14T01:55:00+00:00,30068.96,30072.46,30064.21,30066.34,3060
2026-08-14T02:00:00+00:00,30066.34,30084.84,30064.09,30082.34,3015
2026-08-14T02:05:00+00:00,30082.34,30084.46,30075.34,30079.21,2767
2026-08-14T02:10:00+00:00,30079.21,30086.09,30077.21,30081.96,2455
2026-08-14T02:15:00+00:00,30081.96,30084.46,30070.71,30072.59,2307
2026-08-14T02:20:00+00:00,30072.59,30083.21,30070.59,30078.59,1979
2026-08-14T02:25:00+00:00,30078.59,30083.46,30074.34,30082.46,2651
2026-08-14T02:30:00+00:00,30082.46,30090.46,30081.59,30089.84,2146
2026-08-14T02:35:00+00:00,30089.84,30095.34,30087.59,30087.71,2109
2026-08-14T02:40:00+00:00,30087.71,30093.21,30083.21,30088.59,1794
2026-08-14T02:45:00+00:00,30088.59,30092.71,30074.21,30076.46,2384
2026-08-14T02:50:00+00:00,30076.46,30080.09,30073.34,30074.59,1907
2026-08-14T02:55:00+00:00,30074.59,30074.96,30064.34,30068.84,2302
2026-08-14T03:00:00+00:00,30068.84,30071.84,30065.09,30065.59,2068
2026-08-14T03:05:00+00:00,30065.59,30074.96,30065.16,30073.84,2071
2026-08-14T03:10:00+00:00,30073.84,30079.59,30071.71,30076.59,2008
2026-08-14T03:15:00+00:00,30076.59,30083.71,30075.09,30081.84,1716
2026-08-14T03:20:00+00:00,30081.84,30090.09,30080.46,30090.09,1637
2026-08-14T03:25:00+00:00,30090.09,30094.84,30088.46,30094.84,1273
2026-08-14T03:30:00+00:00,30094.84,30096.21,30080.34,30080.84,2870
2026-08-14T03:35:00+00:00,30080.84,30081.96,30075.09,30075.59,2289
2026-08-14T03:40:00+00:00,30075.59,30077.84,30070.46,30072.34,2023
2026-08-14T03:45:00+00:00,30072.34,30076.96,30069.21,30072.09,1593
2026-08-14T03:50:00+00:00,30072.09,30076.09,30069.84,30071.71,1638
2026-08-14T03:55:00+00:00,30071.71,30074.46,30066.71,30067.09,1282
2026-08-14T04:00:00+00:00,30067.09,30070.59,30059.21,30066.84,2482
2026-08-14T04:05:00+00:00,30066.84,30075.09,30063.96,30068.09,2601
2026-08-14T04:10:00+00:00,30068.09,30075.34,30062.09,30069.96,1826
2026-08-14T04:15:00+00:00,30069.96,30077.84,30069.34,30073.09,2044
2026-08-14T04:20:00+00:00,30073.09,30074.96,30065.46,30071.59,2720
2026-08-14T04:25:00+00:00,30071.59,30079.59,30069.21,30072.71,1976
2026-08-14T04:30:00+00:00,30072.71,30073.84,30061.46,30062.34,2704
2026-08-14T04:35:00+00:00,30062.34,30068.96,30052.59,30068.59,2993
2026-08-14T04:40:00+00:00,30068.59,30078.21,30063.59,30068.71,2134
2026-08-14T04:45:00+00:00,30068.71,30069.84,30061.71,30064.71,2213
2026-08-14T04:50:00+00:00,30064.71,30064.84,30059.59,30062.59,1935
2026-08-14T04:55:00+00:00,30062.59,30064.96,30060.21,30062.34,1377
2026-08-14T05:00:00+00:00,30062.34,30066.96,30050.71,30050.84,2596
2026-08-14T05:05:00+00:00,30050.84,30053.96,30043.21,30048.21,2162
2026-08-14T05:10:00+00:00,30048.21,30059.59,30042.46,30058.46,2739
2026-08-14T05:15:00+00:00,30058.46,30066.09,30052.71,30057.71,2290
2026-08-14T05:20:00+00:00,30057.71,30065.46,30055.34,30064.71,2217
2026-08-14T05:25:00+00:00,30064.71,30066.46,30057.66,30064.09,1970
2026-08-14T05:30:00+00:00,30064.09,30068.96,30054.84,30067.09,2720
2026-08-14T05:35:00+00:00,30067.09,30078.59,30066.59,30076.09,1892
2026-08-14T05:40:00+00:00,30076.09,30081.84,30066.71,30080.96,3318
2026-08-14T05:45:00+00:00,30080.96,30089.21,30079.46,30087.34,1630
2026-08-14T05:50:00+00:00,30087.34,30092.34,30085.09,30092.21,1623
2026-08-14T05:55:00+00:00,30092.21,30096.09,30087.46,30088.71,2090
2026-08-14T06:00:00+00:00,30088.71,30092.71,30064.09,30067.09,3412
2026-08-14T06:05:00+00:00,30067.09,30076.96,30066.59,30071.21,1969
2026-08-14T06:10:00+00:00,30071.21,30073.59,30065.71,30067.21,1977
2026-08-14T06:15:00+00:00,30067.21,30075.34,30062.41,30073.96,1996
2026-08-14T06:20:00+00:00,30073.96,30074.46,30064.21,30073.34,2145
2026-08-14T06:25:00+00:00,30073.34,30078.84,30068.34,30077.21,1458
2026-08-14T06:30:00+00:00,30077.21,30079.84,30068.71,30069.59,2107
2026-08-14T06:35:00+00:00,30069.59,30075.21,30064.09,30069.46,1696
2026-08-14T06:40:00+00:00,30069.46,30074.71,30066.71,30074.21,1402
2026-08-14T06:45:00+00:00,30074.21,30083.21,30074.21,30081.84,1387
2026-08-14T06:50:00+00:00,30081.84,30089.96,30081.71,30085.84,1242
2026-08-14T06:55:00+00:00,30085.84,30091.96,30083.46,30087.34,1421
2026-08-14T07:00:00+00:00,30087.34,30107.84,30085.84,30104.84,4190
2026-08-14T07:05:00+00:00,30104.84,30108.46,30092.84,30104.96,3343
2026-08-14T07:10:00+00:00,30104.96,30106.09,30085.84,30089.71,3226
2026-08-14T07:15:00+00:00,30089.71,30095.96,30088.84,30094.34,3391
2026-08-14T07:20:00+00:00,30094.34,30095.84,30086.84,30092.09,2817
2026-08-14T07:25:00+00:00,30092.09,30094.96,30086.46,30091.59,2324
2026-08-14T07:30:00+00:00,30091.59,30102.09,30087.34,30100.09,1929
2026-08-14T07:35:00+00:00,30100.09,30105.84,30097.46,30104.84,1684
2026-08-14T07:40:00+00:00,30104.84,30117.96,30103.21,30117.59,1767
2026-08-14T07:45:00+00:00,30117.59,30117.59,30106.96,30111.59,2046
2026-08-14T07:50:00+00:00,30111.59,30115.96,30108.84,30112.21,1764
2026-08-14T07:55:00+00:00,30112.21,30115.96,30105.91,30108.71,1976
2026-08-14T08:00:00+00:00,30108.71,30125.46,30101.84,30120.84,4941
2026-08-14T08:05:00+00:00,30120.84,30149.59,30119.59,30142.09,3784
2026-08-14T08:10:00+00:00,30142.09,30146.59,30122.96,30128.34,4405
2026-08-14T08:15:00+00:00,30128.34,30145.96,30121.34,30125.34,4403
2026-08-14T08:20:00+00:00,30125.34,30130.34,30120.59,30126.46,3728
2026-08-14T08:25:00+00:00,30126.46,30139.59,30121.34,30139.59,3990
2026-08-14T08:30:00+00:00,30139.59,30149.84,30135.71,30146.09,3478
2026-08-14T08:35:00+00:00,30146.09,30153.34,30145.46,30151.59,3463
2026-08-14T08:40:00+00:00,30151.59,30154.71,30142.09,30142.34,3136
2026-08-14T08:45:00+00:00,30142.34,30153.96,30142.09,30150.21,2534
2026-08-14T08:50:00+00:00,30150.21,30151.34,30141.84,30142.21,2973
2026-08-14T08:55:00+00:00,30142.21,30143.09,30135.09,30135.84,2659
2026-08-14T09:00:00+00:00,30135.84,30136.71,30124.84,30130.71,3376
2026-08-14T09:05:00+00:00,30130.71,30135.84,30126.84,30129.34,2218
2026-08-14T09:10:00+00:00,30129.34,30134.96,30125.21,30132.84,2369
2026-08-14T09:15:00+00:00,30132.84,30138.71,30129.21,30137.46,2608
2026-08-14T09:20:00+00:00,30137.46,30146.09,30131.84,30145.84,2791
2026-08-14T09:25:00+00:00,30145.84,30146.84,30138.96,30140.46,2267
2026-08-14T09:30:00+00:00,30140.46,30141.21,30126.09,30129.09,3427
2026-08-14T09:35:00+00:00,30129.09,30131.71,30122.59,30131.21,2559
2026-08-14T09:40:00+00:00,30131.21,30131.34,30121.71,30124.71,2230
2026-08-14T09:45:00+00:00,30124.71,30140.46,30121.84,30137.46,2343
2026-08-14T09:50:00+00:00,30137.46,30145.46,30135.21,30140.71,1742
2026-08-14T09:55:00+00:00,30140.71,30150.84,30137.96,30149.09,2582
2026-08-14T10:00:00+00:00,30149.09,30159.59,30147.96,30159.34,2486
2026-08-14T10:05:00+00:00,30159.34,30163.71,30155.46,30158.21,2645
2026-08-14T10:10:00+00:00,30158.21,30163.96,30153.71,30155.21,2247
2026-08-14T10:15:00+00:00,30155.21,30155.46,30148.21,30148.71,1890
2026-08-14T10:20:00+00:00,30148.71,30153.21,30142.84,30151.96,1827
2026-08-14T10:25:00+00:00,30151.96,30152.59,30136.96,30143.21,2271
2026-08-14T10:30:00+00:00,30143.21,30151.46,30140.09,30148.96,2347
2026-08-14T10:35:00+00:00,30148.96,30149.96,30140.59,30146.71,2193
2026-08-14T10:40:00+00:00,30146.71,30151.96,30137.71,30150.96,2174
2026-08-14T10:45:00+00:00,30150.96,30155.34,30147.21,30147.71,2110
2026-08-14T10:50:00+00:00,30147.71,30162.46,30147.71,30161.21,2125
2026-08-14T10:55:00+00:00,30161.21,30166.34,30153.21,30165.96,1942
2026-08-14T11:00:00+00:00,30165.96,30174.84,30161.09,30162.59,3493
2026-08-14T11:05:00+00:00,30162.59,30176.21,30162.46,30170.34,2951
2026-08-14T11:10:00+00:00,30170.34,30172.96,30165.59,30167.84,2381
2026-08-14T11:15:00+00:00,30167.84,30169.21,30159.71,30162.71,2646
2026-08-14T11:20:00+00:00,30162.71,30168.71,30156.71,30164.09,2121
2026-08-14T11:25:00+00:00,30164.09,30168.96,30159.34,30161.84,2424
2026-08-14T11:30:00+00:00,30161.84,30169.21,30154.09,30166.21,2780
2026-08-14T11:35:00+00:00,30166.21,30173.34,30162.46,30163.84,2933
2026-08-14T11:40:00+00:00,30163.84,30166.71,30151.84,30166.34,2759
2026-08-14T11:45:00+00:00,30166.34,30178.71,30163.71,30177.09,2487
2026-08-14T11:50:00+00:00,30177.09,30182.59,30172.84,30174.09,1911
2026-08-14T11:55:00+00:00,30174.09,30182.21,30170.59,30178.84,2422
2026-08-14T12:00:00+00:00,30178.84,30194.46,30175.21,30177.34,3990
2026-08-14T12:05:00+00:00,30177.34,30182.21,30170.96,30179.59,3696
2026-08-14T12:10:00+00:00,30179.59,30180.34,30123.34,30151.71,5210
2026-08-14T12:15:00+00:00,30151.71,30152.84,30140.46,30150.21,4550
2026-08-14T12:20:00+00:00,30150.21,30158.21,30145.46,30147.21,4280
2026-08-14T12:25:00+00:00,30147.21,30169.71,30143.96,30164.96,4426
2026-08-14T12:30:00+00:00,30164.96,30193.71,30159.16,30186.84,6769
2026-08-14T12:35:00+00:00,30186.84,30193.09,30172.21,30178.09,5353
2026-08-14T12:40:00+00:00,30178.09,30180.59,30172.84,30180.09,3941
2026-08-14T12:45:00+00:00,30180.09,30188.34,30169.09,30184.84,4044
2026-08-14T12:50:00+00:00,30184.84,30192.21,30179.71,30190.34,3458
2026-08-14T12:55:00+00:00,30190.34,30193.84,30181.09,30182.84,3201
2026-08-14T13:00:00+00:00,30182.84,30190.84,30176.71,30184.84,4112
2026-08-14T13:05:00+00:00,30184.84,30197.59,30179.59,30180.34,4450
2026-08-14T13:10:00+00:00,30180.34,30180.84,30167.21,30167.84,4257
2026-08-14T13:15:00+00:00,30167.84,30174.09,30159.84,30161.34,5077
2026-08-14T13:20:00+00:00,30161.34,30171.59,30159.71,30167.59,4910
2026-08-14T13:25:00+00:00,30167.59,30175.84,30151.41,30155.71,7297
2026-08-14T13:30:00+00:00,30155.71,30183.86,30121.11,30121.24,56730
2026-08-14T13:35:00+00:00,30121.24,30136.74,30084.74,30135.61,40399
2026-08-14T13:40:00+00:00,30135.61,30176.99,30109.86,30175.24,36850
2026-08-14T13:45:00+00:00,30175.24,30195.36,30140.36,30153.74,36551
2026-08-14T13:50:00+00:00,30153.74,30179.86,30133.36,30153.74,32905
2026-08-14T13:55:00+00:00,30153.74,30165.61,30125.66,30141.16,25939
2026-08-14T14:00:00+00:00,30141.16,30172.36,30119.66,30169.24,26884
2026-08-14T14:05:00+00:00,30169.24,30187.11,30141.16,30148.49,23594
2026-08-14T14:10:00+00:00,30148.49,30159.49,30130.74,30136.24,23700
2026-08-14T14:15:00+00:00,30136.24,30143.49,30082.61,30087.49,25338
2026-08-14T14:20:00+00:00,30087.49,30108.11,30064.36,30074.99,26784
2026-08-14T14:25:00+00:00,30074.99,30084.36,30049.49,30074.49,25116
2026-08-14T14:30:00+00:00,30074.49,30078.11,30044.11,30053.86,24208
2026-08-14T14:35:00+00:00,30053.86,30089.99,30050.86,30083.24,20187
2026-08-14T14:40:00+00:00,30083.24,30083.61,30056.99,30070.49,18655
2026-08-14T14:45:00+00:00,30070.49,30080.36,30057.74,30064.86,16340
2026-08-14T14:50:00+00:00,30064.86,30080.61,30057.74,30059.11,12572
2026-08-14T14:55:00+00:00,30059.11,30064.86,30037.86,30037.86,12364
2026-08-14T15:00:00+00:00,30037.86,30056.36,30024.36,30037.74,13889
2026-08-14T15:05:00+00:00,30037.74,30045.86,30016.74,30021.24,13647
2026-08-14T15:10:00+00:00,30021.24,30031.36,30003.11,30005.36,13295
2026-08-14T15:15:00+00:00,30005.36,30025.61,30004.36,30018.99,12373
2026-08-14T15:20:00+00:00,30018.99,30024.61,29959.36,29961.99,15415
2026-08-14T15:25:00+00:00,29961.99,29989.36,29948.24,29987.74,17756
2026-08-14T15:30:00+00:00,29987.74,29989.49,29957.24,29963.36,14699
2026-08-14T15:35:00+00:00,29963.36,29980.11,29954.11,29956.99,12232
2026-08-14T15:40:00+00:00,29956.99,29964.61,29944.61,29963.86,12651
2026-08-14T15:45:00+00:00,29963.86,29980.86,29946.11,29952.61,11444
2026-08-14T15:50:00+00:00,29952.61,29977.86,29943.99,29971.49,10842
2026-08-14T15:55:00+00:00,29971.49,29987.49,29967.36,29981.11,9405
2026-08-14T16:00:00+00:00,29981.11,29999.11,29980.49,29988.36,10083
2026-08-14T16:05:00+00:00,29988.36,29992.11,29965.49,29974.36,9725
2026-08-14T16:10:00+00:00,29974.36,29997.36,29971.99,29995.11,8172
2026-08-14T16:15:00+00:00,29995.11,30002.86,29992.24,29996.74,6589
2026-08-14T16:20:00+00:00,29996.74,30009.36,29990.49,30007.74,5888
2026-08-14T16:25:00+00:00,30007.74,30022.11,30006.24,30016.11,4977
2026-08-14T16:30:00+00:00,30016.11,30017.11,29981.11,29987.86,9315
2026-08-14T16:35:00+00:00,29987.86,30012.74,29985.74,29995.99,8152
2026-08-14T16:40:00+00:00,29995.99,29997.49,29979.49,29982.11,7877
2026-08-14T16:45:00+00:00,29982.11,29991.36,29976.49,29988.99,8011
2026-08-14T16:50:00+00:00,29988.99,29988.99,29970.61,29976.99,7268
2026-08-14T16:55:00+00:00,29976.99,29984.49,29967.91,29973.61,6797
2026-08-14T17:00:00+00:00,29973.61,29981.11,29967.86,29975.61,7570
2026-08-14T17:05:00+00:00,29975.61,29988.74,29974.11,29981.86,6508
2026-08-14T17:10:00+00:00,29981.86,29994.61,29978.36,29983.86,7437
2026-08-14T17:15:00+00:00,29983.86,29988.36,29972.49,29983.36,6055
2026-08-14T17:20:00+00:00,29983.36,29991.11,29965.61,29968.86,6157
2026-08-14T17:25:00+00:00,29968.86,29981.24,29962.99,29974.36,6686
2026-08-14T17:30:00+00:00,29974.36,29986.99,29971.74,29983.36,7262
2026-08-14T17:35:00+00:00,29983.36,29987.11,29965.86,29971.74,6607
2026-08-14T17:40:00+00:00,29971.74,29980.74,29966.74,29972.86,5800
2026-08-14T17:45:00+00:00,29972.86,29979.36,29969.13,29973.010000000002,5906.692413129735
2026-08-14T17:50:00+00:00,29973.010000000002,29992.13,29964.760000000002,29988.63,5712
2026-08-14T17:55:00+00:00,29988.63,29999.38,29981.13,29996.260000000002,5551
2026-08-14T18:00:00+00:00,29996.260000000002,30006.13,29988.38,30003.63,6307
2026-08-14T18:05:00+00:00,30003.63,30005.760000000002,29994.13,30003.38,5717
2026-08-14T18:10:00+00:00,30003.38,30005.510000000002,29992.13,29993.88,5108
2026-08-14T18:15:00+00:00,29993.88,30005.38,29993.260000000002,29999.38,4586
2026-08-14T18:20:00+00:00,29999.38,30007.510000000002,29993.38,29995.63,4711
2026-08-14T18:25:00+00:00,29995.63,30001.88,29980.260000000002,29982.510000000002,5640
2026-08-14T18:30:00+00:00,29982.510000000002,29990.510000000002,29977.63,29987.13,6076
2026-08-14T18:35:00+00:00,29987.13,29993.010000000002,29981.13,29990.88,4708
2026-08-14T18:40:00+00:00,29990.88,30005.010000000002,29988.38,30002.260000000002,4788
2026-08-14T18:45:00+00:00,30002.260000000002,30003.760000000002,29993.010000000002,30002.13,4326
2026-08-14T18:50:00+00:00,30002.13,30018.760000000002,30002.13,30012.010000000002,4934
2026-08-14T18:55:00+00:00,30012.010000000002,30012.63,30001.010000000002,30003.38,3963
2026-08-14T19:00:00+00:00,30003.38,30006.010000000002,29992.010000000002,29997.88,5945
2026-08-14T19:05:00+00:00,29997.88,30009.13,29991.88,30006.88,5064
2026-08-14T19:10:00+00:00,30006.88,30008.13,29996.13,29997.88,4908
2026-08-14T19:15:00+00:00,29997.88,30007.010000000002,29991.18,30003.13,4693
2026-08-14T19:20:00+00:00,30003.13,30004.63,29995.63,30001.760000000002,4585
2026-08-14T19:25:00+00:00,30001.760000000002,30018.38,30000.13,30011.38,5031
2026-08-14T19:30:00+00:00,30011.38,30018.38,30006.260000000002,30016.88,6274
2026-08-14T19:35:00+00:00,30016.88,30023.760000000002,30011.13,30020.510000000002,5596
2026-08-14T19:40:00+00:00,30020.510000000002,30030.260000000002,30018.260000000002,30023.63,5628
2026-08-14T19:45:00+00:00,30023.63,30034.510000000002,30016.63,30034.38,5951
2026-08-14T19:50:00+00:00,30034.38,30044.63,30029.68,30041.13,9780
2026-08-14T19:55:00+00:00,30041.13,30063.010000000002,30027.43,30059.63,12949
2026-08-14T20:00:00+00:00,30059.63,30067.48,30051.18,30060.48,6415
2026-08-14T20:05:00+00:00,30060.48,30060.73,30046.23,30048.23,3186
2026-08-14T20:10:00+00:00,30048.23,30056.48,30045.73,30047.48,2485
2026-08-14T20:15:00+00:00,30047.48,30049.86,30043.34,30046.09,1573
2026-08-14T20:20:00+00:00,30046.09,30047.72,30041.84,30044.09,879
2026-08-14T20:25:00+00:00,30044.09,30046.59,30042.72,30045.59,790
2026-08-14T20:30:00+00:00,30045.59,30057.84,30042.84,30055.47,1514
2026-08-14T20:35:00+00:00,30055.47,30057.34,30051.34,30052.22,894
2026-08-14T20:40:00+00:00,30052.22,30057.47,30052.09,30056.79,620
2026-08-16T22:00:00+00:00,30056.79,30117.95,30056.79,30111.2,3716
2026-08-16T22:05:00+00:00,30111.2,30123.08,30111.08,30115.2,2088
2026-08-16T22:10:00+00:00,30115.2,30125.7,30112.08,30120.7,1779
2026-08-16T22:15:00+00:00,30120.7,30124.08,30115.58,30117.2,1120
2026-08-16T22:20:00+00:00,30117.2,30122.7,30114.33,30116.95,1043
2026-08-16T22:25:00+00:00,30116.95,30119.2,30115.83,30116.7,670
2026-08-16T22:30:00+00:00,30116.7,30119.83,30112.9,30118.08,975
2026-08-16T22:35:00+00:00,30118.08,30118.45,30113.33,30117.2,707
2026-08-16T22:40:00+00:00,30117.2,30118.33,30114.58,30115.33,444
2026-08-16T22:45:00+00:00,30115.33,30129.08,30111.15,30127.45,1281
2026-08-16T22:50:00+00:00,30127.45,30134.2,30126.33,30132.08,992
2026-08-16T22:55:00+00:00,30132.08,30132.45,30122.7,30129.08,1034
2026-08-16T23:00:00+00:00,30129.08,30130.33,30123.08,30126.2,1028
2026-08-16T23:05:00+00:00,30126.2,30130.08,30126.08,30127.83,671
2026-08-16T23:10:00+00:00,30127.83,30129.08,30118.83,30120.2,982
2026-08-16T23:15:00+00:00,30120.2,30122.08,30117.58,30117.83,780
2026-08-16T23:20:00+00:00,30117.83,30127.45,30115.2,30123.7,1037
2026-08-16T23:25:00+00:00,30123.7,30123.95,30117.95,30120.7,747
2026-08-16T23:30:00+00:00,30120.7,30122.7,30116.33,30116.83,1044
2026-08-16T23:35:00+00:00,30116.83,30125.08,30116.83,30122.95,998
2026-08-16T23:40:00+00:00,30122.95,30129.83,30121.7,30129.2,835
2026-08-16T23:45:00+00:00,30129.2,30144.95,30128.2,30141.83,2025
2026-08-16T23:50:00+00:00,30141.83,30150.95,30140.95,30141.95,2551
2026-08-16T23:55:00+00:00,30141.95,30142.58,30136.83,30138.58,2210
2026-08-17T00:00:00+00:00,30138.58,30150.33,30132.58,30138.2,6334
2026-08-17T00:05:00+00:00,30138.2,30148.2,30135.33,30135.33,3639
2026-08-17T00:10:00+00:00,30135.33,30146.58,30134.83,30142.08,3834
2026-08-17T00:15:00+00:00,30142.08,30142.58,30113.33,30115.58,3350
2026-08-17T00:20:00+00:00,30115.58,30123.83,30115.08,30121.45,3105
2026-08-17T00:25:00+00:00,30121.45,30127.08,30118.83,30119.45,2360
2026-08-17T00:30:00+00:00,30119.45,30121.58,30110.08,30113.7,2102
2026-08-17T00:35:00+00:00,30113.7,30116.7,30109.45,30110.33,2038
2026-08-17T00:40:00+00:00,30110.33,30119.2,30109.95,30113.58,1954
2026-08-17T00:45:00+00:00,30113.58,30121.08,30109.33,30116.95,2546
2026-08-17T00:50:00+00:00,30116.95,30121.2,30113.7,30119.58,1974
2026-08-17T00:55:00+00:00,30119.58,30125.83,30115.45,30124.83,1797
2026-08-17T01:00:00+00:00,30124.83,30150.95,30123.58,30150.83,5192
2026-08-17T01:05:00+00:00,30150.83,30156.7,30147.33,30149.83,3303
2026-08-17T01:10:00+00:00,30149.83,30150.7,30137.08,30137.58,3177
2026-08-17T01:15:00+00:00,30137.58,30145.08,30127.83,30142.95,3943
2026-08-17T01:20:00+00:00,30142.95,30162.2,30142.83,30152.83,2605
2026-08-17T01:25:00+00:00,30152.83,30157.95,30151.33,30153.45,2123
2026-08-17T01:30:00+00:00,30153.45,30155.83,30122.7,30127.95,3856
2026-08-17T01:35:00+00:00,30127.95,30135.33,30120.2,30134.83,3539
2026-08-17T01:40:00+00:00,30134.83,30137.2,30114.83,30122.58,3726
2026-08-17T01:45:00+00:00,30122.58,30126.08,30115.95,30122.45,2646
2026-08-17T01:50:00+00:00,30122.45,30123.2,30110.45,30116.58,2838
2026-08-17T01:55:00+00:00,30116.58,30118.58,30112.7,30115.33,1750
2026-08-17T02:00:00+00:00,30115.33,30118.2,30110.95,30112.33,2026
2026-08-17T02:05:00+00:00,30112.33,30121.2,30109.33,30119.58,2249
2026-08-17T02:10:00+00:00,30119.58,30124.08,30115.95,30123.83,2008
2026-08-17T02:15:00+00:00,30123.83,30127.7,30121.08,30125.08,1397
2026-08-17T02:20:00+00:00,30125.08,30145.7,30124.08,30138.2,2289
2026-08-17T02:25:00+00:00,30138.2,30141.58,30135.08,30139.7,1427
2026-08-17T02:30:00+00:00,30139.7,30146.2,30135.7,30141.33,2353
2026-08-17T02:35:00+00:00,30141.33,30142.58,30135.95,30141.45,1740
2026-08-17T02:40:00+00:00,30141.45,30148.33,30140.08,30144.33,1494
2026-08-17T02:45:00+00:00,30144.33,30150.33,30143.83,30148.7,2087
2026-08-17T02:50:00+00:00,30148.7,30154.2,30145.58,30147.7,1910
2026-08-17T02:55:00+00:00,30147.7,30148.2,30143.58,30146.08,1642
2026-08-17T03:00:00+00:00,30146.08,30152.08,30144.9,30152.08,1943
2026-08-17T03:05:00+00:00,30152.08,30156.95,30147.08,30156.33,1581
2026-08-17T03:10:00+00:00,30156.33,30157.95,30146.58,30150.2,1563
2026-08-17T03:15:00+00:00,30150.2,30158.58,30149.45,30154.95,1423
2026-08-17T03:20:00+00:00,30154.95,30157.7,30154.4,30155.33,1325
2026-08-17T03:25:00+00:00,30155.33,30157.58,30152.33,30157.33,1335
2026-08-17T03:30:00+00:00,30157.33,30159.58,30149.33,30159.08,2198
2026-08-17T03:35:00+00:00,30159.08,30163.45,30157.7,30162.33,1344
2026-08-17T03:40:00+00:00,30162.33,30169.95,30161.7,30164.58,1368
2026-08-17T03:45:00+00:00,30164.58,30167.7,30162.83,30167.45,1236
2026-08-17T03:50:00+00:00,30167.45,30168.2,30162.95,30167.7,1019
2026-08-17T03:55:00+00:00,30167.7,30169.95,30167.08,30169.83,1018
2026-08-17T04:00:00+00:00,30169.83,30171.83,30167.08,30170.58,1457
2026-08-17T04:05:00+00:00,30170.58,30174.08,30169.2,30170.33,1223
2026-08-17T04:10:00+00:00,30170.33,30177.45,30169.7,30174.58,1002
2026-08-17T04:15:00+00:00,30174.58,30174.95,30169.58,30173.58,1104
2026-08-17T04:20:00+00:00,30173.58,30174.83,30166.95,30167.45,1163
2026-08-17T04:25:00+00:00,30167.45,30169.58,30163.95,30164.08,867
2026-08-17T04:30:00+00:00,30164.08,30164.33,30157.4,30159.58,1117
2026-08-17T04:35:00+00:00,30159.58,30163.08,30158.45,30162.58,1002
2026-08-17T04:40:00+00:00,30162.58,30167.83,30162.08,30167.58,978
2026-08-17T04:45:00+00:00,30167.58,30171.33,30163.45,30164.33,997
2026-08-17T04:50:00+00:00,30164.33,30165.83,30156.7,30159.08,1145
2026-08-17T04:55:00+00:00,30159.08,30161.7,30157.45,30158.45,944
2026-08-17T05:00:00+00:00,30158.45,30169.2,30157.7,30164.7,1437
2026-08-17T05:05:00+00:00,30164.7,30169.95,30160.58,30169.33,1252
2026-08-17T05:10:00+00:00,30169.33,30169.83,30162.08,30165.95,1330
2026-08-17T05:15:00+00:00,30165.95,30169.83,30165.08,30167.83,1352
2026-08-17T05:20:00+00:00,30167.83,30168.83,30159.08,30159.08,1437
2026-08-17T05:25:00+00:00,30159.08,30167.58,30154.08,30167.58,1602
2026-08-17T05:30:00+00:00,30167.58,30182.08,30160.83,30179.95,2838
2026-08-17T05:35:00+00:00,30179.95,30181.95,30172.7,30181.83,1779
2026-08-17T05:40:00+00:00,30181.83,30186.2,30181.45,30186.2,1475
2026-08-17T05:45:00+00:00,30186.2,30195.83,30184.2,30195.08,1186
2026-08-17T05:50:00+00:00,30195.08,30196.95,30189.83,30193.33,1431
2026-08-17T05:55:00+00:00,30193.33,30197.45,30191.58,30195.83,1499
2026-08-17T06:00:00+00:00,30195.83,30215.33,30190.58,30213.7,2913
2026-08-17T06:05:00+00:00,30213.7,30218.08,30212.95,30214.2,1784
2026-08-17T06:10:00+00:00,30214.2,30215.08,30209.08,30211.33,1572
2026-08-17T06:15:00+00:00,30211.33,30211.83,30195.83,30199.95,2021
2026-08-17T06:20:00+00:00,30199.95,30210.95,30196.08,30209.33,1766
2026-08-17T06:25:00+00:00,30209.33,30222.33,30208.58,30220.45,1315
2026-08-17T06:30:00+00:00,30220.45,30233.2,30217.2,30230.58,1896
2026-08-17T06:35:00+00:00,30230.58,30246.2,30230.33,30245.45,2047
2026-08-17T06:40:00+00:00,30245.45,30250.2,30235.33,30237.08,2215
2026-08-17T06:45:00+00:00,30237.08,30248.45,30234.95,30248.33,1660
2026-08-17T06:50:00+00:00,30248.33,30248.95,30239.58,30240.2,1524
2026-08-17T06:55:00+00:00,30240.2,30248.45,30238.58,30247.95,1647
2026-08-17T07:00:00+00:00,30247.95,30254.95,30229.95,30234.95,5208
2026-08-17T07:05:00+00:00,30234.95,30236.7,30221.95,30224.58,3167
2026-08-17T07:10:00+00:00,30224.58,30225.08,30197.95,30199.08,3118
2026-08-17T07:15:00+00:00,30199.08,30200.33,30184.7,30191.83,3661
2026-08-17T07:20:00+00:00,30191.83,30197.95,30187.7,30192.58,3555
2026-08-17T07:25:00+00:00,30192.58,30203.95,30186.33,30203.2,3418
2026-08-17T07:30:00+00:00,30203.2,30223.33,30200.33,30220.45,3761
2026-08-17T07:35:00+00:00,30220.45,30244.7,30220.2,30241.83,3095
2026-08-17T07:40:00+00:00,30241.83,30247.58,30239.08,30241.7,1987
2026-08-17T07:45:00+00:00,30241.7,30245.95,30236.2,30236.95,2290
2026-08-17T07:50:00+00:00,30236.95,30242.08,30230.95,30233.2,2670
2026-08-17T07:55:00+00:00,30233.2,30237.58,30230.08,30236.08,2459
2026-08-17T08:00:00+00:00,30236.08,30241.58,30219.7,30237.45,6557
2026-08-17T08:05:00+00:00,30237.45,30243.45,30224.65,30242.2,5243
2026-08-17T08:10:00+00:00,30242.2,30251.08,30228.83,30230.08,4201
2026-08-17T08:15:00+00:00,30230.08,30243.08,30226.33,30227.2,3924
2026-08-17T08:20:00+00:00,30227.2,30241.2,30226.33,30238.08,4061
2026-08-17T08:25:00+00:00,30238.08,30242.7,30233.45,30238.95,3558
2026-08-17T08:30:00+00:00,30238.95,30242.95,30231.95,30231.95,3730
2026-08-17T08:35:00+00:00,30231.95,30241.7,30228.2,30229.7,3387
2026-08-17T08:40:00+00:00,30229.7,30230.33,30211.2,30211.58,3139
2026-08-17T08:45:00+00:00,30211.58,30220.95,30210.83,30217.08,2386
2026-08-17T08:50:00+00:00,30217.08,30219.83,30207.58,30216.95,3156
2026-08-17T08:55:00+00:00,30216.95,30228.83,30213.7,30221.45,2869
2026-08-17T09:00:00+00:00,30221.45,30226.2,30212.15,30215.58,3396
2026-08-17T09:05:00+00:00,30215.58,30218.95,30211.7,30218.83,3161
2026-08-17T09:10:00+00:00,30218.83,30222.08,30212.33,30221.2,2915
2026-08-17T09:15:00+00:00,30221.2,30221.45,30201.33,30206.95,3096
2026-08-17T09:20:00+00:00,30206.95,30208.2,30195.08,30197.58,2586
2026-08-17T09:25:00+00:00,30197.58,30200.58,30191.45,30198.2,2933
2026-08-17T09:30:00+00:00,30198.2,30203.83,30192.45,30196.7,3285
2026-08-17T09:35:00+00:00,30196.7,30206.08,30191.08,30193.45,3401
2026-08-17T09:40:00+00:00,30193.45,30206.58,30192.08,30205.58,2585
2026-08-17T09:45:00+00:00,30205.58,30214.58,30202.65,30208.33,2829
2026-08-17T09:50:00+00:00,30208.33,30211.95,30199.83,30209.33,3688
2026-08-17T09:55:00+00:00,30209.33,30212.95,30203.83,30204.95,2767
2026-08-17T10:00:00+00:00,30204.95,30208.83,30202.58,30206.7,2645
2026-08-17T10:05:00+00:00,30206.7,30215.58,30199.7,30203.45,2467
2026-08-17T10:10:00+00:00,30203.45,30219.08,30202.08,30218.58,2224
2026-08-17T10:15:00+00:00,30218.58,30226.08,30208.95,30216.7,3194
2026-08-17T10:20:00+00:00,30216.7,30218.95,30208.33,30209.7,2882
2026-08-17T10:25:00+00:00,30209.7,30262.95,30202.7,30260.45,6724
2026-08-17T10:30:00+00:00,30260.45,30261.45,30217.83,30220.7,8701
2026-08-17T10:35:00+00:00,30220.7,30228.33,30216.08,30226.58,4392
2026-08-17T10:40:00+00:00,30226.58,30234.45,30221.95,30234.2,2993
2026-08-17T10:45:00+00:00,30234.2,30234.83,30228.83,30230.45,2001
2026-08-17T10:50:00+00:00,30230.45,30236.7,30229.2,30233.33,2412
2026-08-17T10:55:00+00:00,30233.33,30240.33,30231.33,30238.33,2778
2026-08-17T11:00:00+00:00,30238.33,30245.7,30219.95,30234.58,4785
2026-08-17T11:05:00+00:00,30234.58,30248.7,30233.58,30243.95,3411
2026-08-17T11:10:00+00:00,30243.95,30244.2,30221.33,30223.58,4200
2026-08-17T11:15:00+00:00,30223.58,30224.83,30210.08,30211.83,2990
2026-08-17T11:20:00+00:00,30211.83,30225.45,30211.7,30225.08,3122
2026-08-17T11:25:00+00:00,30225.08,30230.45,30217.95,30222.95,3025
2026-08-17T11:30:00+00:00,30222.95,30229.2,30218.08,30224.95,2871
2026-08-17T11:35:00+00:00,30224.95,30225.58,30216.2,30221.2,3282
2026-08-17T11:40:00+00:00,30221.2,30229.2,30218.95,30227.83,3054
2026-08-17T11:45:00+00:00,30227.83,30233.33,30227.58,30232.58,2302
2026-08-17T11:50:00+00:00,30232.58,30232.95,30214.83,30218.33,2893
2026-08-17T11:55:00+00:00,30218.33,30222.58,30209.45,30209.83,2688
2026-08-17T12:00:00+00:00,30209.83,30212.08,30172.83,30173.08,5156
2026-08-17T12:05:00+00:00,30173.08,30195.33,30170.33,30194.83,5288
2026-08-17T12:10:00+00:00,30194.83,30205.58,30190.2,30202.2,3440
2026-08-17T12:15:00+00:00,30202.2,30203.7,30192.83,30199.33,4094
2026-08-17T12:20:00+00:00,30199.33,30203.95,30193.83,30195.83,4132
2026-08-17T12:25:00+00:00,30195.83,30201.33,30144.65,30160.83,9179
2026-08-17T12:30:00+00:00,30160.83,30173.58,30145.4,30153.58,6936
2026-08-17T12:35:00+00:00,30153.58,30155.83,30117.95,30118.83,5986
2026-08-17T12:40:00+00:00,30118.83,30135.58,30106.58,30113.08,6501
2026-08-17T12:45:00+00:00,30113.08,30121.08,30104.45,30117.33,5348
2026-08-17T12:50:00+00:00,30117.33,30133.83,30108.83,30121.33,5119
2026-08-17T12:55:00+00:00,30121.33,30136.45,30115.7,30125.58,5051
2026-08-17T13:00:00+00:00,30125.58,30137.33,30122.58,30129.83,5729
2026-08-17T13:05:00+00:00,30129.83,30145.83,30129.83,30144.33,4082
2026-08-17T13:10:00+00:00,30144.33,30148.45,30138.7,30142.33,3498
2026-08-17T13:15:00+00:00,30142.33,30143.33,30134.08,30134.7,3807
2026-08-17T13:20:00+00:00,30134.7,30137.2,30129.2,30132.58,4536
2026-08-17T13:25:00+00:00,30132.58,30161.58,30131.08,30141.83,8486
2026-08-17T13:30:00+00:00,30141.83,30189.730000000003,30115.100000000002,30120.480000000003,56703
2026-08-17T13:35:00+00:00,30120.480000000003,30162.980000000003,30089.350000000002,30102.480000000003,48173
2026-08-17T13:40:00+00:00,30102.480000000003,30154.350000000002,30091.350000000002,30119.850000000002,39973
2026-08-17T13:45:00+00:00,30119.850000000002,30152.480000000003,30098.350000000002,30149.850000000002,35189
2026-08-17T13:50:00+00:00,30149.850000000002,30178.100000000002,30134.230000000003,30172.730000000003,29910
2026-08-17T13:55:00+00:00,30172.730000000003,30175.230000000003,30138.850000000002,30158.600000000002,25270
2026-08-17T14:00:00+00:00,30158.600000000002,30166.850000000002,30110.350000000002,30130.850000000002,29740
2026-08-17T14:05:00+00:00,30130.850000000002,30137.600000000002,30085.100000000002,30120.230000000003,23657
2026-08-17T14:10:00+00:00,30120.230000000003,30150.230000000003,30116.15,30148.350000000002,19227
2026-08-17T14:15:00+00:00,30148.350000000002,30149.600000000002,30098.480000000003,30104.600000000002,19660
2026-08-17T14:20:00+00:00,30104.600000000002,30108.600000000002,30079.4,30100.350000000002,19529
2026-08-17T14:25:00+00:00,30100.350000000002,30122.350000000002,30090.100000000002,30120.980000000003,17378
2026-08-17T14:30:00+00:00,30120.980000000003,30130.980000000003,30109.850000000002,30127.350000000002,15827
2026-08-17T14:35:00+00:00,30127.350000000002,30130.230000000003,30110.850000000002,30117.980000000003,14994
2026-08-17T14:40:00+00:00,30117.980000000003,30140.850000000002,30116.100000000002,30128.100000000002,12631
2026-08-17T14:45:00+00:00,30128.100000000002,30146.850000000002,30123.4,30139.480000000003,11428
2026-08-17T14:50:00+00:00,30139.480000000003,30155.350000000002,30126.850000000002,30133.100000000002,11744
2026-08-17T14:55:00+00:00,30133.100000000002,30169.730000000003,30132.100000000002,30167.600000000002,10018
2026-08-17T15:00:00+00:00,30167.600000000002,30200.480000000003,30157.100000000002,30193.100000000002,10220
2026-08-17T15:05:00+00:00,30193.100000000002,30210.600000000002,30181.100000000002,30182.850000000002,11643
2026-08-17T15:10:00+00:00,30182.850000000002,30200.600000000002,30179.730000000003,30181.350000000002,9957
2026-08-17T15:15:00+00:00,30181.350000000002,30199.980000000003,30179.100000000002,30195.730000000003,9769
2026-08-17T15:20:00+00:00,30195.730000000003,30201.730000000003,30189.100000000002,30193.480000000003,8403
2026-08-17T15:25:00+00:00,30193.480000000003,30201.230000000003,30179.600000000002,30193.350000000002,7795
2026-08-17T15:30:00+00:00,30193.350000000002,30197.100000000002,30165.730000000003,30167.850000000002,8856
2026-08-17T15:35:00+00:00,30167.850000000002,30176.100000000002,30146.600000000002,30147.850000000002,10178
2026-08-17T15:40:00+00:00,30147.850000000002,30156.850000000002,30131.980000000003,30151.600000000002,12888
2026-08-17T15:45:00+00:00,30151.600000000002,30157.100000000002,30138.15,30142.480000000003,8294
2026-08-17T15:50:00+00:00,30142.480000000003,30173.600000000002,30138.600000000002,30166.350000000002,7432
2026-08-17T15:55:00+00:00,30166.350000000002,30170.730000000003,30162.350000000002,30163.350000000002,6512
2026-08-17T16:00:00+00:00,30163.350000000002,30167.350000000002,30139.850000000002,30141.350000000002,7137
2026-08-17T16:05:00+00:00,30141.350000000002,30145.230000000003,30124.480000000003,30131.350000000002,8316
2026-08-17T16:10:00+00:00,30131.350000000002,30139.100000000002,30123.980000000003,30127.850000000002,7453
2026-08-17T16:15:00+00:00,30127.850000000002,30141.730000000003,30123.980000000003,30136.350000000002,7220
2026-08-17T16:20:00+00:00,30136.350000000002,30141.100000000002,30122.100000000002,30123.100000000002,6365
2026-08-17T16:25:00+00:00,30123.100000000002,30134.100000000002,30120.65,30130.850000000002,5943
2026-08-17T16:30:00+00:00,30130.850000000002,30136.480000000003,30117.100000000002,30121.350000000002,6717
2026-08-17T16:35:00+00:00,30121.350000000002,30126.230000000003,30117.230000000003,30125.350000000002,5150
2026-08-17T16:40:00+00:00,30125.350000000002,30125.730000000003,30105.980000000003,30107.600000000002,5213
2026-08-17T16:45:00+00:00,30107.600000000002,30114.850000000002,30102.980000000003,30113.350000000002,5983
2026-08-17T16:50:00+00:00,30113.350000000002,30116.350000000002,30099.230000000003,30113.730000000003,5380
2026-08-17T16:55:00+00:00,30113.730000000003,30116.350000000002,30101.730000000003,30107.600000000002,5147
2026-08-17T17:00:00+00:00,30107.600000000002,30111.100000000002,30095.600000000002,30097.850000000002,6159
2026-08-17T17:05:00+00:00,30097.850000000002,30098.100000000002,30078.15,30084.850000000002,7190
2026-08-17T17:10:00+00:00,30084.850000000002,30088.100000000002,30052.4,30052.980000000003,8341
2026-08-17T17:15:00+00:00,30052.980000000003,30066.600000000002,30038.15,30053.100000000002,11469
2026-08-17T17:20:00+00:00,30053.100000000002,30053.350000000002,30019.4,30032.730000000003,11803
2026-08-17T17:25:00+00:00,30032.730000000003,30039.980000000003,30017.350000000002,30020.730000000003,10438
2026-08-17T17:30:00+00:00,30020.730000000003,30037.350000000002,30014.65,30017.980000000003,11403
2026-08-17T17:35:00+00:00,30017.980000000003,30040.230000000003,30014.850000000002,30016.100000000002,9851
2026-08-17T17:40:00+00:00,30016.100000000002,30051.980000000003,30010.480000000003,30047.230000000003,8992
2026-08-17T17:45:00+00:00,30047.230000000003,30051.480000000003,30032.4,30035.230000000003,7259
2026-08-17T17:50:00+00:00,30035.230000000003,30041.230000000003,30029.850000000002,30036.100000000002,6555
2026-08-17T17:55:00+00:00,30036.100000000002,30037.230000000003,30020.980000000003,30025.980000000003,6903
2026-08-17T18:00:00+00:00,30025.980000000003,30037.350000000002,30013.100000000002,30016.980000000003,9099
2026-08-17T18:05:00+00:00,30016.980000000003,30020.850000000002,30003.480000000003,30010.850000000002,8339
2026-08-17T18:10:00+00:00,30010.850000000002,30031.350000000002,30007.850000000002,30023.980000000003,8155
2026-08-17T18:15:00+00:00,30023.980000000003,30028.600000000002,30016.600000000002,30021.980000000003,6681
2026-08-17T18:20:00+00:00,30021.980000000003,30031.100000000002,30013.350000000002,30030.600000000002,5798
2026-08-17T18:25:00+00:00,30030.600000000002,30037.600000000002,30018.850000000002,30027.230000000003,6160
2026-08-17T18:30:00+00:00,30027.230000000003,30033.230000000003,30016.480000000003,30025.100000000002,6923
2026-08-17T18:35:00+00:00,30025.100000000002,30033.980000000003,30024.850000000002,30030.850000000002,5005
2026-08-17T18:40:00+00:00,30030.850000000002,30043.730000000003,30027.600000000002,30041.230000000003,4520
2026-08-17T18:45:00+00:00,30041.230000000003,30048.980000000003,30039.350000000002,30047.100000000002,4449
2026-08-17T18:50:00+00:00,30047.100000000002,30060.480000000003,30044.230000000003,30045.980000000003,4535
2026-08-17T18:55:00+00:00,30045.980000000003,30048.730000000003,30040.480000000003,30046.100000000002,4412
2026-08-17T19:00:00+00:00,30046.100000000002,30048.230000000003,30030.730000000003,30030.980000000003,5485
2026-08-17T19:05:00+00:00,30030.980000000003,30038.600000000002,30022.350000000002,30025.850000000002,5522
2026-08-17T19:10:00+00:00,30025.850000000002,30028.100000000002,30007.480000000003,30008.230000000003,5788
2026-08-17T19:15:00+00:00,30008.230000000003,30030.850000000002,30005.980000000003,30015.850000000002,6233
2026-08-17T19:20:00+00:00,30015.850000000002,30021.480000000003,30006.850000000002,30020.100000000002,5722
2026-08-17T19:25:00+00:00,30020.100000000002,30037.730000000003,30016.350000000002,30017.350000000002,6870
2026-08-17T19:30:00+00:00,30017.350000000002,30028.730000000003,30012.850000000002,30021.730000000003,8916
2026-08-17T19:35:00+00:00,30021.730000000003,30029.850000000002,30018.730000000003,30029.600000000002,6101
2026-08-17T19:40:00+00:00,30029.600000000002,30035.480000000003,30020.230000000003,30026.350000000002,5697
2026-08-17T19:45:00+00:00,30026.350000000002,30043.480000000003,30026.350000000002,30043.230000000003,5771
2026-08-17T19:50:00+00:00,30043.230000000003,30046.480000000003,30013.100000000002,30017.850000000002,10019
2026-08-17T19:55:00+00:00,30017.850000000002,30028.980000000003,29990.600000000002,30014.600000000002,16832
2026-08-17T20:00:00+00:00,30014.600000000002,30021.08,30001.7,30003.45,6365
2026-08-17T20:05:00+00:00,30003.45,30005.33,29994.15,30003.83,3153
2026-08-17T20:10:00+00:00,30003.83,30008.45,30000.45,30001.45,2337
2026-08-17T20:15:00+00:00,30001.45,30005.08,29992.08,30004.95,2087
2026-08-17T20:20:00+00:00,30004.95,30005.7,30000.7,30000.83,1111
2026-08-17T20:25:00+00:00,30000.83,30003.08,29998.95,30001.33,1308
2026-08-17T20:30:00+00:00,30001.33,30003.58,29994.58,29996.83,1481
2026-08-17T20:35:00+00:00,29996.83,29996.95,29982.9,29988.58,1551
2026-08-17T20:40:00+00:00,29988.58,29994.58,29987.33,29987.45,1456
2026-08-17T20:45:00+00:00,29987.45,29988.33,29978.45,29982.33,1648
2026-08-17T20:50:00+00:00,29982.33,29997.08,29980.33,29996.95,1871
2026-08-17T20:55:00+00:00,29996.95,30003.280000000002,29991.33,30002.9,2496
2026-08-17T22:00:00+00:00,30002.9,30017.530000000002,29997.850000000002,30008.65,2323
2026-08-17T22:05:00+00:00,30008.65,30013.65,29997.9,30011.280000000002,2511
2026-08-17T22:10:00+00:00,30011.280000000002,30012.030000000002,29996.65,29999.9,1893
2026-08-17T22:15:00+00:00,29999.9,30005.4,29988.530000000002,30005.4,2349
2026-08-17T22:20:00+00:00,30005.4,30010.780000000002,29998.15,30007.030000000002,1762
2026-08-17T22:25:00+00:00,30007.030000000002,30009.780000000002,30001.780000000002,30001.780000000002,1161
2026-08-17T22:30:00+00:00,30001.780000000002,30002.65,29994.4,29997.4,1468
2026-08-17T22:35:00+00:00,29997.4,30000.4,29994.4,29995.15,999
2026-08-17T22:40:00+00:00,29995.15,30000.65,29993.15,29997.4,961
2026-08-17T22:45:00+00:00,29997.4,30002.9,29996.4,29999.9,960
2026-08-17T22:50:00+00:00,29999.9,30006.030000000002,29998.65,30006.030000000002,1191
2026-08-17T22:55:00+00:00,30006.030000000002,30009.530000000002,30003.15,30005.15,1180
2026-08-17T23:00:00+00:00,30005.15,30006.780000000002,29996.280000000002,29999.280000000002,1604
2026-08-17T23:05:00+00:00,29999.280000000002,30012.280000000002,29998.9,30010.280000000002,1118
2026-08-17T23:10:00+00:00,30010.280000000002,30013.030000000002,30006.65,30007.530000000002,1038
2026-08-17T23:15:00+00:00,30007.530000000002,30014.15,29997.780000000002,30008.15,1153
2026-08-17T23:20:00+00:00,30008.15,30008.780000000002,30003.15,30005.65,930
2026-08-17T23:25:00+00:00,30005.65,30010.65,30003.15,30009.9,876
2026-08-17T23:30:00+00:00,30009.9,30027.15,30008.030000000002,30020.530000000002,1652
2026-08-17T23:35:00+00:00,30020.530000000002,30026.4,30019.280000000002,30025.9,1178
2026-08-17T23:40:00+00:00,30025.9,30025.9,30020.030000000002,30022.530000000002,979
2026-08-17T23:45:00+00:00,30022.530000000002,30025.15,30006.780000000002,30012.530000000002,3906
2026-08-17T23:50:00+00:00,30012.530000000002,30025.15,30009.9,30023.9,2620
2026-08-17T23:55:00+00:00,30023.9,30026.4,30019.530000000002,30020.780000000002,1885
2026-08-18T00:00:00+00:00,30020.780000000002,30029.9,30009.780000000002,30023.65,6641
2026-08-18T00:05:00+00:00,30023.65,30028.15,30019.15,30021.280000000002,4311
2026-08-18T00:10:00+00:00,30021.280000000002,30028.15,30015.9,30026.65,3200
2026-08-18T00:15:00+00:00,30026.65,30036.850000000002,30017.65,30034.780000000002,3328
2026-08-18T00:20:00+00:00,30034.780000000002,30040.4,30032.780000000002,30034.65,2544
2026-08-18T00:25:00+00:00,30034.65,30036.530000000002,30024.530000000002,30026.9,2585
2026-08-18T00:30:00+00:00,30026.9,30036.030000000002,30024.530000000002,30035.9,2773
2026-08-18T00:35:00+00:00,30035.9,30039.530000000002,30032.4,30035.280000000002,1978
2026-08-18T00:40:00+00:00,30035.280000000002,30038.780000000002,30026.9,30038.530000000002,2366
2026-08-18T00:45:00+00:00,30038.530000000002,30039.9,30033.9,30038.030000000002,2625
2026-08-18T00:50:00+00:00,30038.030000000002,30047.280000000002,30027.280000000002,30030.030000000002,2321
2026-08-18T00:55:00+00:00,30030.030000000002,30032.65,30021.600000000002,30024.9,2678
2026-08-18T01:00:00+00:00,30024.9,30029.4,30019.030000000002,30019.780000000002,3968
2026-08-18T01:05:00+00:00,30019.780000000002,30030.030000000002,30016.4,30020.65,3629
2026-08-18T01:10:00+00:00,30020.65,30035.780000000002,30020.65,30035.530000000002,3136
2026-08-18T01:15:00+00:00,30035.530000000002,30035.9,30016.65,30021.9,3455
2026-08-18T01:20:00+00:00,30021.9,30029.280000000002,30013.4,30029.030000000002,2583
2026-08-18T01:25:00+00:00,30029.030000000002,30029.030000000002,30001.850000000002,30013.280000000002,3679
2026-08-18T01:30:00+00:00,30013.280000000002,30016.15,29995.600000000002,30004.9,3672
2026-08-18T01:35:00+00:00,30004.9,30015.65,30000.15,30000.15,3522
2026-08-18T01:40:00+00:00,30000.15,30000.530000000002,29963.850000000002,29975.65,4598
2026-08-18T01:45:00+00:00,29975.65,29981.530000000002,29943.15,29947.780000000002,5711
2026-08-18T01:50:00+00:00,29947.780000000002,29947.780000000002,29895.600000000002,29918.9,7901
2026-08-18T01:55:00+00:00,29918.9,29939.280000000002,29911.9,29938.65,6429
2026-08-18T02:00:00+00:00,29938.65,29947.9,29933.4,29938.65,5378
2026-08-18T02:05:00+00:00,29938.65,29939.530000000002,29918.350000000002,29930.65,3972
2026-08-18T02:10:00+00:00,29930.65,29933.530000000002,29889.530000000002,29891.9,4855
2026-08-18T02:15:00+00:00,29891.9,29897.030000000002,29856.4,29881.4,7531
2026-08-18T02:20:00+00:00,29881.4,29890.780000000002,29859.280000000002,29864.530000000002,5904
2026-08-18T02:25:00+00:00,29864.530000000002,29866.530000000002,29849.9,29859.280000000002,4599
2026-08-18T02:30:00+00:00,29859.280000000002,29863.780000000002,29845.65,29854.65,6716
2026-08-18T02:35:00+00:00,29854.65,29885.780000000002,29852.030000000002,29875.030000000002,5705
2026-08-18T02:40:00+00:00,29875.030000000002,29883.280000000002,29833.350000000002,29835.780000000002,5671
2026-08-18T02:45:00+00:00,29835.780000000002,29843.15,29806.530000000002,29842.4,6663
2026-08-18T02:50:00+00:00,29842.4,29847.030000000002,29825.780000000002,29826.030000000002,5070
2026-08-18T02:55:00+00:00,29826.030000000002,29837.780000000002,29813.65,29834.780000000002,5228
2026-08-18T03:00:00+00:00,29834.780000000002,29841.780000000002,29832.280000000002,29834.9,4756
2026-08-18T03:05:00+00:00,29834.9,29841.530000000002,29825.4,29828.280000000002,5138
2026-08-18T03:10:00+00:00,29828.280000000002,29830.030000000002,29814.65,29820.280000000002,4003
2026-08-18T03:15:00+00:00,29820.280000000002,29823.780000000002,29800.780000000002,29806.780000000002,4806
2026-08-18T03:20:00+00:00,29806.780000000002,29813.15,29785.65,29792.9,4464
2026-08-18T03:25:00+00:00,29792.9,29811.9,29791.030000000002,29806.030000000002,3635
2026-08-18T03:30:00+00:00,29806.030000000002,29806.030000000002,29779.280000000002,29789.030000000002,4818
2026-08-18T03:35:00+00:00,29789.030000000002,29820.280000000002,29784.780000000002,29815.280000000002,5634
2026-08-18T03:40:00+00:00,29815.280000000002,29823.4,29811.280000000002,29821.280000000002,4738
2026-08-18T03:45:00+00:00,29821.280000000002,29829.850000000002,29810.15,29810.15,4704
2026-08-18T03:50:00+00:00,29810.15,29834.65,29808.65,29829.530000000002,3796
2026-08-18T03:55:00+00:00,29829.530000000002,29830.9,29812.280000000002,29819.4,4249
2026-08-18T04:00:00+00:00,29819.4,29820.030000000002,29797.530000000002,29798.15,4551
2026-08-18T04:05:00+00:00,29798.15,29823.280000000002,29796.65,29821.9,4307
2026-08-18T04:10:00+00:00,29821.9,29824.780000000002,29815.780000000002,29824.15,3338
2026-08-18T04:15:00+00:00,29824.15,29831.4,29818.4,29826.530000000002,3820
2026-08-18T04:20:00+00:00,29826.530000000002,29828.9,29808.9,29810.15,3165
2026-08-18T04:25:00+00:00,29810.15,29841.030000000002,29805.530000000002,29837.65,3629
2026-08-18T04:30:00+00:00,29837.65,29845.15,29829.65,29836.280000000002,3227
2026-08-18T04:35:00+00:00,29836.280000000002,29847.030000000002,29817.850000000002,29821.65,3504
2026-08-18T04:40:00+00:00,29821.65,29829.780000000002,29819.780000000002,29826.65,2481
2026-08-18T04:45:00+00:00,29826.65,29837.780000000002,29821.9,29837.15,2948
2026-08-18T04:50:00+00:00,29837.15,29851.030000000002,29836.15,29847.65,2249
2026-08-18T04:55:00+00:00,29847.65,29853.15,29841.9,29843.65,1926
2026-08-18T05:00:00+00:00,29843.65,29844.9,29807.65,29813.9,4327
2026-08-18T05:05:00+00:00,29813.9,29832.15,29811.780000000002,29822.4,3390
2026-08-18T05:10:00+00:00,29822.4,29823.4,29802.780000000002,29805.9,2756
2026-08-18T05:15:00+00:00,29805.9,29810.280000000002,29802.15,29808.4,2913
2026-08-18T05:20:00+00:00,29808.4,29811.65,29800.530000000002,29805.030000000002,2795
2026-08-18T05:25:00+00:00,29805.030000000002,29813.030000000002,29800.280000000002,29802.15,2839
2026-08-18T05:30:00+00:00,29802.15,29803.030000000002,29790.030000000002,29793.280000000002,3544
2026-08-18T05:35:00+00:00,29793.280000000002,29801.9,29788.65,29793.780000000002,3344
2026-08-18T05:40:00+00:00,29793.780000000002,29797.530000000002,29788.530000000002,29791.65,2555
2026-08-18T05:45:00+00:00,29791.65,29804.4,29788.9,29803.4,2656
2026-08-18T05:50:00+00:00,29803.4,29806.530000000002,29786.9,29787.530000000002,2790
2026-08-18T05:55:00+00:00,29787.530000000002,29796.030000000002,29762.100000000002,29767.030000000002,3655
2026-08-18T06:00:00+00:00,29767.030000000002,29767.530000000002,29724.9,29732.4,6862
2026-08-18T06:05:00+00:00,29732.4,29735.65,29712.030000000002,29732.65,5209
2026-08-18T06:10:00+00:00,29732.65,29770.65,29732.030000000002,29761.780000000002,5058
2026-08-18T06:15:00+00:00,29761.780000000002,29767.280000000002,29746.65,29761.780000000002,5129
2026-08-18T06:20:00+00:00,29761.780000000002,29785.030000000002,29761.780000000002,29777.9,4527
2026-08-18T06:25:00+00:00,29777.9,29792.9,29771.4,29785.780000000002,4659
2026-08-18T06:30:00+00:00,29785.780000000002,29798.030000000002,29778.780000000002,29791.15,4982
2026-08-18T06:35:00+00:00,29791.15,29802.15,29785.15,29799.4,3870
2026-08-18T06:40:00+00:00,29799.4,29800.65,29788.4,29792.280000000002,1893
2026-08-18T06:45:00+00:00,29792.280000000002,29803.4,29788.9,29799.9,2682
2026-08-18T06:50:00+00:00,29799.9,29803.9,29793.280000000002,29794.4,2339
2026-08-18T06:55:00+00:00,29794.4,29822.030000000002,29794.4,29819.030000000002,3039
2026-08-18T07:00:00+00:00,29819.030000000002,29820.4,29800.780000000002,29807.15,6934
2026-08-18T07:05:00+00:00,29807.15,29822.780000000002,29798.15,29804.280000000002,5145
2026-08-18T07:10:00+00:00,29804.280000000002,29805.780000000002,29787.780000000002,29788.15,4647
2026-08-18T07:15:00+00:00,29788.15,29797.530000000002,29779.15,29788.15,5016
2026-08-18T07:20:00+00:00,29788.15,29796.9,29783.9,29786.15,2863
2026-08-18T07:25:00+00:00,29786.15,29790.530000000002,29772.030000000002,29773.4,3997
2026-08-18T07:30:00+00:00,29773.4,29780.780000000002,29749.530000000002,29751.4,4729
2026-08-18T07:35:00+00:00,29751.4,29772.15,29747.530000000002,29769.280000000002,4141
2026-08-18T07:40:00+00:00,29769.280000000002,29775.530000000002,29750.530000000002,29751.9,4279
2026-08-18T07:45:00+00:00,29751.9,29760.65,29749.280000000002,29758.65,3517
2026-08-18T07:50:00+00:00,29758.65,29767.280000000002,29742.4,29749.530000000002,5030
2026-08-18T07:55:00+00:00,29749.530000000002,29753.030000000002,29734.780000000002,29736.65,3857
2026-08-18T08:00:00+00:00,29736.65,29740.280000000002,29687.9,29689.15,7850
2026-08-18T08:05:00+00:00,29689.15,29692.15,29663.350000000002,29684.530000000002,8902
2026-08-18T08:10:00+00:00,29684.530000000002,29704.9,29666.4,29692.780000000002,8760
2026-08-18T08:15:00+00:00,29692.780000000002,29711.280000000002,29692.780000000002,29694.280000000002,5428
2026-08-18T08:20:00+00:00,29694.280000000002,29698.780000000002,29662.4,29666.780000000002,5874
2026-08-18T08:25:00+00:00,29666.780000000002,29690.9,29662.030000000002,29684.280000000002,6174
2026-08-18T08:30:00+00:00,29684.280000000002,29707.15,29674.030000000002,29704.030000000002,6321
2026-08-18T08:35:00+00:00,29704.030000000002,29718.65,29700.9,29710.530000000002,5557
2026-08-18T08:40:00+00:00,29710.530000000002,29716.15,29696.15,29708.530000000002,5066
2026-08-18T08:45:00+00:00,29708.530000000002,29708.780000000002,29671.780000000002,29671.9,4654
2026-08-18T08:50:00+00:00,29671.9,29690.280000000002,29669.030000000002,29682.780000000002,4241
2026-08-18T08:55:00+00:00,29682.780000000002,29698.280000000002,29673.65,29692.780000000002,4259
2026-08-18T09:00:00+00:00,29692.780000000002,29703.780000000002,29671.15,29691.030000000002,6354
2026-08-18T09:05:00+00:00,29691.030000000002,29691.030000000002,29670.030000000002,29677.4,5103
2026-08-18T09:10:00+00:00,29677.4,29700.65,29677.280000000002,29691.030000000002,5178
2026-08-18T09:15:00+00:00,29691.030000000002,29697.030000000002,29661.65,29665.280000000002,4195
2026-08-18T09:20:00+00:00,29665.280000000002,29673.030000000002,29654.15,29654.65,4676
2026-08-18T09:25:00+00:00,29654.65,29674.780000000002,29650.030000000002,29662.030000000002,5588
2026-08-18T09:30:00+00:00,29662.030000000002,29666.780000000002,29644.15,29659.030000000002,6256
2026-08-18T09:35:00+00:00,29659.030000000002,29667.9,29648.9,29652.780000000002,5271
2026-08-18T09:40:00+00:00,29652.780000000002,29653.530000000002,29624.850000000002,29638.4,4842
2026-08-18T09:45:00+00:00,29638.4,29648.65,29621.850000000002,29625.030000000002,5308
2026-08-18T09:50:00+00:00,29625.030000000002,29640.65,29613.530000000002,29640.15,5171
2026-08-18T09:55:00+00:00,29640.15,29663.4,29639.780000000002,29658.9,4926
2026-08-18T10:00:00+00:00,29658.9,29669.280000000002,29641.9,29659.280000000002,4872
2026-08-18T10:05:00+00:00,29659.280000000002,29664.9,29650.030000000002,29663.780000000002,4139
2026-08-18T10:10:00+00:00,29663.780000000002,29665.15,29643.780000000002,29648.030000000002,3928
2026-08-18T10:15:00+00:00,29648.030000000002,29668.780000000002,29637.9,29640.280000000002,4367
2026-08-18T10:20:00+00:00,29640.280000000002,29644.030000000002,29632.030000000002,29634.65,3579
2026-08-18T10:25:00+00:00,29634.65,29654.9,29630.100000000002,29653.4,3626
2026-08-18T10:30:00+00:00,29653.4,29670.4,29648.4,29663.530000000002,4169
2026-08-18T10:35:00+00:00,29663.530000000002,29671.65,29659.030000000002,29659.780000000002,3378
2026-08-18T10:40:00+00:00,29659.780000000002,29661.9,29646.530000000002,29654.530000000002,3786
2026-08-18T10:45:00+00:00,29654.530000000002,29677.9,29647.4,29675.9,3257
2026-08-18T10:50:00+00:00,29675.9,29678.4,29669.65,29674.780000000002,2329
2026-08-18T10:55:00+00:00,29674.780000000002,29676.780000000002,29663.280000000002,29664.65,2788
2026-08-18T11:00:00+00:00,29664.65,29691.030000000002,29656.15,29686.4,6675
2026-08-18T11:05:00+00:00,29686.4,29692.9,29681.4,29683.030000000002,3827
2026-08-18T11:10:00+00:00,29683.030000000002,29699.030000000002,29683.030000000002,29694.4,3677
2026-08-18T11:15:00+00:00,29694.4,29699.4,29688.530000000002,29696.4,3708
2026-08-18T11:20:00+00:00,29696.4,29699.780000000002,29679.9,29682.4,4036
2026-08-18T11:25:00+00:00,29682.4,29695.65,29679.9,29683.9,3817
2026-08-18T11:30:00+00:00,29683.9,29684.65,29664.9,29669.530000000002,5364
2026-08-18T11:35:00+00:00,29669.530000000002,29676.280000000002,29656.4,29656.530000000002,3963
2026-08-18T11:40:00+00:00,29656.530000000002,29686.530000000002,29653.530000000002,29681.15,4816
2026-08-18T11:45:00+00:00,29681.15,29701.530000000002,29681.15,29695.65,3890
2026-08-18T11:50:00+00:00,29695.65,29699.65,29671.530000000002,29677.030000000002,4633
2026-08-18T11:55:00+00:00,29677.030000000002,29689.9,29673.65,29673.9,3917
2026-08-18T12:00:00+00:00,29673.9,29708.4,29668.65,29707.9,5006
2026-08-18T12:05:00+00:00,29707.9,29711.65,29668.530000000002,29672.780000000002,5896
2026-08-18T12:10:00+00:00,29672.780000000002,29674.4,29652.9,29659.9,4302
2026-08-18T12:15:00+00:00,29659.9,29666.030000000002,29651.9,29659.530000000002,3783
2026-08-18T12:20:00+00:00,29659.530000000002,29685.9,29650.15,29654.9,5814
2026-08-18T12:25:00+00:00,29654.9,29655.780000000002,29637.65,29639.780000000002,4841
2026-08-18T12:30:00+00:00,29639.780000000002,29648.530000000002,29622.780000000002,29634.4,4827
2026-08-18T12:35:00+00:00,29634.4,29636.530000000002,29612.100000000002,29621.780000000002,5564
2026-08-18T12:40:00+00:00,29621.780000000002,29624.280000000002,29613.530000000002,29614.780000000002,3613
2026-08-18T12:45:00+00:00,29614.780000000002,29635.9,29607.280000000002,29635.030000000002,4181
2026-08-18T12:50:00+00:00,29635.030000000002,29647.030000000002,29632.030000000002,29633.780000000002,3465
2026-08-18T12:55:00+00:00,29633.780000000002,29642.9,29632.65,29639.530000000002,3309
2026-08-18T13:00:00+00:00,29639.530000000002,29652.65,29627.65,29628.030000000002,4854
2026-08-18T13:05:00+00:00,29628.030000000002,29635.9,29618.9,29619.280000000002,4001
2026-08-18T13:10:00+00:00,29619.280000000002,29629.4,29617.15,29622.9,3526
2026-08-18T13:15:00+00:00,29622.9,29629.4,29617.280000000002,29625.280000000002,4909
2026-08-18T13:20:00+00:00,29625.280000000002,29634.9,29611.350000000002,29616.030000000002,5192
2026-08-18T13:25:00+00:00,29616.030000000002,29626.65,29604.4,29616.530000000002,9566
2026-08-18T13:30:00+00:00,29616.530000000002,29681.68,29558.050000000003,29612.18,71252
2026-08-18T13:35:00+00:00,29612.18,29668.050000000003,29600.300000000003,29660.43,67631
2026-08-18T13:40:00+00:00,29660.43,29696.050000000003,29612.93,29613.68,44941
2026-08-18T13:45:00+00:00,29613.68,29627.050000000003,29571.43,29583.93,46061
2026-08-18T13:50:00+00:00,29583.93,29609.550000000003,29560.43,29563.800000000003,37671
2026-08-18T13:55:00+00:00,29563.800000000003,29591.800000000003,29531.43,29573.43,35881
2026-08-18T14:00:00+00:00,29573.43,29632.300000000003,29548.43,29600.18,45464
2026-08-18T14:05:00+00:00,29600.18,29606.050000000003,29544.18,29544.93,37117
2026-08-18T14:10:00+00:00,29544.93,29547.550000000003,29494.800000000003,29513.43,26738
2026-08-18T14:15:00+00:00,29513.43,29562.550000000003,29504.300000000003,29545.93,35235
2026-08-18T14:20:00+00:00,29545.93,29587.93,29520.350000000002,29568.550000000003,29833
2026-08-18T14:25:00+00:00,29568.550000000003,29610.800000000003,29563.600000000002,29595.68,31034
2026-08-18T14:30:00+00:00,29595.68,29617.43,29575.550000000003,29577.550000000003,31092
2026-08-18T14:35:00+00:00,29577.550000000003,29611.18,29575.800000000003,29592.43,23968
2026-08-18T14:40:00+00:00,29592.43,29599.050000000003,29539.050000000003,29539.93,23083
2026-08-18T14:45:00+00:00,29539.93,29551.550000000003,29522.050000000003,29531.300000000003,20330
2026-08-18T14:50:00+00:00,29531.300000000003,29546.43,29483.93,29484.68,24233
2026-08-18T14:55:00+00:00,29484.68,29494.050000000003,29462.93,29474.43,18838
2026-08-18T15:00:00+00:00,29474.43,29495.68,29452.68,29488.050000000003,24252
2026-08-18T15:05:00+00:00,29488.050000000003,29497.68,29453.68,29457.050000000003,20475
2026-08-18T15:10:00+00:00,29457.050000000003,29473.68,29440.550000000003,29473.18,18817
2026-08-18T15:15:00+00:00,29473.18,29487.300000000003,29461.18,29462.18,16138
2026-08-18T15:20:00+00:00,29462.18,29503.800000000003,29458.550000000003,29494.550000000003,16129
2026-08-18T15:25:00+00:00,29494.550000000003,29526.43,29490.93,29517.93,15180
2026-08-18T15:30:00+00:00,29517.93,29536.550000000003,29508.550000000003,29518.300000000003,15672
2026-08-18T15:35:00+00:00,29518.300000000003,29519.18,29494.050000000003,29498.550000000003,14789
2026-08-18T15:40:00+00:00,29498.550000000003,29533.300000000003,29492.93,29525.050000000003,15058
2026-08-18T15:45:00+00:00,29525.050000000003,29556.68,29524.93,29548.68,12591
2026-08-18T15:50:00+00:00,29548.68,29562.68,29525.43,29560.68,12990
2026-08-18T15:55:00+00:00,29560.68,29567.550000000003,29544.18,29563.050000000003,12453
2026-08-18T16:00:00+00:00,29563.050000000003,29580.18,29557.68,29565.43,12161
2026-08-18T16:05:00+00:00,29565.43,29577.18,29552.300000000003,29562.18,12125
2026-08-18T16:10:00+00:00,29562.18,29589.550000000003,29560.43,29572.93,9413
2026-08-18T16:15:00+00:00,29572.93,29577.050000000003,29547.600000000002,29551.93,9976
2026-08-18T16:20:00+00:00,29551.93,29583.68,29550.800000000003,29570.93,11439
2026-08-18T16:25:00+00:00,29570.93,29571.800000000003,29536.050000000003,29536.550000000003,9613
2026-08-18T16:30:00+00:00,29536.550000000003,29554.93,29530.300000000003,29550.68,11037
2026-08-18T16:35:00+00:00,29550.68,29566.68,29539.93,29560.300000000003,10126
2026-08-18T16:40:00+00:00,29560.300000000003,29576.550000000003,29543.68,29555.93,10034
2026-08-18T16:45:00+00:00,29555.93,29595.550000000003,29545.550000000003,29591.18,10740
2026-08-18T16:50:00+00:00,29591.18,29597.550000000003,29581.93,29594.68,8627
2026-08-18T16:55:00+00:00,29594.68,29595.050000000003,29573.800000000003,29576.050000000003,8253
2026-08-18T17:00:00+00:00,29576.050000000003,29587.550000000003,29559.43,29571.43,11312
2026-08-18T17:05:00+00:00,29571.43,29574.050000000003,29552.800000000003,29562.050000000003,9146
2026-08-18T17:10:00+00:00,29562.050000000003,29568.050000000003,29545.050000000003,29561.800000000003,7320
2026-08-18T17:15:00+00:00,29561.800000000003,29562.050000000003,29531.93,29532.300000000003,7278
2026-08-18T17:20:00+00:00,29532.300000000003,29546.550000000003,29524.100000000002,29526.68,6790
2026-08-18T17:25:00+00:00,29526.68,29544.800000000003,29519.68,29542.18,7784
2026-08-18T17:30:00+00:00,29542.18,29548.300000000003,29532.18,29535.800000000003,8327
2026-08-18T17:35:00+00:00,29535.800000000003,29548.050000000003,29518.18,29536.800000000003,7904
2026-08-18T17:40:00+00:00,29536.800000000003,29543.300000000003,29528.93,29530.300000000003,6781
2026-08-18T17:45:00+00:00,29530.300000000003,29541.68,29520.800000000003,29522.300000000003,6001
2026-08-18T17:50:00+00:00,29522.300000000003,29526.68,29517.550000000003,29519.800000000003,6028
2026-08-18T17:55:00+00:00,29519.800000000003,29521.050000000003,29491.93,29492.43,6808
2026-08-18T18:00:00+00:00,29492.43,29502.93,29488.300000000003,29495.800000000003,8150
2026-08-18T18:05:00+00:00,29495.800000000003,29504.550000000003,29477.18,29481.550000000003,7584
2026-08-18T18:10:00+00:00,29481.550000000003,29505.43,29473.68,29501.550000000003,8275
2026-08-18T18:15:00+00:00,29501.550000000003,29532.300000000003,29497.050000000003,29532.050000000003,8370
2026-08-18T18:20:00+00:00,29532.050000000003,29541.18,29518.800000000003,29526.43,7903
2026-08-18T18:25:00+00:00,29526.43,29530.18,29515.050000000003,29529.68,6045
2026-08-18T18:30:00+00:00,29529.68,29535.550000000003,29514.18,29526.300000000003,5943
2026-08-18T18:35:00+00:00,29526.300000000003,29540.300000000003,29526.050000000003,29532.050000000003,6233
2026-08-18T18:40:00+00:00,29532.050000000003,29533.550000000003,29510.800000000003,29512.550000000003,6242
2026-08-18T18:45:00+00:00,29512.550000000003,29524.18,29510.43,29512.43,6147
2026-08-18T18:50:00+00:00,29512.43,29513.68,29495.100000000002,29498.050000000003,5353
2026-08-18T18:55:00+00:00,29498.050000000003,29507.050000000003,29492.050000000003,29497.800000000003,6786
2026-08-18T19:00:00+00:00,29497.800000000003,29509.300000000003,29491.050000000003,29497.550000000003,7670
2026-08-18T19:05:00+00:00,29497.550000000003,29511.050000000003,29492.550000000003,29507.93,6246
2026-08-18T19:10:00+00:00,29507.93,29512.43,29494.18,29498.550000000003,5745
2026-08-18T19:15:00+00:00,29498.550000000003,29505.050000000003,29491.300000000003,29500.550000000003,6595
2026-08-18T19:20:00+00:00,29500.550000000003,29521.93,29492.800000000003,29521.800000000003,6923
2026-08-18T19:25:00+00:00,29521.800000000003,29532.93,29515.350000000002,29526.300000000003,6996
2026-08-18T19:30:00+00:00,29526.300000000003,29532.18,29515.800000000003,29518.550000000003,10323
2026-08-18T19:35:00+00:00,29518.550000000003,29526.800000000003,29510.68,29520.550000000003,6197
2026-08-18T19:40:00+00:00,29520.550000000003,29531.43,29509.43,29527.050000000003,6274
2026-08-18T19:45:00+00:00,29527.050000000003,29533.550000000003,29514.43,29524.18,6525
2026-08-18T19:50:00+00:00,29524.18,29535.93,29485.93,29495.800000000003,13228
2026-08-18T19:55:00+00:00,29495.800000000003,29528.550000000003,29494.43,29513.050000000003,19347
2026-08-18T20:00:00+00:00,29513.050000000003,29523.15,29502.4,29514.65,6061
2026-08-18T20:05:00+00:00,29514.65,29518.4,29498.9,29501.530000000002,3112
2026-08-18T20:10:00+00:00,29501.530000000002,29506.530000000002,29492.280000000002,29499.4,3044
2026-08-18T20:15:00+00:00,29499.4,29503.780000000002,29493.350000000002,29496.280000000002,2012
2026-08-18T20:20:00+00:00,29496.280000000002,29499.530000000002,29487.65,29491.4,1446
2026-08-18T20:25:00+00:00,29491.4,29506.9,29490.030000000002,29504.530000000002,1463
2026-08-18T20:30:00+00:00,29504.530000000002,29510.9,29500.65,29510.280000000002,1167
2026-08-18T20:35:00+00:00,29510.280000000002,29511.9,29507.65,29511.65,779
2026-08-18T20:40:00+00:00,29511.65,29511.65,29503.530000000002,29503.65,1052
2026-08-18T20:45:00+00:00,29503.65,29504.65,29477.65,29477.9,2030
2026-08-18T20:50:00+00:00,29477.9,29487.030000000002,29476.4,29482.530000000002,1744
2026-08-18T20:55:00+00:00,29482.530000000002,29494.65,29481.030000000002,29487.72,1495
2026-08-18T22:00:00+00:00,29487.72,29512.38,29479.95,29499.38,3655
2026-08-18T22:05:00+00:00,29499.38,29508.25,29487.25,29506,2136
2026-08-18T22:10:00+00:00,29506,29507.25,29499.25,29504.88,1699
2026-08-18T22:15:00+00:00,29504.88,29514,29500,29513.75,1365
2026-08-18T22:20:00+00:00,29513.75,29523.5,29506,29508.13,1923
2026-08-18T22:25:00+00:00,29508.13,29508.13,29475.75,29477.25,3033
2026-08-18T22:30:00+00:00,29477.25,29482.5,29468.5,29475.38,2592
2026-08-18T22:35:00+00:00,29475.38,29475.38,29454.2,29455.13,2157
2026-08-18T22:40:00+00:00,29455.13,29464.13,29452,29463,2012
2026-08-18T22:45:00+00:00,29463,29464.25,29451,29459,1950
2026-08-18T22:50:00+00:00,29459,29466,29449.38,29452.88,1760
2026-08-18T22:55:00+00:00,29452.88,29455.13,29447.63,29450,1592
2026-08-18T23:00:00+00:00,29450,29462.75,29445.63,29458.88,2102
2026-08-18T23:05:00+00:00,29458.88,29472,29450.13,29463.5,2235
2026-08-18T23:10:00+00:00,29463.5,29464.75,29457.13,29463.75,1141
2026-08-18T23:15:00+00:00,29463.75,29466.5,29451.88,29456,1793
2026-08-18T23:20:00+00:00,29456,29498,29456,29482.88,2428
2026-08-18T23:25:00+00:00,29482.88,29487,29474.25,29476.88,1826
2026-08-18T23:30:00+00:00,29476.88,29479.88,29466.75,29473.38,1751
2026-08-18T23:35:00+00:00,29473.38,29474.5,29453.88,29467.63,1806
2026-08-18T23:40:00+00:00,29467.63,29470.63,29461.13,29464.75,1992
2026-08-18T23:45:00+00:00,29464.75,29469.5,29455.25,29459.75,6420
2026-08-18T23:50:00+00:00,29459.75,29483.38,29456.63,29473.25,4565
2026-08-18T23:55:00+00:00,29473.25,29473.25,29457.75,29458.5,3557
2026-08-19T00:00:00+00:00,29458.5,29459.75,29369.45,29402.88,9474
2026-08-19T00:05:00+00:00,29402.88,29429.63,29391.95,29407.25,10345
2026-08-19T00:10:00+00:00,29407.25,29410.25,29381.13,29391,8834
2026-08-19T00:15:00+00:00,29391,29423.38,29380.63,29421.25,8276
2026-08-19T00:20:00+00:00,29421.25,29454.25,29415.38,29434.38,8192
2026-08-19T00:25:00+00:00,29434.38,29460.38,29429.5,29460,6672
2026-08-19T00:30:00+00:00,29460,29486.75,29459.88,29475.25,7436
2026-08-19T00:35:00+00:00,29475.25,29503.63,29474.63,29499,6561
2026-08-19T00:40:00+00:00,29499,29505.75,29490.45,29500.25,5806
2026-08-19T00:45:00+00:00,29500.25,29516.25,29496,29498,6035
2026-08-19T00:50:00+00:00,29498,29502.13,29483.95,29485.5,5706
2026-08-19T00:55:00+00:00,29485.5,29495.75,29464.63,29470.88,5774
2026-08-19T01:00:00+00:00,29470.88,29504.88,29460.88,29503.75,9318
2026-08-19T01:05:00+00:00,29503.75,29528.13,29501.25,29525.5,7918
2026-08-19T01:10:00+00:00,29525.5,29527,29511.5,29516.25,5725
2026-08-19T01:15:00+00:00,29516.25,29533,29499.88,29532.38,7436
2026-08-19T01:20:00+00:00,29532.38,29540,29519.38,29519.5,7286
2026-08-19T01:25:00+00:00,29519.5,29537.38,29509.75,29531.88,7375
2026-08-19T01:30:00+00:00,29531.88,29535.25,29494.38,29494.63,7269
2026-08-19T01:35:00+00:00,29494.63,29521.38,29494.63,29519.13,6908
2026-08-19T01:40:00+00:00,29519.13,29521.13,29495.25,29506.25,6764
2026-08-19T01:45:00+00:00,29506.25,29508.13,29493.5,29504.13,6310
2026-08-19T01:50:00+00:00,29504.13,29508.13,29497.25,29504.13,5379
2026-08-19T01:55:00+00:00,29504.13,29514.13,29497.13,29509,6109
2026-08-19T02:00:00+00:00,29509,29514,29491.88,29491.88,6224
2026-08-19T02:05:00+00:00,29491.88,29494.5,29474.13,29476.5,3735
2026-08-19T02:10:00+00:00,29476.5,29478.88,29456.5,29464,5091
2026-08-19T02:15:00+00:00,29464,29481.75,29452,29456.63,5778
2026-08-19T02:20:00+00:00,29456.63,29492.88,29455.88,29485.25,7206
2026-08-19T02:25:00+00:00,29485.25,29494,29470.5,29473,5766
2026-08-19T02:30:00+00:00,29473,29476.5,29449.2,29453,5178
2026-08-19T02:35:00+00:00,29453,29457.75,29447.2,29454,4911
2026-08-19T02:40:00+00:00,29454,29459.38,29445.2,29453.63,4091
2026-08-19T02:45:00+00:00,29453.63,29474.13,29448.88,29469,5134
2026-08-19T02:50:00+00:00,29469,29473.5,29449.25,29451.25,4404
2026-08-19T02:55:00+00:00,29451.25,29465.13,29449.63,29462,3879
2026-08-19T03:00:00+00:00,29462,29485.13,29461.75,29479.5,3860
2026-08-19T03:05:00+00:00,29479.5,29484.13,29451.38,29455,4139
2026-08-19T03:10:00+00:00,29455,29465.38,29451,29461.63,3392
2026-08-19T03:15:00+00:00,29461.63,29481.5,29461.25,29469.25,4429
2026-08-19T03:20:00+00:00,29469.25,29472,29450.5,29464.63,4110
2026-08-19T03:25:00+00:00,29464.63,29466,29456.88,29464.75,3390
2026-08-19T03:30:00+00:00,29464.75,29480.5,29459,29479.5,5782
2026-08-19T03:35:00+00:00,29479.5,29497.13,29466.75,29473.25,4572
2026-08-19T03:40:00+00:00,29473.25,29473.5,29460.25,29461.25,4004
2026-08-19T03:45:00+00:00,29461.25,29461.25,29446.88,29458.75,4554
2026-08-19T03:50:00+00:00,29458.75,29475.88,29457.75,29457.75,3749
2026-08-19T03:55:00+00:00,29457.75,29466,29454.25,29456.25,2950
2026-08-19T04:00:00+00:00,29456.25,29458.5,29446.5,29452.75,3454
2026-08-19T04:05:00+00:00,29452.75,29454.75,29441.7,29446.75,2925
2026-08-19T04:10:00+00:00,29446.75,29452.5,29436.2,29446.5,3508
2026-08-19T04:15:00+00:00,29446.5,29449.5,29437.88,29445.5,3182
2026-08-19T04:20:00+00:00,29445.5,29474,29443.75,29462.5,5184
2026-08-19T04:25:00+00:00,29462.5,29471.75,29459.5,29463.75,4296
2026-08-19T04:30:00+00:00,29463.75,29471.25,29431,29439.88,5226
2026-08-19T04:35:00+00:00,29439.88,29452,29434.5,29434.63,3494
2026-08-19T04:40:00+00:00,29434.63,29441.38,29428.5,29430.75,3949
2026-08-19T04:45:00+00:00,29430.75,29434.25,29402.63,29406.88,3465
2026-08-19T04:50:00+00:00,29406.88,29407.63,29394.38,29405.38,3235
2026-08-19T04:55:00+00:00,29405.38,29437.75,29395.75,29436.25,4605
2026-08-19T05:00:00+00:00,29436.25,29465.13,29429.63,29462.25,6337
2026-08-19T05:05:00+00:00,29462.25,29464.88,29436.25,29448.13,4631
2026-08-19T05:10:00+00:00,29448.13,29450.63,29412.75,29419,5069
2026-08-19T05:15:00+00:00,29419,29422.88,29396.88,29402.38,4509
2026-08-19T05:20:00+00:00,29402.38,29422.13,29397.13,29416.88,6003
2026-08-19T05:25:00+00:00,29416.88,29440.25,29409.5,29438.5,5962
2026-08-19T05:30:00+00:00,29438.5,29442.75,29414.38,29414.63,6365
2026-08-19T05:35:00+00:00,29414.63,29423.5,29396.75,29402.5,4916
2026-08-19T05:40:00+00:00,29402.5,29408.75,29390.2,29403.63,4517
2026-08-19T05:45:00+00:00,29403.63,29408.25,29391,29399.75,4693
2026-08-19T05:50:00+00:00,29399.75,29399.75,29383.88,29387.25,4276
2026-08-19T05:55:00+00:00,29387.25,29393.88,29377.25,29387.5,4636
2026-08-19T06:00:00+00:00,29387.5,29396.88,29374.88,29378.25,6472
2026-08-19T06:05:00+00:00,29378.25,29383,29361.88,29363.88,6469
2026-08-19T06:10:00+00:00,29363.88,29378,29361,29366.13,4964
2026-08-19T06:15:00+00:00,29366.13,29417.75,29365.38,29408.88,5213
2026-08-19T06:20:00+00:00,29408.88,29429.75,29407.63,29429.5,3970
2026-08-19T06:25:00+00:00,29429.5,29435,29403.2,29412.88,5049
2026-08-19T06:30:00+00:00,29412.88,29425.13,29403.38,29412.38,5921
2026-08-19T06:35:00+00:00,29412.38,29420.25,29406,29407.38,4248
2026-08-19T06:40:00+00:00,29407.38,29422.5,29390.5,29421.38,4938
2026-08-19T06:45:00+00:00,29421.38,29462.88,29421.38,29451.5,5745
2026-08-19T06:50:00+00:00,29451.5,29474.63,29448.38,29472.25,4867
2026-08-19T06:55:00+00:00,29472.25,29492,29469.13,29489.25,5274
2026-08-19T07:00:00+00:00,29489.25,29490,29456.38,29462.5,8730
2026-08-19T07:05:00+00:00,29462.5,29483,29451,29477.38,6863
2026-08-19T07:10:00+00:00,29477.38,29493.88,29471.5,29489.13,5459
2026-08-19T07:15:00+00:00,29489.13,29491.88,29463.63,29476.63,4249
2026-08-19T07:20:00+00:00,29476.63,29505.63,29476.5,29504.5,4588
2026-08-19T07:25:00+00:00,29504.5,29508.75,29495.38,29508.75,4127
2026-08-19T07:30:00+00:00,29508.75,29519.63,29497.38,29509,4536
2026-08-19T07:35:00+00:00,29509,29517.75,29496.13,29497.88,4197
2026-08-19T07:40:00+00:00,29497.88,29504.13,29477.5,29501.5,4466
2026-08-19T07:45:00+00:00,29501.5,29519.38,29499.75,29512.75,4540
2026-08-19T07:50:00+00:00,29512.75,29515.5,29500.5,29507.5,3301
2026-08-19T07:55:00+00:00,29507.5,29537,29505.13,29531.13,3892
2026-08-19T08:00:00+00:00,29531.13,29564.5,29522.75,29562.5,7862
2026-08-19T08:05:00+00:00,29562.5,29567.38,29550.38,29559.25,7026
2026-08-19T08:10:00+00:00,29559.25,29571.38,29551,29554.88,5674
2026-08-19T08:15:00+00:00,29554.88,29563.63,29538.25,29559.13,5841
2026-08-19T08:20:00+00:00,29559.13,29569.75,29541.75,29556.5,5519
2026-08-19T08:25:00+00:00,29556.5,29560.13,29541.13,29553,4535
2026-08-19T08:30:00+00:00,29553,29553.25,29530.88,29538.63,5229
2026-08-19T08:35:00+00:00,29538.63,29550.38,29537.75,29548,4068
2026-08-19T08:40:00+00:00,29548,29562.88,29543.38,29556.75,3776
2026-08-19T08:45:00+00:00,29556.75,29563.5,29554.88,29556,3401
2026-08-19T08:50:00+00:00,29556,29561.75,29541.95,29547.88,4273
2026-08-19T08:55:00+00:00,29547.88,29549.75,29537.75,29538.5,4284
2026-08-19T09:00:00+00:00,29538.5,29557.25,29535.25,29556.13,5333
2026-08-19T09:05:00+00:00,29556.13,29560.88,29529.38,29529.5,4732
2026-08-19T09:10:00+00:00,29529.5,29535.38,29524.13,29524.38,3052
2026-08-19T09:15:00+00:00,29524.38,29528.5,29515.63,29524.13,3577
2026-08-19T09:20:00+00:00,29524.13,29525.63,29514.38,29515,3369
2026-08-19T09:25:00+00:00,29515,29517.5,29496.63,29502.13,3426
2026-08-19T09:30:00+00:00,29502.13,29518,29495.5,29512.13,4151
2026-08-19T09:35:00+00:00,29512.13,29514.63,29500.25,29503.88,3857
2026-08-19T09:40:00+00:00,29503.88,29505.13,29480.25,29482.25,4122
2026-08-19T09:45:00+00:00,29482.25,29493.63,29479.25,29490.5,4466
2026-08-19T09:50:00+00:00,29490.5,29490.63,29475.25,29483.5,4369
2026-08-19T09:55:00+00:00,29483.5,29487,29466.88,29484.38,3958
2026-08-19T10:00:00+00:00,29484.38,29488,29453,29453.13,5383
2026-08-19T10:05:00+00:00,29453.13,29460.25,29444,29450.5,5228
2026-08-19T10:10:00+00:00,29450.5,29474.88,29440.88,29470.5,4726
2026-08-19T10:15:00+00:00,29470.5,29471,29453.5,29460.5,4630
2026-08-19T10:20:00+00:00,29460.5,29465.25,29447.5,29454,4636
2026-08-19T10:25:00+00:00,29454,29471.5,29442.38,29466.38,4409
2026-08-19T10:30:00+00:00,29466.38,29473,29459.5,29467.88,4711
2026-08-19T10:35:00+00:00,29467.88,29487.13,29465.38,29484.25,4454
2026-08-19T10:40:00+00:00,29484.25,29487.5,29476.75,29485.25,2953
2026-08-19T10:45:00+00:00,29485.25,29489.25,29470.13,29470.13,3860
2026-08-19T10:50:00+00:00,29470.13,29473.38,29460.88,29462.38,3982
2026-08-19T10:55:00+00:00,29462.38,29463.38,29448,29451.88,3491
2026-08-19T11:00:00+00:00,29451.88,29493.5,29439.63,29491.5,7441
2026-08-19T11:05:00+00:00,29491.5,29508.5,29475.75,29476,5712
2026-08-19T11:10:00+00:00,29476,29486.5,29471.88,29477.75,6063
2026-08-19T11:15:00+00:00,29477.75,29483.38,29465.13,29478.63,4975
2026-08-19T11:20:00+00:00,29478.63,29490.13,29462.13,29484.38,5314
2026-08-19T11:25:00+00:00,29484.38,29490.88,29464.5,29468,4466
2026-08-19T11:30:00+00:00,29468,29472.25,29443.7,29449.5,5215
2026-08-19T11:35:00+00:00,29449.5,29460.63,29446.75,29455.5,4752
2026-08-19T11:40:00+00:00,29455.5,29458.13,29438.38,29444.25,5168
2026-08-19T11:45:00+00:00,29444.25,29457.25,29437.38,29446.63,5657
2026-08-19T11:50:00+00:00,29446.63,29456,29440.75,29448.5,5129
2026-08-19T11:55:00+00:00,29448.5,29467.75,29447.38,29466.13,4335
2026-08-19T12:00:00+00:00,29466.13,29481.38,29441.88,29455.5,7116
2026-08-19T12:05:00+00:00,29455.5,29489,29452.75,29476.5,5946
2026-08-19T12:10:00+00:00,29476.5,29486.25,29463.88,29483.13,6207
2026-08-19T12:15:00+00:00,29483.13,29504,29480.13,29500.88,5023
2026-08-19T12:20:00+00:00,29500.88,29502.25,29488,29497,5518
2026-08-19T12:25:00+00:00,29497,29513.25,29482,29504.63,9246
2026-08-19T12:30:00+00:00,29504.63,29553.5,29479.38,29548,16008
2026-08-19T12:35:00+00:00,29548,29598.38,29508.5,29592.13,17321
2026-08-19T12:40:00+00:00,29592.13,29613.75,29585.63,29613.63,12529
2026-08-19T12:45:00+00:00,29613.63,29652.25,29613.63,29651.63,13336
2026-08-19T12:50:00+00:00,29651.63,29687.75,29651.63,29673.75,11019
2026-08-19T12:55:00+00:00,29673.75,29677.88,29654.88,29673.25,11206
2026-08-19T13:00:00+00:00,29673.25,29673.25,29610.5,29614.5,11925
2026-08-19T13:05:00+00:00,29614.5,29647.63,29613,29638.75,10127
2026-08-19T13:10:00+00:00,29638.75,29666.13,29637,29653.75,7374
2026-08-19T13:15:00+00:00,29653.75,29656.88,29638.13,29650.63,8015
2026-08-19T13:20:00+00:00,29650.63,29678.25,29645.25,29673.38,6210
2026-08-19T13:25:00+00:00,29673.38,29679,29626.25,29627.13,12434
2026-08-19T13:30:00+00:00,29627.13,29672.9,29579.530000000002,29603.9,74598
2026-08-19T13:35:00+00:00,29603.9,29618.530000000002,29518.530000000002,29521.030000000002,60470
2026-08-19T13:40:00+00:00,29521.030000000002,29559.530000000002,29491.530000000002,29541.030000000002,60330
2026-08-19T13:45:00+00:00,29541.030000000002,29566.530000000002,29389.280000000002,29400.65,60100
2026-08-19T13:50:00+00:00,29400.65,29423.4,29338.780000000002,29402.15,63146
2026-08-19T13:55:00+00:00,29402.15,29456.780000000002,29391.530000000002,29427.780000000002,61072
2026-08-19T14:00:00+00:00,29427.780000000002,29445.65,29387.280000000002,29403.530000000002,59620
2026-08-19T14:05:00+00:00,29403.530000000002,29435.030000000002,29364.65,29382.280000000002,50653
2026-08-19T14:10:00+00:00,29382.280000000002,29392.9,29308.45,29313.280000000002,43235
2026-08-19T14:15:00+00:00,29313.280000000002,29399.780000000002,29307.030000000002,29349.780000000002,51188
2026-08-19T14:20:00+00:00,29349.780000000002,29387.65,29316.4,29346.15,46810
2026-08-19T14:25:00+00:00,29346.15,29415.530000000002,29325.65,29413.530000000002,40580
2026-08-19T14:30:00+00:00,29413.530000000002,29448.030000000002,29399.280000000002,29425.030000000002,35033
2026-08-19T14:35:00+00:00,29425.030000000002,29498.030000000002,29414.280000000002,29496.280000000002,27530
2026-08-19T14:40:00+00:00,29496.280000000002,29506.15,29466.030000000002,29494.780000000002,24583
2026-08-19T14:45:00+00:00,29494.780000000002,29497.4,29458.280000000002,29462.780000000002,24158
2026-08-19T14:50:00+00:00,29462.780000000002,29527.530000000002,29457.780000000002,29526.65,24845
2026-08-19T14:55:00+00:00,29526.65,29555.280000000002,29513.4,29554.280000000002,20463
2026-08-19T15:00:00+00:00,29554.280000000002,29560.530000000002,29523.780000000002,29527.030000000002,19408
2026-08-19T15:05:00+00:00,29527.030000000002,29540.530000000002,29512.15,29517.15,20150
2026-08-19T15:10:00+00:00,29517.15,29554.780000000002,29515.65,29547.530000000002,19233
2026-08-19T15:15:00+00:00,29547.530000000002,29559.9,29526.15,29554.280000000002,15911
2026-08-19T15:20:00+00:00,29554.280000000002,29561.530000000002,29532.780000000002,29533.4,16943
2026-08-19T15:25:00+00:00,29533.4,29551.4,29519.4,29544.4,20487
2026-08-19T15:30:00+00:00,29544.4,29548.030000000002,29518.030000000002,29523.030000000002,18396
2026-08-19T15:35:00+00:00,29523.030000000002,29529.4,29501.45,29503.280000000002,16676
2026-08-19T15:40:00+00:00,29503.280000000002,29528.65,29481.4,29527.530000000002,18253
2026-08-19T15:45:00+00:00,29527.530000000002,29546.9,29517.030000000002,29518.030000000002,17118
2026-08-19T15:50:00+00:00,29518.030000000002,29526.280000000002,29500.65,29505.280000000002,16903
2026-08-19T15:55:00+00:00,29505.280000000002,29539.030000000002,29501.780000000002,29538.030000000002,14213
2026-08-19T16:00:00+00:00,29538.030000000002,29570.4,29518.4,29569.15,14495
2026-08-19T16:05:00+00:00,29569.15,29584.4,29559.9,29581.780000000002,11641
2026-08-19T16:10:00+00:00,29581.780000000002,29584.15,29567.65,29567.9,9322
2026-08-19T16:15:00+00:00,29567.9,29598.15,29558.65,29590.65,10303
2026-08-19T16:20:00+00:00,29590.65,29596.280000000002,29564.4,29569.280000000002,9990
2026-08-19T16:25:00+00:00,29569.280000000002,29570.030000000002,29533.45,29540.280000000002,11359
2026-08-19T16:30:00+00:00,29540.280000000002,29547.65,29526.9,29542.4,12981
2026-08-19T16:35:00+00:00,29542.4,29552.4,29525.4,29540.4,10463
2026-08-19T16:40:00+00:00,29540.4,29551.65,29533.65,29540.9,9797
2026-08-19T16:45:00+00:00,29540.9,29542.15,29517.9,29519.65,9785
2026-08-19T16:50:00+00:00,29519.65,29520.030000000002,29495.15,29502.4,10575
2026-08-19T16:55:00+00:00,29502.4,29502.9,29483.780000000002,29490.65,10347
2026-08-19T17:00:00+00:00,29490.65,29500.15,29475.95,29487.530000000002,9752
2026-08-19T17:05:00+00:00,29487.530000000002,29503.530000000002,29470.4,29473.280000000002,11087
2026-08-19T17:10:00+00:00,29473.280000000002,29493.65,29472.780000000002,29478.780000000002,10177
2026-08-19T17:15:00+00:00,29478.780000000002,29487.4,29457.280000000002,29457.65,9326
2026-08-19T17:20:00+00:00,29457.65,29459.65,29441.15,29449.4,11954
2026-08-19T17:25:00+00:00,29449.4,29474.15,29443.9,29470.65,11365
2026-08-19T17:30:00+00:00,29470.65,29474.4,29449.65,29450.280000000002,10555
2026-08-19T17:35:00+00:00,29450.280000000002,29468.9,29445.530000000002,29454.030000000002,9122
2026-08-19T17:40:00+00:00,29454.030000000002,29475.15,29452.9,29467.15,8831
2026-08-19T17:45:00+00:00,29467.15,29480.9,29465.15,29472.280000000002,7156
2026-08-19T17:50:00+00:00,29472.280000000002,29491.530000000002,29468.780000000002,29482.65,7233
2026-08-19T17:55:00+00:00,29482.65,29484.4,29468.95,29475.65,5016
2026-08-19T18:00:00+00:00,29475.65,29522.280000000002,29466.65,29493.910000000003,13055
2026-08-19T18:05:00+00:00,29493.910000000003,29502.660000000003,29430.160000000003,29432.280000000002,18162
2026-08-19T18:10:00+00:00,29432.280000000002,29471.410000000003,29431.030000000002,29450.160000000003,13431
2026-08-19T18:15:00+00:00,29450.160000000003,29454.280000000002,29422.660000000003,29441.910000000003,12666
2026-08-19T18:20:00+00:00,29441.910000000003,29454.910000000003,29437.280000000002,29443.160000000003,10610
2026-08-19T18:25:00+00:00,29443.160000000003,29471.030000000002,29440.160000000003,29469.910000000003,10537
2026-08-19T18:30:00+00:00,29469.910000000003,29509.660000000003,29468.660000000003,29497.780000000002,12212
2026-08-19T18:35:00+00:00,29497.780000000002,29498.410000000003,29467.660000000003,29473.410000000003,11098
2026-08-19T18:40:00+00:00,29473.410000000003,29494.530000000002,29472.660000000003,29491.030000000002,9881
2026-08-19T18:45:00+00:00,29491.030000000002,29491.910000000003,29472.280000000002,29485.910000000003,8396
2026-08-19T18:50:00+00:00,29485.910000000003,29488.530000000002,29466.780000000002,29478.530000000002,8723
2026-08-19T18:55:00+00:00,29478.530000000002,29479.530000000002,29458.530000000002,29465.780000000002,8405
2026-08-19T19:00:00+00:00,29465.780000000002,29483.410000000003,29460.280000000002,29471.910000000003,10506
2026-08-19T19:05:00+00:00,29471.910000000003,29489.410000000003,29462.910000000003,29487.280000000002,8116
2026-08-19T19:10:00+00:00,29487.280000000002,29489.910000000003,29475.530000000002,29478.030000000002,8377
2026-08-19T19:15:00+00:00,29478.030000000002,29497.530000000002,29474.280000000002,29496.780000000002,8233
2026-08-19T19:20:00+00:00,29496.780000000002,29504.530000000002,29481.530000000002,29495.030000000002,8430
2026-08-19T19:25:00+00:00,29495.030000000002,29510.410000000003,29484.160000000003,29486.660000000003,7939
2026-08-19T19:30:00+00:00,29486.660000000003,29520.780000000002,29482.030000000002,29512.530000000002,11444
2026-08-19T19:35:00+00:00,29512.530000000002,29513.160000000003,29467.280000000002,29468.410000000003,12634
2026-08-19T19:40:00+00:00,29468.410000000003,29478.030000000002,29458.160000000003,29461.660000000003,10591
2026-08-19T19:45:00+00:00,29461.660000000003,29463.660000000003,29431.910000000003,29442.030000000002,12983
2026-08-19T19:50:00+00:00,29442.030000000002,29451.160000000003,29416.160000000003,29441.780000000002,15660
2026-08-19T19:55:00+00:00,29441.780000000002,29456.530000000002,29419.530000000002,29452.280000000002,19290
2026-08-19T20:00:00+00:00,29452.280000000002,29472.760000000002,29451.08,29464.260000000002,6803
2026-08-19T20:05:00+00:00,29464.260000000002,29466.760000000002,29448.13,29463.510000000002,3257
2026-08-19T20:10:00+00:00,29463.510000000002,29464.88,29448.760000000002,29449.260000000002,2715
2026-08-19T20:15:00+00:00,29449.260000000002,29452.63,29444.760000000002,29450.010000000002,2395
2026-08-19T20:20:00+00:00,29450.010000000002,29451.13,29447.010000000002,29449.010000000002,1555
2026-08-19T20:25:00+00:00,29449.010000000002,29456.38,29449.010000000002,29455.38,1667
2026-08-19T20:30:00+00:00,29455.38,29462.260000000002,29452.88,29458.010000000002,1584
2026-08-19T20:35:00+00:00,29458.010000000002,29461.010000000002,29453.510000000002,29453.63,1030
2026-08-19T20:40:00+00:00,29453.63,29461.63,29450.63,29459.760000000002,1300
2026-08-19T20:45:00+00:00,29459.760000000002,29471.510000000002,29457.88,29471.260000000002,1226
2026-08-19T20:50:00+00:00,29471.260000000002,29487.38,29470.38,29484.13,1915
2026-08-19T20:55:00+00:00,29484.13,29492.63,29482.760000000002,29490.710000000003,1779
2026-08-19T22:00:00+00:00,29490.710000000003,29545.370000000003,29484.320000000003,29535.000000000004,5329
2026-08-19T22:05:00+00:00,29535.000000000004,29541.000000000004,29521.000000000004,29539.250000000004,3408
2026-08-19T22:10:00+00:00,29539.250000000004,29568.120000000003,29520.620000000003,29556.000000000004,3715
2026-08-19T22:15:00+00:00,29556.000000000004,29557.750000000004,29542.820000000003,29543.370000000003,2127
2026-08-19T22:20:00+00:00,29543.370000000003,29561.370000000003,29536.570000000003,29561.250000000004,1948
2026-08-19T22:25:00+00:00,29561.250000000004,29562.120000000003,29545.870000000003,29550.500000000004,1487
2026-08-19T22:30:00+00:00,29550.500000000004,29550.870000000003,29543.120000000003,29547.370000000003,1745
2026-08-19T22:35:00+00:00,29547.370000000003,29567.250000000004,29545.620000000003,29565.250000000004,1770
2026-08-19T22:40:00+00:00,29565.250000000004,29567.370000000003,29558.570000000003,29560.250000000004,1678
2026-08-19T22:45:00+00:00,29560.250000000004,29566.370000000003,29558.000000000004,29562.620000000003,1111
2026-08-19T22:50:00+00:00,29562.620000000003,29569.370000000003,29561.620000000003,29566.000000000004,1105
2026-08-19T22:55:00+00:00,29566.000000000004,29583.750000000004,29560.870000000003,29579.620000000003,1838
2026-08-19T23:00:00+00:00,29579.620000000003,29617.32,29562.620000000003,29576.75,4433
2026-08-19T23:05:00+00:00,29576.75,29595.620000000003,29574.32,29592.120000000003,2133
2026-08-19T23:10:00+00:00,29592.120000000003,29593.370000000003,29580,29581.5,2025
2026-08-19T23:15:00+00:00,29581.5,29589.75,29580.620000000003,29584.870000000003,1521
2026-08-19T23:20:00+00:00,29584.870000000003,29585,29573.25,29577.5,1412
2026-08-19T23:25:00+00:00,29577.5,29581.870000000003,29577.25,29580.75,1252
2026-08-19T23:30:00+00:00,29580.75,29588.5,29573.75,29578.620000000003,1537
2026-08-19T23:35:00+00:00,29578.620000000003,29585.370000000003,29575.870000000003,29579.620000000003,1546
2026-08-19T23:40:00+00:00,29579.620000000003,29595.870000000003,29579.620000000003,29588.75,1577
2026-08-19T23:45:00+00:00,29588.75,29590,29579.870000000003,29581.370000000003,3572
2026-08-19T23:50:00+00:00,29581.370000000003,29591.25,29570.25,29574.75,2781
2026-08-19T23:55:00+00:00,29574.75,29576.75,29556.370000000003,29559,3114
2026-08-20T00:00:00+00:00,29559,29559.25,29525.370000000003,29547,10890
2026-08-20T00:05:00+00:00,29547,29554.5,29512,29527.620000000003,9820
2026-08-20T00:10:00+00:00,29527.620000000003,29560.25,29520,29559.620000000003,8177
2026-08-20T00:15:00+00:00,29559.620000000003,29589.870000000003,29558,29584.75,7132
2026-08-20T00:20:00+00:00,29584.75,29594.620000000003,29558,29577.620000000003,6861
2026-08-20T00:25:00+00:00,29577.620000000003,29577.620000000003,29554.870000000003,29560.620000000003,7091
2026-08-20T00:30:00+00:00,29560.620000000003,29571.5,29546.870000000003,29571.370000000003,9578
2026-08-20T00:35:00+00:00,29571.370000000003,29589.870000000003,29557.25,29589.370000000003,5565
2026-08-20T00:40:00+00:00,29589.370000000003,29594.25,29581.370000000003,29584.5,4099
2026-08-20T00:45:00+00:00,29584.5,29597,29572.870000000003,29574.75,6171
2026-08-20T00:50:00+00:00,29574.75,29598.5,29574.75,29598.5,5943
2026-08-20T00:55:00+00:00,29598.5,29605,29594.870000000003,29600.370000000003,4729
2026-08-20T01:00:00+00:00,29600.370000000003,29613.5,29595.120000000003,29604.120000000003,7647
2026-08-20T01:05:00+00:00,29604.120000000003,29611.370000000003,29586,29587.120000000003,6220
2026-08-20T01:10:00+00:00,29587.120000000003,29589.620000000003,29570,29574.370000000003,7161
2026-08-20T01:15:00+00:00,29574.370000000003,29596.25,29563.5,29591.120000000003,8257
2026-08-20T01:20:00+00:00,29591.120000000003,29593.870000000003,29560,29563.75,7669
2026-08-20T01:25:00+00:00,29563.75,29575.25,29554.370000000003,29564.370000000003,8368
2026-08-20T01:30:00+00:00,29564.370000000003,29576.25,29554.370000000003,29572.620000000003,12269
2026-08-20T01:35:00+00:00,29572.620000000003,29584.75,29568.870000000003,29584.370000000003,7163
2026-08-20T01:40:00+00:00,29584.370000000003,29600.620000000003,29581.5,29598.370000000003,6485
2026-08-20T01:45:00+00:00,29598.370000000003,29602.870000000003,29586.25,29595.120000000003,6748
2026-08-20T01:50:00+00:00,29595.120000000003,29604.25,29575.370000000003,29593.370000000003,5926
2026-08-20T01:55:00+00:00,29593.370000000003,29593.370000000003,29560.370000000003,29572.75,5981
2026-08-20T02:00:00+00:00,29572.75,29612,29569.870000000003,29602.870000000003,6129
2026-08-20T02:05:00+00:00,29602.870000000003,29612.370000000003,29600.120000000003,29601.120000000003,4793
2026-08-20T02:10:00+00:00,29601.120000000003,29603.75,29584.75,29597.25,5414
2026-08-20T02:15:00+00:00,29597.25,29599.25,29573.75,29577.25,4702
2026-08-20T02:20:00+00:00,29577.25,29577.25,29543.120000000003,29557.120000000003,7236
2026-08-20T02:25:00+00:00,29557.120000000003,29566.120000000003,29549.75,29561.620000000003,6367
2026-08-20T02:30:00+00:00,29561.620000000003,29588,29540,29587.870000000003,7172
2026-08-20T02:35:00+00:00,29587.870000000003,29591.5,29566.120000000003,29578.620000000003,6371
2026-08-20T02:40:00+00:00,29578.620000000003,29581.370000000003,29568.870000000003,29576,4655
2026-08-20T02:45:00+00:00,29576,29577.120000000003,29550.75,29551.75,4184
2026-08-20T02:50:00+00:00,29551.75,29556.25,29541,29546.870000000003,4366
2026-08-20T02:55:00+00:00,29546.870000000003,29562,29542.120000000003,29559.5,4706
2026-08-20T03:00:00+00:00,29559.5,29570.620000000003,29550.620000000003,29565,5786
2026-08-20T03:05:00+00:00,29565,29583.870000000003,29562,29564.25,4525
2026-08-20T03:10:00+00:00,29564.25,29564.25,29535.75,29554.5,5049
2026-08-20T03:15:00+00:00,29554.5,29572,29550.75,29570.5,4151
2026-08-20T03:20:00+00:00,29570.5,29585.870000000003,29569,29573,3515
2026-08-20T03:25:00+00:00,29573,29574.25,29555,29556.120000000003,3954
2026-08-20T03:30:00+00:00,29556.120000000003,29558.120000000003,29532,29533,6236
2026-08-20T03:35:00+00:00,29533,29541,29526.75,29540.370000000003,4364
2026-08-20T03:40:00+00:00,29540.370000000003,29556.620000000003,29535.370000000003,29549.5,4289
2026-08-20T03:45:00+00:00,29549.5,29557,29544,29555.120000000003,4232
2026-08-20T03:50:00+00:00,29555.120000000003,29560.120000000003,29547.75,29549.620000000003,2888
2026-08-20T03:55:00+00:00,29549.620000000003,29560.120000000003,29541.120000000003,29547.620000000003,3031
2026-08-20T04:00:00+00:00,29547.620000000003,29564.25,29540.870000000003,29563.25,3989
2026-08-20T04:05:00+00:00,29563.25,29581.620000000003,29563.25,29581.25,2926
2026-08-20T04:10:00+00:00,29581.25,29584.620000000003,29578.120000000003,29584.120000000003,2027
2026-08-20T04:15:00+00:00,29584.120000000003,29585.120000000003,29578,29583,2633
2026-08-20T04:20:00+00:00,29583,29583,29567,29568.25,3545
2026-08-20T04:25:00+00:00,29568.25,29575.620000000003,29565.5,29569.370000000003,3513
2026-08-20T04:30:00+00:00,29569.370000000003,29570.370000000003,29540.120000000003,29542.370000000003,4909
2026-08-20T04:35:00+00:00,29542.370000000003,29551.120000000003,29538.120000000003,29549.620000000003,4042
2026-08-20T04:40:00+00:00,29549.620000000003,29559.25,29548,29557.870000000003,3749
2026-08-20T04:45:00+00:00,29557.870000000003,29561.370000000003,29554.120000000003,29558.870000000003,3514
2026-08-20T04:50:00+00:00,29558.870000000003,29570,29551.120000000003,29551.120000000003,3719
2026-08-20T04:55:00+00:00,29551.120000000003,29551.370000000003,29541.620000000003,29547.370000000003,4015
2026-08-20T05:00:00+00:00,29547.370000000003,29553.120000000003,29539.5,29548.25,5407
2026-08-20T05:05:00+00:00,29548.25,29549.5,29536.25,29537.870000000003,4220
2026-08-20T05:10:00+00:00,29537.870000000003,29538.25,29518,29526.370000000003,4787
2026-08-20T05:15:00+00:00,29526.370000000003,29558.870000000003,29523.870000000003,29554.620000000003,5046
2026-08-20T05:20:00+00:00,29554.620000000003,29563.120000000003,29538,29562.120000000003,4473
2026-08-20T05:25:00+00:00,29562.120000000003,29570.370000000003,29545.25,29546.5,4395
2026-08-20T05:30:00+00:00,29546.5,29563.870000000003,29537.870000000003,29542.25,6080
2026-08-20T05:35:00+00:00,29542.25,29544.370000000003,29534.25,29542,4577
2026-08-20T05:40:00+00:00,29542,29556.5,29536.120000000003,29543.870000000003,4018
2026-08-20T05:45:00+00:00,29543.870000000003,29547.620000000003,29531.620000000003,29542.5,4157
2026-08-20T05:50:00+00:00,29542.5,29544.75,29528.870000000003,29531.25,4046
2026-08-20T05:55:00+00:00,29531.25,29540.370000000003,29530.5,29535.5,3401
2026-08-20T06:00:00+00:00,29535.5,29563.120000000003,29533,29561.120000000003,6152
2026-08-20T06:05:00+00:00,29561.120000000003,29586.620000000003,29560.620000000003,29586.370000000003,4484
2026-08-20T06:10:00+00:00,29586.370000000003,29595.620000000003,29580.75,29589.120000000003,4692
2026-08-20T06:15:00+00:00,29589.120000000003,29590.370000000003,29568.620000000003,29582.620000000003,4747
2026-08-20T06:20:00+00:00,29582.620000000003,29585.120000000003,29575,29584.870000000003,3656
2026-08-20T06:25:00+00:00,29584.870000000003,29585.25,29570.370000000003,29583.620000000003,4013
2026-08-20T06:30:00+00:00,29583.620000000003,29606.25,29576.870000000003,29604.620000000003,4892
2026-08-20T06:35:00+00:00,29604.620000000003,29606.370000000003,29587.75,29588.620000000003,3617
2026-08-20T06:40:00+00:00,29588.620000000003,29606.370000000003,29585.870000000003,29601.120000000003,3085
2026-08-20T06:45:00+00:00,29601.120000000003,29613.370000000003,29600.5,29602.870000000003,3402
2026-08-20T06:50:00+00:00,29602.870000000003,29615.75,29597.5,29604.870000000003,3134
2026-08-20T06:55:00+00:00,29604.870000000003,29608.5,29596.75,29601.75,3599
2026-08-20T07:00:00+00:00,29601.75,29601.75,29562.5,29582.370000000003,8644
2026-08-20T07:05:00+00:00,29582.370000000003,29597.25,29575.120000000003,29596.370000000003,4874
2026-08-20T07:10:00+00:00,29596.370000000003,29600.25,29567,29567.620000000003,5207
2026-08-20T07:15:00+00:00,29567.620000000003,29573.120000000003,29563.5,29568.5,4446
2026-08-20T07:20:00+00:00,29568.5,29577.620000000003,29543.25,29548.620000000003,5962
2026-08-20T07:25:00+00:00,29548.620000000003,29556.25,29535,29545,5217
2026-08-20T07:30:00+00:00,29545,29558.870000000003,29525.25,29554,5998
2026-08-20T07:35:00+00:00,29554,29564.120000000003,29542.120000000003,29550.75,5650
2026-08-20T07:40:00+00:00,29550.75,29554.5,29534.370000000003,29536.120000000003,4798
2026-08-20T07:45:00+00:00,29536.120000000003,29566.370000000003,29533.370000000003,29563.120000000003,3845
2026-08-20T07:50:00+00:00,29563.120000000003,29563.120000000003,29534.75,29539,4397
2026-08-20T07:55:00+00:00,29539,29542.120000000003,29522.870000000003,29523.870000000003,4423
2026-08-20T08:00:00+00:00,29523.870000000003,29534.370000000003,29487.620000000003,29489.620000000003,10963
2026-08-20T08:05:00+00:00,29489.620000000003,29507.5,29479.75,29490.25,8913
2026-08-20T08:10:00+00:00,29490.25,29490.25,29449.620000000003,29466.620000000003,8244
2026-08-20T08:15:00+00:00,29466.620000000003,29478,29446,29466.120000000003,9424
2026-08-20T08:20:00+00:00,29466.120000000003,29472.5,29434.120000000003,29438.620000000003,8286
2026-08-20T08:25:00+00:00,29438.620000000003,29443.870000000003,29426.120000000003,29431.620000000003,6269
2026-08-20T08:30:00+00:00,29431.620000000003,29432.120000000003,29397.370000000003,29397.620000000003,8107
2026-08-20T08:35:00+00:00,29397.620000000003,29446,29395.370000000003,29446,7205
2026-08-20T08:40:00+00:00,29446,29454.120000000003,29429.370000000003,29429.5,6312
2026-08-20T08:45:00+00:00,29429.5,29433.5,29386,29402.870000000003,8048
2026-08-20T08:50:00+00:00,29402.870000000003,29423.870000000003,29401.75,29416.370000000003,5931
2026-08-20T08:55:00+00:00,29416.370000000003,29416.370000000003,29395.5,29406.620000000003,6458
2026-08-20T09:00:00+00:00,29406.620000000003,29444.870000000003,29396.75,29442.75,6973
2026-08-20T09:05:00+00:00,29442.75,29472.120000000003,29427.25,29469.370000000003,6909
2026-08-20T09:10:00+00:00,29469.370000000003,29472.370000000003,29441,29452.75,5609
2026-08-20T09:15:00+00:00,29452.75,29464.75,29442.5,29453.5,6444
2026-08-20T09:20:00+00:00,29453.5,29464.870000000003,29446.5,29462.620000000003,4720
2026-08-20T09:25:00+00:00,29462.620000000003,29471.370000000003,29457.75,29457.75,4462
2026-08-20T09:30:00+00:00,29457.75,29460,29441.75,29444.120000000003,5639
2026-08-20T09:35:00+00:00,29444.120000000003,29453.120000000003,29437.370000000003,29452.370000000003,5132
2026-08-20T09:40:00+00:00,29452.370000000003,29467.25,29440.870000000003,29464.25,5967
2026-08-20T09:45:00+00:00,29464.25,29476.25,29460.620000000003,29462,4658
2026-08-20T09:50:00+00:00,29462,29467.620000000003,29442.75,29460.75,5932
2026-08-20T09:55:00+00:00,29460.75,29465.120000000003,29457.25,29457.25,4526
2026-08-20T10:00:00+00:00,29457.25,29469,29442.120000000003,29464.75,7344
2026-08-20T10:05:00+00:00,29464.75,29477.25,29457.75,29477.25,4666
2026-08-20T10:10:00+00:00,29477.25,29491.120000000003,29472.5,29486.5,4675
2026-08-20T10:15:00+00:00,29486.5,29488.25,29470.120000000003,29476.620000000003,3887
2026-08-20T10:20:00+00:00,29476.620000000003,29482.870000000003,29471.120000000003,29481.870000000003,4176
2026-08-20T10:25:00+00:00,29481.870000000003,29483.620000000003,29456.75,29466.75,5377
2026-08-20T10:30:00+00:00,29466.75,29478,29459,29460.25,5271
2026-08-20T10:35:00+00:00,29460.25,29476.75,29445.75,29455.25,6435
2026-08-20T10:40:00+00:00,29455.25,29461.620000000003,29447.5,29454.75,5197
2026-08-20T10:45:00+00:00,29454.75,29489.870000000003,29454.25,29484,5177
2026-08-20T10:50:00+00:00,29484,29489.120000000003,29471.870000000003,29473.370000000003,4520
2026-08-20T10:55:00+00:00,29473.370000000003,29495.370000000003,29468.870000000003,29495.120000000003,4130
2026-08-20T11:00:00+00:00,29495.120000000003,29511.120000000003,29428.5,29429.120000000003,11034
2026-08-20T11:05:00+00:00,29429.120000000003,29429.25,29408.120000000003,29420.620000000003,7763
2026-08-20T11:10:00+00:00,29420.620000000003,29423.870000000003,29393.25,29417.370000000003,6527
2026-08-20T11:15:00+00:00,29417.370000000003,29427.75,29400,29402.620000000003,7808
2026-08-20T11:20:00+00:00,29402.620000000003,29402.620000000003,29371.620000000003,29378.120000000003,8135
2026-08-20T11:25:00+00:00,29378.120000000003,29387.75,29352.120000000003,29354.620000000003,6442
2026-08-20T11:30:00+00:00,29354.620000000003,29373.5,29349.870000000003,29360.5,8250
2026-08-20T11:35:00+00:00,29360.5,29378.870000000003,29349.120000000003,29378.370000000003,8009
2026-08-20T11:40:00+00:00,29378.370000000003,29383,29347.620000000003,29353.370000000003,7348
2026-08-20T11:45:00+00:00,29353.370000000003,29353.75,29303,29314.25,10551
2026-08-20T11:50:00+00:00,29314.25,29326,29302.5,29302.5,9463
2026-08-20T11:55:00+00:00,29302.5,29308.25,29279,29290.370000000003,8294
2026-08-20T12:00:00+00:00,29290.370000000003,29304.120000000003,29228.32,29247,12911
2026-08-20T12:05:00+00:00,29247,29254.25,29220.620000000003,29227.75,13603
2026-08-20T12:10:00+00:00,29227.75,29228.620000000003,29194.120000000003,29202.25,10751
2026-08-20T12:15:00+00:00,29202.25,29223,29194.120000000003,29202.370000000003,14173
2026-08-20T12:20:00+00:00,29202.370000000003,29235,29200.25,29229.75,12399
2026-08-20T12:25:00+00:00,29229.75,29229.75,29204.870000000003,29205.57,8346
2026-08-20T12:30:00+00:00,29205.57,29211.25,29183.120000000003,29197.870000000003,12019
2026-08-20T12:35:00+00:00,29197.870000000003,29198.120000000003,29171.5,29196.870000000003,11888
2026-08-20T12:40:00+00:00,29196.870000000003,29222,29190.25,29220.25,10500
2026-08-20T12:45:00+00:00,29220.25,29242.870000000003,29213.620000000003,29242.370000000003,8381
2026-08-20T12:50:00+00:00,29242.370000000003,29276.870000000003,29242.120000000003,29275.5,7043
2026-08-20T12:55:00+00:00,29275.5,29279.25,29266,29275.5,6330
2026-08-20T13:00:00+00:00,29275.5,29302.370000000003,29273.25,29294.25,9594
2026-08-20T13:05:00+00:00,29294.25,29301.870000000003,29274,29275.25,7472
2026-08-20T13:10:00+00:00,29275.25,29280.620000000003,29263.620000000003,29267.75,7083
2026-08-20T13:15:00+00:00,29267.75,29277.75,29259.75,29268,7984
2026-08-20T13:20:00+00:00,29268,29277.25,29253.75,29277.25,7031
2026-08-20T13:25:00+00:00,29277.25,29298.5,29266,29282.620000000003,12079
2026-08-20T13:30:00+00:00,29282.620000000003,29362.9,29269.77,29333.4,71105
2026-08-20T13:35:00+00:00,29333.4,29399.65,29302.65,29368.9,61242
2026-08-20T13:40:00+00:00,29368.9,29387.02,29321.4,29373.27,59723
2026-08-20T13:45:00+00:00,29373.27,29388.65,29282.15,29315.27,56930
2026-08-20T13:50:00+00:00,29315.27,29320.77,29240.4,29294.52,54038
2026-08-20T13:55:00+00:00,29294.52,29336.9,29255.4,29283.02,49906
2026-08-20T14:00:00+00:00,29283.02,29323.27,29249.4,29256.4,54893
2026-08-20T14:05:00+00:00,29256.4,29320.4,29247.27,29320.4,53188
2026-08-20T14:10:00+00:00,29320.4,29334.65,29293.65,29297.65,49249
2026-08-20T14:15:00+00:00,29297.65,29311.27,29244.65,29246.52,39553
2026-08-20T14:20:00+00:00,29246.52,29342.52,29238.4,29326.77,46537
2026-08-20T14:25:00+00:00,29326.77,29331.65,29265.9,29280.27,37641
2026-08-20T14:30:00+00:00,29280.27,29316.27,29266.77,29266.77,37794
2026-08-20T14:35:00+00:00,29266.77,29348.02,29259.27,29342.27,33536
2026-08-20T14:40:00+00:00,29342.27,29358.65,29324.9,29351.65,25318
2026-08-20T14:45:00+00:00,29351.65,29363.15,29303.02,29306.15,28251
2026-08-20T14:50:00+00:00,29306.15,29328.27,29282.9,29290.02,28641
2026-08-20T14:55:00+00:00,29290.02,29324.65,29279.9,29322.65,26073
2026-08-20T15:00:00+00:00,29322.65,29380.4,29319.27,29360.52,35325
2026-08-20T15:05:00+00:00,29360.52,29361.4,29273.65,29286.4,34521
2026-08-20T15:10:00+00:00,29286.4,29311.4,29255.9,29295.15,32645
2026-08-20T15:15:00+00:00,29295.15,29299.4,29272.65,29285.65,25612
2026-08-20T15:20:00+00:00,29285.65,29288.52,29241.15,29250.4,23720
2026-08-20T15:25:00+00:00,29250.4,29275.65,29231.52,29274.4,23419
2026-08-20T15:30:00+00:00,29274.4,29279.77,29224.65,29231.15,23667
2026-08-20T15:35:00+00:00,29231.15,29245.27,29207.77,29208.9,20646
2026-08-20T15:40:00+00:00,29208.9,29232.52,29206.65,29208.27,16977
2026-08-20T15:45:00+00:00,29208.27,29237.9,29200.02,29226.4,18726
2026-08-20T15:50:00+00:00,29226.4,29259.9,29221.4,29253.4,17507
2026-08-20T15:55:00+00:00,29253.4,29262.27,29244.9,29260.02,13723
2026-08-20T16:00:00+00:00,29260.02,29275.4,29242.65,29246.27,16819
2026-08-20T16:05:00+00:00,29246.27,29264.77,29232.77,29263.4,14451
2026-08-20T16:10:00+00:00,29263.4,29271.52,29236.77,29237.77,12671
2026-08-20T16:15:00+00:00,29237.77,29253.52,29235.9,29252.77,11877
2026-08-20T16:20:00+00:00,29252.77,29284.65,29241.77,29278.02,14039
2026-08-20T16:25:00+00:00,29278.02,29285.52,29264.77,29270.52,12154
2026-08-20T16:30:00+00:00,29270.52,29279.27,29240.27,29278.4,13810
2026-08-20T16:35:00+00:00,29278.4,29290.27,29271.27,29288.4,11264
2026-08-20T16:40:00+00:00,29288.4,29307.27,29285.27,29307.27,9933
2026-08-20T16:45:00+00:00,29307.27,29318.65,29295.02,29299.02,10573
2026-08-20T16:50:00+00:00,29299.02,29309.9,29286.52,29300.02,10491
2026-08-20T16:55:00+00:00,29300.02,29315.02,29292.52,29309.27,12105
2026-08-20T17:00:00+00:00,29309.27,29311.77,29282.52,29288.9,9690
2026-08-20T17:05:00+00:00,29288.9,29290.65,29265.27,29273.02,12030
2026-08-20T17:10:00+00:00,29273.02,29283.77,29265.27,29266.9,10132
2026-08-20T17:15:00+00:00,29266.9,29268.27,29234.52,29234.77,12219
2026-08-20T17:20:00+00:00,29234.77,29254.27,29228.52,29241.27,11751
2026-08-20T17:25:00+00:00,29241.27,29246.27,29222.52,29224.77,9051
2026-08-20T17:30:00+00:00,29224.77,29233.9,29216.27,29217.9,9133
2026-08-20T17:35:00+00:00,29217.9,29229.9,29213.02,29219.65,9401
2026-08-20T17:40:00+00:00,29219.65,29223.27,29213.27,29220.02,7680
2026-08-20T17:45:00+00:00,29220.02,29241.9,29217.27,29235.52,8903
2026-08-20T17:50:00+00:00,29235.52,29255.52,29229.9,29231.77,8961
2026-08-20T17:55:00+00:00,29231.77,29240.27,29221.02,29222.52,7965
2026-08-20T18:00:00+00:00,29222.52,29222.52,29184.15,29190.65,11119
2026-08-20T18:05:00+00:00,29190.65,29194.4,29158.4,29164.52,12344
2026-08-20T18:10:00+00:00,29164.52,29168.9,29145.9,29160.52,11341
2026-08-20T18:15:00+00:00,29160.52,29165.9,29133.02,29163.9,10281
2026-08-20T18:20:00+00:00,29163.9,29178.02,29158.9,29160.4,9914
2026-08-20T18:25:00+00:00,29160.4,29169.4,29151.15,29163.15,8451
2026-08-20T18:30:00+00:00,29163.15,29167.02,29142.02,29146.65,8717
2026-08-20T18:35:00+00:00,29146.65,29161.77,29144.02,29152.52,8191
2026-08-20T18:40:00+00:00,29152.52,29165.52,29142.65,29164.27,7654
2026-08-20T18:45:00+00:00,29164.27,29183.52,29157.52,29181.4,9215
2026-08-20T18:50:00+00:00,29181.4,29184.77,29170.65,29179.27,8059
2026-08-20T18:55:00+00:00,29179.27,29188.77,29173.77,29173.9,7713
2026-08-20T19:00:00+00:00,29173.9,29205.27,29172.52,29202.77,9616
2026-08-20T19:05:00+00:00,29202.77,29223.02,29194.77,29220.15,9061
2026-08-20T19:10:00+00:00,29220.15,29223.15,29204.52,29210.9,8247
2026-08-20T19:15:00+00:00,29210.9,29224.15,29198.27,29201.4,7936
2026-08-20T19:20:00+00:00,29201.4,29234.52,29198.52,29226.52,8756
2026-08-20T19:25:00+00:00,29226.52,29237.27,29225.4,29234.27,7296
2026-08-20T19:30:00+00:00,29234.27,29238.77,29221.15,29233.77,10540
2026-08-20T19:35:00+00:00,29233.77,29265.27,29229.02,29258.65,9292
2026-08-20T19:40:00+00:00,29258.65,29263.15,29232.77,29241.02,8499
2026-08-20T19:45:00+00:00,29241.02,29251.27,29223.77,29250.02,9410
2026-08-20T19:50:00+00:00,29250.02,29259.9,29229.65,29234.4,13768
2026-08-20T19:55:00+00:00,29234.4,29245.27,29216.9,29233.77,19054
2026-08-20T20:00:00+00:00,29233.77,29250.25,29233.77,29243.620000000003,7146
2026-08-20T20:05:00+00:00,29243.620000000003,29243.620000000003,29207.370000000003,29218.120000000003,4803
2026-08-20T20:10:00+00:00,29218.120000000003,29229.5,29207,29210.620000000003,4541
2026-08-20T20:15:00+00:00,29210.620000000003,29214.5,29193.870000000003,29203.75,3091
2026-08-20T20:20:00+00:00,29203.75,29218.620000000003,29203.5,29218.620000000003,1930
2026-08-20T20:25:00+00:00,29218.620000000003,29222.870000000003,29214.25,29217.75,1814
2026-08-20T20:30:00+00:00,29217.75,29226.370000000003,29215,29225.75,2007
2026-08-20T20:35:00+00:00,29225.75,29238.75,29225.5,29232.5,1793
2026-08-20T20:40:00+00:00,29232.5,29234.620000000003,29227.75,29232,1612
2026-08-20T20:45:00+00:00,29232,29235,29230.120000000003,29234.5,1392
2026-08-20T20:50:00+00:00,29234.5,29235.120000000003,29225.620000000003,29233.870000000003,1374
2026-08-20T20:55:00+00:00,29233.870000000003,29248.75,29233.75,29247.45,1678
2026-08-20T22:00:00+00:00,29247.45,29274.190000000002,29210.07,29210.32,5495
2026-08-20T22:05:00+00:00,29210.32,29220.32,29204.32,29218.190000000002,2774
2026-08-20T22:10:00+00:00,29218.190000000002,29219.190000000002,29206.32,29208.07,2122
2026-08-20T22:15:00+00:00,29208.07,29220.82,29207.690000000002,29214.440000000002,1596
2026-08-20T22:20:00+00:00,29214.440000000002,29217.32,29211.32,29213.07,1425
2026-08-20T22:25:00+00:00,29213.07,29218.940000000002,29209.190000000002,29216.82,1513
2026-08-20T22:30:00+00:00,29216.82,29233.82,29212.07,29233.32,1871
2026-08-20T22:35:00+00:00,29233.32,29238.57,29228.07,29228.57,1515
2026-08-20T22:40:00+00:00,29228.57,29233.690000000002,29216.57,29230.940000000002,1478
2026-08-20T22:45:00+00:00,29230.940000000002,29241.690000000002,29226.57,29239.690000000002,1014
2026-08-20T22:50:00+00:00,29239.690000000002,29255.57,29237.82,29251.32,2043
2026-08-20T22:55:00+00:00,29251.32,29253.57,29249.940000000002,29252.190000000002,640
2026-08-20T23:00:00+00:00,29252.190000000002,29252.82,29247.690000000002,29249.190000000002,1323
2026-08-20T23:05:00+00:00,29249.190000000002,29253.07,29245.32,29247.440000000002,1034
2026-08-20T23:10:00+00:00,29247.440000000002,29248.940000000002,29243.57,29247.940000000002,857
2026-08-20T23:15:00+00:00,29247.940000000002,29258.07,29244.190000000002,29251.07,1370
2026-08-20T23:20:00+00:00,29251.07,29252.190000000002,29248.07,29248.57,874
2026-08-20T23:25:00+00:00,29248.57,29251.190000000002,29242.57,29245.82,1134
2026-08-20T23:30:00+00:00,29245.82,29249.190000000002,29242.57,29242.940000000002,926
2026-08-20T23:35:00+00:00,29242.940000000002,29242.940000000002,29226.440000000002,29231.440000000002,1717
2026-08-20T23:40:00+00:00,29231.440000000002,29252.940000000002,29231.190000000002,29246.440000000002,1866
2026-08-20T23:45:00+00:00,29246.440000000002,29247.190000000002,29216.57,29236.190000000002,4586
2026-08-20T23:50:00+00:00,29236.190000000002,29244.32,29224.440000000002,29235.32,5639
2026-08-20T23:55:00+00:00,29235.32,29235.32,29221.940000000002,29223.32,5462
2026-08-21T00:00:00+00:00,29223.32,29260.440000000002,29221.07,29244.940000000002,12523
2026-08-21T00:05:00+00:00,29244.940000000002,29274.32,29244.690000000002,29255.32,9279
2026-08-21T00:10:00+00:00,29255.32,29294.32,29248.690000000002,29290.940000000002,5860
2026-08-21T00:15:00+00:00,29290.940000000002,29290.940000000002,29251.690000000002,29255.82,7433
2026-08-21T00:20:00+00:00,29255.82,29275.07,29250.89,29256.07,6287
2026-08-21T00:25:00+00:00,29256.07,29261.32,29245.32,29255.940000000002,6574
2026-08-21T00:30:00+00:00,29255.940000000002,29267.82,29242.57,29265.440000000002,7191
2026-08-21T00:35:00+00:00,29265.440000000002,29281.32,29255.57,29279.57,5929
2026-08-21T00:40:00+00:00,29279.57,29285.82,29260.440000000002,29283.82,5286
2026-08-21T00:45:00+00:00,29283.82,29291.940000000002,29278.57,29284.940000000002,5252
2026-08-21T00:50:00+00:00,29284.940000000002,29290.57,29256.440000000002,29256.82,6823
2026-08-21T00:55:00+00:00,29256.82,29262.57,29250.57,29250.82,4843
2026-08-21T01:00:00+00:00,29250.82,29264.440000000002,29247.82,29249.940000000002,8331
2026-08-21T01:05:00+00:00,29249.940000000002,29251.690000000002,29222.190000000002,29235.82,7884
2026-08-21T01:10:00+00:00,29235.82,29261.07,29230.440000000002,29260.57,7257
2026-08-21T01:15:00+00:00,29260.57,29282.940000000002,29243.690000000002,29282.690000000002,6838
2026-08-21T01:20:00+00:00,29282.690000000002,29282.940000000002,29247.690000000002,29262.07,6023
2026-08-21T01:25:00+00:00,29262.07,29286.32,29259.57,29270.07,7193
2026-08-21T01:30:00+00:00,29270.07,29286.07,29263.32,29269.57,8368
2026-08-21T01:35:00+00:00,29269.57,29270.440000000002,29250.190000000002,29254.690000000002,6049
2026-08-21T01:40:00+00:00,29254.690000000002,29286.190000000002,29253.440000000002,29280.32,5911
2026-08-21T01:45:00+00:00,29280.32,29298.32,29270.07,29296.57,4200
2026-08-21T01:50:00+00:00,29296.57,29302.07,29272.32,29272.32,4981
2026-08-21T01:55:00+00:00,29272.32,29285.32,29263.940000000002,29283.07,4114
2026-08-21T02:00:00+00:00,29283.07,29291.07,29275.690000000002,29278.07,5505
2026-08-21T02:05:00+00:00,29278.07,29295.57,29273.440000000002,29294.57,4521
2026-08-21T02:10:00+00:00,29294.57,29302.440000000002,29283.690000000002,29302.440000000002,3352
2026-08-21T02:15:00+00:00,29302.440000000002,29304.940000000002,29296.82,29298.690000000002,3355
2026-08-21T02:20:00+00:00,29298.690000000002,29324.32,29298.07,29312.57,4589
2026-08-21T02:25:00+00:00,29312.57,29319.440000000002,29308.57,29319.32,3285
2026-08-21T02:30:00+00:00,29319.32,29325.32,29316.690000000002,29321.690000000002,3473
2026-08-21T02:35:00+00:00,29321.690000000002,29325.440000000002,29311.190000000002,29312.82,3942
2026-08-21T02:40:00+00:00,29312.82,29319.57,29306.690000000002,29310.82,3611
2026-08-21T02:45:00+00:00,29310.82,29326.07,29307.07,29320.690000000002,3787
2026-08-21T02:50:00+00:00,29320.690000000002,29328.82,29316.190000000002,29316.940000000002,3447
2026-08-21T02:55:00+00:00,29316.940000000002,29321.190000000002,29313.690000000002,29313.940000000002,2847
2026-08-21T03:00:00+00:00,29313.940000000002,29317.57,29310.57,29310.57,3320
2026-08-21T03:05:00+00:00,29310.57,29311.07,29292.190000000002,29297.440000000002,3180
2026-08-21T03:10:00+00:00,29297.440000000002,29297.82,29285.07,29286.07,2719
2026-08-21T03:15:00+00:00,29286.07,29297.82,29279.190000000002,29283.190000000002,3059
2026-08-21T03:20:00+00:00,29283.190000000002,29300.57,29282.440000000002,29295.940000000002,3366
2026-08-21T03:25:00+00:00,29295.940000000002,29296.940000000002,29288.440000000002,29292.190000000002,3391
2026-08-21T03:30:00+00:00,29292.190000000002,29306.690000000002,29292.190000000002,29304.440000000002,4395
2026-08-21T03:35:00+00:00,29304.440000000002,29304.690000000002,29287.190000000002,29294.32,4131
2026-08-21T03:40:00+00:00,29294.32,29294.32,29283.940000000002,29286.57,3691
2026-08-21T03:45:00+00:00,29286.57,29286.57,29275.190000000002,29282.32,3653
2026-08-21T03:50:00+00:00,29282.32,29286.940000000002,29275.440000000002,29278.32,3165
2026-08-21T03:55:00+00:00,29278.32,29293.690000000002,29272.57,29282.32,3789
2026-08-21T04:00:00+00:00,29282.32,29292.57,29278.940000000002,29292.57,4682
2026-08-21T04:05:00+00:00,29292.57,29297.07,29284.940000000002,29288.940000000002,3033
2026-08-21T04:10:00+00:00,29288.940000000002,29299.32,29282.940000000002,29297.07,2857
2026-08-21T04:15:00+00:00,29297.07,29301.32,29278.57,29282.07,3109
2026-08-21T04:20:00+00:00,29282.07,29282.190000000002,29261.82,29266.940000000002,3598
2026-08-21T04:25:00+00:00,29266.940000000002,29268.690000000002,29260.190000000002,29260.190000000002,2920
2026-08-21T04:30:00+00:00,29260.190000000002,29268.190000000002,29253.440000000002,29261.690000000002,3170
2026-08-21T04:35:00+00:00,29261.690000000002,29263.940000000002,29251.07,29255.940000000002,2778
2026-08-21T04:40:00+00:00,29255.940000000002,29267.82,29255.690000000002,29264.07,2982
2026-08-21T04:45:00+00:00,29264.07,29290.07,29262.82,29289.940000000002,2951
2026-08-21T04:50:00+00:00,29289.940000000002,29294.190000000002,29284.82,29290.940000000002,2273
2026-08-21T04:55:00+00:00,29290.940000000002,29292.190000000002,29281.82,29287.690000000002,2882
2026-08-21T05:00:00+00:00,29287.690000000002,29299.190000000002,29282.440000000002,29298.690000000002,3579
2026-08-21T05:05:00+00:00,29298.690000000002,29300.190000000002,29284.32,29284.82,3508
2026-08-21T05:10:00+00:00,29284.82,29299.940000000002,29283.690000000002,29295.190000000002,2688
2026-08-21T05:15:00+00:00,29295.190000000002,29309.690000000002,29294.440000000002,29307.82,2572
2026-08-21T05:20:00+00:00,29307.82,29308.440000000002,29290.57,29290.690000000002,3547
2026-08-21T05:25:00+00:00,29290.690000000002,29295.440000000002,29281.190000000002,29283.190000000002,3520
2026-08-21T05:30:00+00:00,29283.190000000002,29300.57,29278.690000000002,29300.57,3411
2026-08-21T05:35:00+00:00,29300.57,29306.690000000002,29295.07,29297.07,3294
2026-08-21T05:40:00+00:00,29297.07,29297.690000000002,29279.940000000002,29290.57,3245
2026-08-21T05:45:00+00:00,29290.57,29291.190000000002,29274.440000000002,29274.690000000002,3528
2026-08-21T05:50:00+00:00,29274.690000000002,29283.690000000002,29270.440000000002,29280.440000000002,3145
2026-08-21T05:55:00+00:00,29280.440000000002,29296.190000000002,29278.440000000002,29295.440000000002,3586
2026-08-21T06:00:00+00:00,29295.440000000002,29297.82,29284.690000000002,29288.32,5202
2026-08-21T06:05:00+00:00,29288.32,29300.07,29285.440000000002,29291.940000000002,3974
2026-08-21T06:10:00+00:00,29291.940000000002,29305.07,29291.940000000002,29302.940000000002,3929
2026-08-21T06:15:00+00:00,29302.940000000002,29308.190000000002,29295.690000000002,29300.190000000002,3650
2026-08-21T06:20:00+00:00,29300.190000000002,29307.440000000002,29297.190000000002,29298.690000000002,3293
2026-08-21T06:25:00+00:00,29298.690000000002,29311.07,29297.940000000002,29305.690000000002,3159
2026-08-21T06:30:00+00:00,29305.690000000002,29323.440000000002,29298.940000000002,29323.07,3504
2026-08-21T06:35:00+00:00,29323.07,29330.57,29316.190000000002,29319.440000000002,3197
2026-08-21T06:40:00+00:00,29319.440000000002,29320.190000000002,29301.940000000002,29302.32,2500
2026-08-21T06:45:00+00:00,29302.32,29315.690000000002,29295.32,29314.07,2863
2026-08-21T06:50:00+00:00,29314.07,29314.190000000002,29303.57,29310.07,3090
2026-08-21T06:55:00+00:00,29310.07,29318.82,29307.57,29316.32,3351
2026-08-21T07:00:00+00:00,29316.32,29334.07,29310.07,29333.32,6579
2026-08-21T07:05:00+00:00,29333.32,29344.190000000002,29332.57,29341.190000000002,3786
2026-08-21T07:10:00+00:00,29341.190000000002,29357.57,29336.190000000002,29357.440000000002,3611
2026-08-21T07:15:00+00:00,29357.440000000002,29364.940000000002,29345.32,29364.32,4041
2026-08-21T07:20:00+00:00,29364.32,29385.440000000002,29359.57,29383.690000000002,3392
2026-08-21T07:25:00+00:00,29383.690000000002,29384.07,29355.32,29355.82,3129
2026-08-21T07:30:00+00:00,29355.82,29383.190000000002,29351.190000000002,29372.940000000002,4431
2026-08-21T07:35:00+00:00,29372.940000000002,29375.440000000002,29362.82,29367.690000000002,3939
2026-08-21T07:40:00+00:00,29367.690000000002,29375.07,29351.190000000002,29353.32,3990
2026-08-21T07:45:00+00:00,29353.32,29374.82,29352.690000000002,29366.440000000002,3934
2026-08-21T07:50:00+00:00,29366.440000000002,29368.190000000002,29359.940000000002,29360.690000000002,2920
2026-08-21T07:55:00+00:00,29360.690000000002,29376.190000000002,29355.82,29376.190000000002,3070
2026-08-21T08:00:00+00:00,29376.190000000002,29391.940000000002,29369.07,29385.82,5647
2026-08-21T08:05:00+00:00,29385.82,29385.82,29339.07,29350.940000000002,5340
2026-08-21T08:10:00+00:00,29350.940000000002,29359.690000000002,29338.57,29346.82,6447
2026-08-21T08:15:00+00:00,29346.82,29353.940000000002,29335.57,29347.440000000002,5578
2026-08-21T08:20:00+00:00,29347.440000000002,29350.440000000002,29320.940000000002,29332.940000000002,5567
2026-08-21T08:25:00+00:00,29332.940000000002,29352.57,29332.32,29351.690000000002,4881
2026-08-21T08:30:00+00:00,29351.690000000002,29362.940000000002,29348.190000000002,29357.440000000002,5450
2026-08-21T08:35:00+00:00,29357.440000000002,29373.940000000002,29357.440000000002,29373.32,4051
2026-08-21T08:40:00+00:00,29373.32,29386.190000000002,29369.940000000002,29384.690000000002,4539
2026-08-21T08:45:00+00:00,29384.690000000002,29385.190000000002,29377.690000000002,29378.32,3238
2026-08-21T08:50:00+00:00,29378.32,29397.07,29377.440000000002,29387.440000000002,4364
2026-08-21T08:55:00+00:00,29387.440000000002,29392.57,29380.82,29382.82,3529
2026-08-21T09:00:00+00:00,29382.82,29384.690000000002,29359.82,29362.690000000002,5834
2026-08-21T09:05:00+00:00,29362.690000000002,29363.940000000002,29344.32,29348.690000000002,5613
2026-08-21T09:10:00+00:00,29348.690000000002,29369.32,29341.940000000002,29367.57,5918
2026-08-21T09:15:00+00:00,29367.57,29374.32,29359.690000000002,29369.190000000002,4329
2026-08-21T09:20:00+00:00,29369.190000000002,29373.440000000002,29365.440000000002,29367.07,3332
2026-08-21T09:25:00+00:00,29367.07,29373.57,29363.940000000002,29364.440000000002,2376
2026-08-21T09:30:00+00:00,29364.440000000002,29375.190000000002,29359.82,29371.190000000002,2700
2026-08-21T09:35:00+00:00,29371.190000000002,29397.82,29371.190000000002,29397.82,3257
2026-08-21T09:40:00+00:00,29397.82,29412.440000000002,29392.07,29403.82,3095
2026-08-21T09:45:00+00:00,29403.82,29412.32,29394.440000000002,29412.32,2650
2026-08-21T09:50:00+00:00,29412.32,29420.57,29402.440000000002,29416.57,3304
2026-08-21T09:55:00+00:00,29416.57,29420.940000000002,29414.32,29414.940000000002,2790
2026-08-21T10:00:00+00:00,29414.940000000002,29441.57,29414.940000000002,29438.190000000002,3798
2026-08-21T10:05:00+00:00,29438.190000000002,29444.940000000002,29416.440000000002,29422.07,4226
2026-08-21T10:10:00+00:00,29422.07,29425.57,29406.940000000002,29414.190000000002,3619
2026-08-21T10:15:00+00:00,29414.190000000002,29417.07,29405.32,29406.690000000002,3365
2026-08-21T10:20:00+00:00,29406.690000000002,29408.440000000002,29399.940000000002,29405.82,2744
2026-08-21T10:25:00+00:00,29405.82,29420.690000000002,29405.690000000002,29419.57,3137
2026-08-21T10:30:00+00:00,29419.57,29422.32,29405.57,29408.190000000002,2651
2026-08-21T10:35:00+00:00,29408.190000000002,29412.440000000002,29402.440000000002,29410.690000000002,2879
2026-08-21T10:40:00+00:00,29410.690000000002,29413.190000000002,29404.07,29407.690000000002,2620
2026-08-21T10:45:00+00:00,29407.690000000002,29412.440000000002,29407.32,29410.190000000002,2458
2026-08-21T10:50:00+00:00,29410.190000000002,29415.82,29405.190000000002,29408.940000000002,3355
2026-08-21T10:55:00+00:00,29408.940000000002,29415.690000000002,29403.57,29409.190000000002,3216
2026-08-21T11:00:00+00:00,29409.190000000002,29415.190000000002,29382.82,29396.940000000002,5817
2026-08-21T11:05:00+00:00,29396.940000000002,29414.940000000002,29395.32,29406.940000000002,4745
2026-08-21T11:10:00+00:00,29406.940000000002,29409.190000000002,29390.690000000002,29397.440000000002,3849
2026-08-21T11:15:00+00:00,29397.440000000002,29411.690000000002,29396.32,29406.940000000002,3203
2026-08-21T11:20:00+00:00,29406.940000000002,29452.440000000002,29406.440000000002,29447.690000000002,6531
2026-08-21T11:25:00+00:00,29447.690000000002,29454.190000000002,29433.940000000002,29447.440000000002,8879
2026-08-21T11:30:00+00:00,29447.440000000002,29452.690000000002,29431.690000000002,29440.82,6507
2026-08-21T11:35:00+00:00,29440.82,29467.57,29440.57,29447.190000000002,6261
2026-08-21T11:40:00+00:00,29447.190000000002,29461.32,29438.07,29460.82,5299
2026-08-21T11:45:00+00:00,29460.82,29461.07,29435.57,29440.690000000002,4651
2026-08-21T11:50:00+00:00,29440.690000000002,29441.440000000002,29431.32,29436.690000000002,3144
2026-08-21T11:55:00+00:00,29436.690000000002,29440.82,29428.07,29429.82,3223
2026-08-21T12:00:00+00:00,29429.82,29433.07,29409.82,29413.940000000002,5081
2026-08-21T12:05:00+00:00,29413.940000000002,29430.440000000002,29409.440000000002,29426.57,4575
2026-08-21T12:10:00+00:00,29426.57,29427.07,29416.440000000002,29416.940000000002,4192
2026-08-21T12:15:00+00:00,29416.940000000002,29432.32,29413.07,29418.57,4025
2026-08-21T12:20:00+00:00,29418.57,29433.440000000002,29408.57,29432.32,4483
2026-08-21T12:25:00+00:00,29432.32,29446.57,29429.57,29445.690000000002,4109
2026-08-21T12:30:00+00:00,29445.690000000002,29452.57,29438.82,29443.32,5294
2026-08-21T12:35:00+00:00,29443.32,29453.07,29438.82,29444.440000000002,5050
2026-08-21T12:40:00+00:00,29444.440000000002,29459.32,29440.82,29458.32,4529
2026-08-21T12:45:00+00:00,29458.32,29461.690000000002,29451.32,29460.82,3847
2026-08-21T12:50:00+00:00,29460.82,29461.07,29436.07,29439.940000000002,3838
2026-08-21T12:55:00+00:00,29439.940000000002,29442.690000000002,29433.190000000002,29440.940000000002,3446
2026-08-21T13:00:00+00:00,29440.940000000002,29445.440000000002,29432.190000000002,29436.32,4622
2026-08-21T13:05:00+00:00,29436.32,29437.07,29416.440000000002,29417.32,4374
2026-08-21T13:10:00+00:00,29417.32,29418.440000000002,29397.32,29398.82,5163
2026-08-21T13:15:00+00:00,29398.82,29401.07,29378.940000000002,29379.57,6338
2026-08-21T13:20:00+00:00,29379.57,29381.940000000002,29371.32,29377.07,5435
2026-08-21T13:25:00+00:00,29377.07,29414.57,29347.82,29398.940000000002,13108
2026-08-21T13:30:00+00:00,29398.940000000002,29398.940000000002,29288.97,29293.34,54554
2026-08-21T13:35:00+00:00,29293.34,29301.97,29249.97,29279.47,46532
2026-08-21T13:40:00+00:00,29279.47,29289.84,29243.47,29249.89,35925
2026-08-21T13:45:00+00:00,29249.89,29287.97,29238.84,29269.59,34477
2026-08-21T13:50:00+00:00,29269.59,29275.22,29188.97,29221.84,34139
2026-08-21T13:55:00+00:00,29221.84,29249.59,29202.72,29233.72,33485
2026-08-21T14:00:00+00:00,29233.72,29250.09,29193.72,29220.72,37513
2026-08-21T14:05:00+00:00,29220.72,29264.09,29220.72,29242.59,31167
2026-08-21T14:10:00+00:00,29242.59,29258.34,29180.22,29183.47,31394
2026-08-21T14:15:00+00:00,29183.47,29211.34,29159.34,29160.59,33947
2026-08-21T14:20:00+00:00,29160.59,29217.59,29150.97,29185.72,33698
2026-08-21T14:25:00+00:00,29185.72,29240.72,29182.47,29209.22,28575
2026-08-21T14:30:00+00:00,29209.22,29235.84,29205.72,29205.97,28746
2026-08-21T14:35:00+00:00,29205.97,29227.47,29195.97,29209.59,27627
2026-08-21T14:40:00+00:00,29209.59,29239.59,29189.97,29225.84,23590
2026-08-21T14:45:00+00:00,29225.84,29249.72,29219.97,29240.84,24096
2026-08-21T14:50:00+00:00,29240.84,29253.34,29219.34,29226.97,21969
2026-08-21T14:55:00+00:00,29226.97,29262.84,29219.09,29261.97,21059
2026-08-21T15:00:00+00:00,29261.97,29294.34,29256.84,29290.09,19075
2026-08-21T15:05:00+00:00,29290.09,29298.59,29272.84,29280.47,15144
2026-08-21T15:10:00+00:00,29280.47,29292.09,29274.72,29283.09,12576
2026-08-21T15:15:00+00:00,29283.09,29296.22,29265.59,29272.09,14449
2026-08-21T15:20:00+00:00,29272.09,29289.47,29262.22,29267.72,13630
2026-08-21T15:25:00+00:00,29267.72,29300.97,29264.84,29297.34,12174
2026-08-21T15:30:00+00:00,29297.34,29334.84,29294.34,29333.72,13791
2026-08-21T15:35:00+00:00,29333.72,29374.22,29329.97,29372.47,13415
2026-08-21T15:40:00+00:00,29372.47,29401.34,29368.09,29381.84,14615
2026-08-21T15:45:00+00:00,29381.84,29387.72,29356.09,29361.59,12755
2026-08-21T15:50:00+00:00,29361.59,29418.09,29361.59,29402.97,12626
2026-08-21T15:55:00+00:00,29402.97,29403.09,29366.84,29374.47,11308
2026-08-21T16:00:00+00:00,29374.47,29377.09,29347.34,29350.09,12250
2026-08-21T16:05:00+00:00,29350.09,29357.84,29322.22,29324.59,12496
2026-08-21T16:10:00+00:00,29324.59,29338.22,29319.97,29324.22,11424
2026-08-21T16:15:00+00:00,29324.22,29349.59,29320.34,29328.59,11203
2026-08-21T16:20:00+00:00,29328.59,29382.09,29318.59,29334.09,17591
2026-08-21T16:25:00+00:00,29334.09,29343.84,29327.22,29340.34,10686
2026-08-21T16:30:00+00:00,29340.34,29342.97,29325.22,29325.59,8530
2026-08-21T16:35:00+00:00,29325.59,29347.97,29324.09,29346.97,8737
2026-08-21T16:40:00+00:00,29346.97,29354.72,29342.22,29347.59,7423
2026-08-21T16:45:00+00:00,29347.59,29347.59,29330.34,29330.59,7075
2026-08-21T16:50:00+00:00,29330.59,29331.34,29310.97,29320.09,9502
2026-08-21T16:55:00+00:00,29320.09,29344.34,29313.34,29342.09,9205
2026-08-21T17:00:00+00:00,29342.09,29353.59,29338.59,29340.59,8749
2026-08-21T17:05:00+00:00,29340.59,29350.47,29333.59,29341.34,7927
2026-08-21T17:10:00+00:00,29341.34,29341.84,29329.34,29338.47,6585
2026-08-21T17:15:00+00:00,29338.47,29340.09,29329.34,29331.72,6859
2026-08-21T17:20:00+00:00,29331.72,29332.09,29306.72,29319.09,9341
2026-08-21T17:25:00+00:00,29319.09,29335.47,29308.59,29325.59,8785
2026-08-21T17:30:00+00:00,29325.59,29331.34,29315.84,29316.09,8644
2026-08-21T17:35:00+00:00,29316.09,29334.72,29313.09,29324.84,7637
2026-08-21T17:40:00+00:00,29324.84,29334.59,29316.47,29334.59,6663
2026-08-21T17:45:00+00:00,29334.59,29340.34,29326.34,29329.09,6703
2026-08-21T17:50:00+00:00,29329.09,29332.47,29318.22,29323.59,6335
2026-08-21T17:55:00+00:00,29323.59,29323.59,29312.59,29313.59,6372
2026-08-21T18:00:00+00:00,29313.59,29335.09,29309.09,29330.34,7660
2026-08-21T18:05:00+00:00,29330.34,29330.72,29304.97,29306.34,6700
2026-08-21T18:10:00+00:00,29306.34,29317.09,29303.09,29304.84,5662
2026-08-21T18:15:00+00:00,29304.84,29313.09,29300.34,29310.22,5614
2026-08-21T18:20:00+00:00,29310.22,29321.72,29307.72,29314.84,5383
2026-08-21T18:25:00+00:00,29314.84,29316.59,29293.22,29293.47,5850
2026-08-21T18:30:00+00:00,29293.47,29297.34,29284.34,29287.72,6191
2026-08-21T18:35:00+00:00,29287.72,29297.59,29287.09,29291.84,5351
2026-08-21T18:40:00+00:00,29291.84,29301.97,29291.09,29296.84,4883
2026-08-21T18:45:00+00:00,29296.84,29314.09,29294.09,29312.84,4979
2026-08-21T18:50:00+00:00,29312.84,29325.59,29312.59,29321.34,5209
2026-08-21T18:55:00+00:00,29321.34,29333.34,29315.59,29330.09,5064
2026-08-21T19:00:00+00:00,29330.09,29344.34,29321.34,29322.34,7851
2026-08-21T19:05:00+00:00,29322.34,29335.84,29319.34,29327.59,5981
2026-08-21T19:10:00+00:00,29327.59,29327.84,29315.09,29318.34,5713
2026-08-21T19:15:00+00:00,29318.34,29327.59,29310.59,29318.09,6380
2026-08-21T19:20:00+00:00,29318.09,29330.09,29314.34,29328.72,5302
2026-08-21T19:25:00+00:00,29328.72,29334.59,29323.72,29323.72,4931
2026-08-21T19:30:00+00:00,29323.72,29339.47,29323.72,29334.22,6295
2026-08-21T19:35:00+00:00,29334.22,29341.59,29328.84,29339.34,5386
2026-08-21T19:40:00+00:00,29339.34,29341.34,29327.09,29340.84,5412
2026-08-21T19:45:00+00:00,29340.84,29361.97,29338.34,29357.34,6621
2026-08-21T19:50:00+00:00,29357.34,29357.34,29323.84,29326.22,9681
2026-08-21T19:55:00+00:00,29326.22,29343.09,29305.84,29325.59,14788
2026-08-21T20:00:00+00:00,29325.59,29326.690000000002,29307.440000000002,29317.07,6072
2026-08-21T20:05:00+00:00,29317.07,29317.32,29302.32,29312.57,3253
2026-08-21T20:10:00+00:00,29312.57,29316.440000000002,29305.940000000002,29311.57,2753
2026-08-21T20:15:00+00:00,29311.57,29318.06,29306.81,29307.19,2220
2026-08-21T20:20:00+00:00,29307.19,29309.81,29297.69,29301.44,1903
2026-08-21T20:25:00+00:00,29301.44,29304.69,29297.81,29300.56,1245
2026-08-21T20:30:00+00:00,29300.56,29308.81,29300.06,29308.06,1441
2026-08-21T20:35:00+00:00,29308.06,29311.81,29306.19,29310.56,1261
2026-08-21T20:40:00+00:00,29310.56,29316.440000000002,29309.56,29315.140000000003,1284
2026-08-23T22:00:00+00:00,29315.140000000003,29346.800000000003,29239,29260.75,7369
2026-08-23T22:05:00+00:00,29260.75,29273,29249.5,29259.43,4199
2026-08-23T22:10:00+00:00,29259.43,29270.050000000003,29254.93,29269.300000000003,2471
2026-08-23T22:15:00+00:00,29269.300000000003,29272.93,29251.5,29261.550000000003,3414
2026-08-23T22:20:00+00:00,29261.550000000003,29278.800000000003,29260.18,29275.800000000003,3181
2026-08-23T22:25:00+00:00,29275.800000000003,29280.550000000003,29273.25,29276.43,1602
2026-08-23T22:30:00+00:00,29276.43,29283.550000000003,29273.75,29278.43,1960
2026-08-23T22:35:00+00:00,29278.43,29299.550000000003,29275.550000000003,29292.800000000003,1966
2026-08-23T22:40:00+00:00,29292.800000000003,29321.93,29289.550000000003,29319.550000000003,2671
2026-08-23T22:45:00+00:00,29319.550000000003,29337.43,29318.300000000003,29330.050000000003,3136
2026-08-23T22:50:00+00:00,29330.050000000003,29331.43,29321.18,29322.43,1390
2026-08-23T22:55:00+00:00,29322.43,29329.550000000003,29322.18,29328.18,1234
2026-08-23T23:00:00+00:00,29328.18,29329.68,29322.550000000003,29326.68,1312
2026-08-23T23:05:00+00:00,29326.68,29331.43,29323.800000000003,29329.18,960
2026-08-23T23:10:00+00:00,29329.18,29331.050000000003,29323.43,29324.800000000003,1011
2026-08-23T23:15:00+00:00,29324.800000000003,29346.68,29323.43,29338.43,1672
2026-08-23T23:20:00+00:00,29338.43,29355.800000000003,29338.43,29354.050000000003,1466
2026-08-23T23:25:00+00:00,29354.050000000003,29367.43,29353.43,29366.43,1859
2026-08-23T23:30:00+00:00,29366.43,29385.300000000003,29362,29375.93,2708
2026-08-23T23:35:00+00:00,29375.93,29381.43,29371.93,29373.550000000003,1609
2026-08-23T23:40:00+00:00,29373.550000000003,29374.550000000003,29356.050000000003,29358.43,1632
2026-08-23T23:45:00+00:00,29358.43,29410.68,29358.300000000003,29408.050000000003,5510
2026-08-23T23:50:00+00:00,29408.050000000003,29418.300000000003,29391.68,29394.68,5812
2026-08-23T23:55:00+00:00,29394.68,29413.93,29393.93,29405.300000000003,4006
2026-08-24T00:00:00+00:00,29405.300000000003,29410.050000000003,29369.680000000004,29371.930000000004,9821
2026-08-24T00:05:00+00:00,29371.930000000004,29391.930000000004,29362.050000000003,29389.050000000003,11019
2026-08-24T00:10:00+00:00,29389.050000000003,29395.800000000003,29367.300000000003,29373.800000000003,8075
2026-08-24T00:15:00+00:00,29373.800000000003,29375.430000000004,29301.180000000004,29305.930000000004,12079
2026-08-24T00:20:00+00:00,29305.930000000004,29319.300000000003,29294.300000000003,29313.180000000004,12596
2026-08-24T00:25:00+00:00,29313.180000000004,29313.680000000004,29273.800000000003,29294.800000000003,11240
2026-08-24T00:30:00+00:00,29294.800000000003,29296.300000000003,29276.680000000004,29290.180000000004,11382
2026-08-24T00:35:00+00:00,29290.180000000004,29313.550000000003,29278.430000000004,29301.050000000003,10023
2026-08-24T00:40:00+00:00,29301.050000000003,29314.680000000004,29292.800000000003,29292.800000000003,8216
2026-08-24T00:45:00+00:00,29292.800000000003,29325.300000000003,29290.800000000003,29324.930000000004,10511
2026-08-24T00:50:00+00:00,29324.930000000004,29326.050000000003,29310.550000000003,29321.550000000003,7207
2026-08-24T00:55:00+00:00,29321.550000000003,29366.180000000004,29318.800000000003,29363.930000000004,7613
2026-08-24T01:00:00+00:00,29363.930000000004,29373.430000000004,29337.050000000003,29351.550000000003,10907
2026-08-24T01:05:00+00:00,29351.550000000003,29371.800000000003,29344.430000000004,29356.180000000004,8774
2026-08-24T01:10:00+00:00,29356.180000000004,29380.300000000003,29356.180000000004,29373.930000000004,8003
2026-08-24T01:15:00+00:00,29373.930000000004,29385.550000000003,29369.800000000003,29380.180000000004,8503
2026-08-24T01:20:00+00:00,29380.180000000004,29380.300000000003,29352.550000000003,29358.550000000003,8397
2026-08-24T01:25:00+00:00,29358.550000000003,29371.180000000004,29346.300000000003,29347.430000000004,9372
2026-08-24T01:30:00+00:00,29347.430000000004,29349.300000000003,29326.180000000004,29343.430000000004,9532
2026-08-24T01:35:00+00:00,29343.430000000004,29344.800000000003,29322.180000000004,29338.300000000003,9673
2026-08-24T01:40:00+00:00,29338.300000000003,29346.050000000003,29327.680000000004,29330.680000000004,8075
2026-08-24T01:45:00+00:00,29330.680000000004,29332.680000000004,29308.800000000003,29319.550000000003,8238
2026-08-24T01:50:00+00:00,29319.550000000003,29342.050000000003,29304.430000000004,29305.180000000004,8258
2026-08-24T01:55:00+00:00,29305.180000000004,29305.550000000003,29259.300000000003,29260.300000000003,8292
2026-08-24T02:00:00+00:00,29260.300000000003,29274.930000000004,29247.050000000003,29269.430000000004,11005
2026-08-24T02:05:00+00:00,29269.430000000004,29272.180000000004,29239.550000000003,29259.430000000004,8390
2026-08-24T02:10:00+00:00,29259.430000000004,29295.050000000003,29240.180000000004,29291.180000000004,6826
2026-08-24T02:15:00+00:00,29291.180000000004,29309.180000000004,29289.300000000003,29301.800000000003,5457
2026-08-24T02:20:00+00:00,29301.800000000003,29306.550000000003,29286.050000000003,29290.680000000004,6756
2026-08-24T02:25:00+00:00,29290.680000000004,29309.800000000003,29288.050000000003,29301.680000000004,6802
2026-08-24T02:30:00+00:00,29301.680000000004,29308.930000000004,29294.430000000004,29306.930000000004,7214
2026-08-24T02:35:00+00:00,29306.930000000004,29310.930000000004,29298.930000000004,29305.800000000003,5569
2026-08-24T02:40:00+00:00,29305.800000000003,29309.430000000004,29298.050000000003,29307.680000000004,5560
2026-08-24T02:45:00+00:00,29307.680000000004,29313.550000000003,29288.800000000003,29296.050000000003,5629
2026-08-24T02:50:00+00:00,29296.050000000003,29301.930000000004,29279.800000000003,29286.680000000004,6570
2026-08-24T02:55:00+00:00,29286.680000000004,29315.550000000003,29280.180000000004,29308.680000000004,7000
2026-08-24T03:00:00+00:00,29308.680000000004,29309.930000000004,29277.430000000004,29281.680000000004,6385
2026-08-24T03:05:00+00:00,29281.680000000004,29282.680000000004,29258.550000000003,29260.300000000003,3984
2026-08-24T03:10:00+00:00,29260.300000000003,29263.180000000004,29241.680000000004,29242.300000000003,4822
2026-08-24T03:15:00+00:00,29242.300000000003,29250.550000000003,29229.680000000004,29233.180000000004,4309
2026-08-24T03:20:00+00:00,29233.180000000004,29248.050000000003,29230.180000000004,29239.800000000003,5992
2026-08-24T03:25:00+00:00,29239.800000000003,29241.180000000004,29228.550000000003,29233.550000000003,4916
2026-08-24T03:30:00+00:00,29233.550000000003,29235.550000000003,29221.300000000003,29235.550000000003,6773
2026-08-24T03:35:00+00:00,29235.550000000003,29242.050000000003,29223.430000000004,29229.430000000004,6744
2026-08-24T03:40:00+00:00,29229.430000000004,29243.550000000003,29221.550000000003,29222.930000000004,5312
2026-08-24T03:45:00+00:00,29222.930000000004,29240.050000000003,29217.180000000004,29237.180000000004,4687
2026-08-24T03:50:00+00:00,29237.180000000004,29240.300000000003,29204.180000000004,29209.050000000003,4951
2026-08-24T03:55:00+00:00,29209.050000000003,29211.800000000003,29203.750000000004,29209.680000000004,3348
2026-08-24T04:00:00+00:00,29209.680000000004,29218.930000000004,29207.680000000004,29217.550000000003,4174
2026-08-24T04:05:00+00:00,29217.550000000003,29219.430000000004,29208.930000000004,29211.550000000003,3970
2026-08-24T04:10:00+00:00,29211.550000000003,29237.050000000003,29211.550000000003,29236.550000000003,4439
2026-08-24T04:15:00+00:00,29236.550000000003,29238.800000000003,29223.050000000003,29229.180000000004,4464
2026-08-24T04:20:00+00:00,29229.180000000004,29238.430000000004,29212.930000000004,29215.550000000003,5150
2026-08-24T04:25:00+00:00,29215.550000000003,29231.180000000004,29209.800000000003,29229.550000000003,5416
2026-08-24T04:30:00+00:00,29229.550000000003,29236.930000000004,29218.430000000004,29224.550000000003,6538
2026-08-24T04:35:00+00:00,29224.550000000003,29230.300000000003,29213.930000000004,29224.800000000003,4758
2026-08-24T04:40:00+00:00,29224.800000000003,29237.680000000004,29220.430000000004,29237.430000000004,4812
2026-08-24T04:45:00+00:00,29237.430000000004,29241.300000000003,29223.680000000004,29223.680000000004,5951
2026-08-24T04:50:00+00:00,29223.680000000004,29230.300000000003,29210.550000000003,29212.550000000003,5608
2026-08-24T04:55:00+00:00,29212.550000000003,29214.050000000003,29201.930000000004,29204.180000000004,4291
2026-08-24T05:00:00+00:00,29204.180000000004,29212.680000000004,29200.000000000004,29204.930000000004,5444
2026-08-24T05:05:00+00:00,29204.930000000004,29234.800000000003,29204.180000000004,29226.300000000003,6927
2026-08-24T05:10:00+00:00,29226.300000000003,29233.550000000003,29219.930000000004,29231.430000000004,4212
2026-08-24T05:15:00+00:00,29231.430000000004,29231.430000000004,29203.180000000004,29204.430000000004,5536
2026-08-24T05:20:00+00:00,29204.430000000004,29208.430000000004,29196.050000000003,29196.050000000003,5819
2026-08-24T05:25:00+00:00,29196.050000000003,29198.300000000003,29185.680000000004,29186.300000000003,4532
2026-08-24T05:30:00+00:00,29186.300000000003,29187.800000000003,29146.180000000004,29157.180000000004,6207
2026-08-24T05:35:00+00:00,29157.180000000004,29193.300000000003,29148.800000000003,29171.680000000004,5008
2026-08-24T05:40:00+00:00,29171.680000000004,29204.430000000004,29171.680000000004,29177.180000000004,6539
2026-08-24T05:45:00+00:00,29177.180000000004,29184.050000000003,29158.300000000003,29163.680000000004,5275
2026-08-24T05:50:00+00:00,29163.680000000004,29170.050000000003,29152.680000000004,29153.800000000003,4737
2026-08-24T05:55:00+00:00,29153.800000000003,29156.050000000003,29133.930000000004,29137.800000000003,5973
2026-08-24T06:00:00+00:00,29137.800000000003,29156.680000000004,29102.180000000004,29103.300000000003,7892
2026-08-24T06:05:00+00:00,29103.300000000003,29109.550000000003,29085.550000000003,29096.800000000003,7692
2026-08-24T06:10:00+00:00,29096.800000000003,29097.680000000004,29082.550000000003,29089.930000000004,6425
2026-08-24T06:15:00+00:00,29089.930000000004,29116.050000000003,29076.680000000004,29077.680000000004,8386
2026-08-24T06:20:00+00:00,29077.680000000004,29105.800000000003,29063.680000000004,29105.800000000003,5618
2026-08-24T06:25:00+00:00,29105.800000000003,29116.300000000003,29101.430000000004,29103.550000000003,4728
2026-08-24T06:30:00+00:00,29103.550000000003,29108.930000000004,29089.680000000004,29105.750000000004,5935
2026-08-24T06:35:00+00:00,29105.750000000004,29118.430000000004,29099.680000000004,29113.300000000003,4956
2026-08-24T06:40:00+00:00,29113.300000000003,29116.050000000003,29081.930000000004,29088.550000000003,3676
2026-08-24T06:45:00+00:00,29088.550000000003,29094.930000000004,29080.300000000003,29091.300000000003,4178
2026-08-24T06:50:00+00:00,29091.300000000003,29114.430000000004,29090.930000000004,29114.430000000004,4843
2026-08-24T06:55:00+00:00,29114.430000000004,29115.930000000004,29098.680000000004,29101.550000000003,5266
2026-08-24T07:00:00+00:00,29101.550000000003,29118.430000000004,29085.050000000003,29104.800000000003,10293
2026-08-24T07:05:00+00:00,29104.800000000003,29135.800000000003,29098.050000000003,29131.300000000003,6147
2026-08-24T07:10:00+00:00,29131.300000000003,29142.180000000004,29121.680000000004,29138.300000000003,5999
2026-08-24T07:15:00+00:00,29138.300000000003,29146.550000000003,29123.930000000004,29135.180000000004,6108
2026-08-24T07:20:00+00:00,29135.180000000004,29135.180000000004,29118.680000000004,29126.050000000003,5074
2026-08-24T07:25:00+00:00,29126.050000000003,29140.550000000003,29116.680000000004,29120.050000000003,6064
2026-08-24T07:30:00+00:00,29120.050000000003,29145.680000000004,29111.430000000004,29144.680000000004,4076
2026-08-24T07:35:00+00:00,29144.680000000004,29150.550000000003,29128.800000000003,29128.800000000003,3720
2026-08-24T07:40:00+00:00,29128.800000000003,29129.180000000004,29099.550000000003,29100.300000000003,5563
2026-08-24T07:45:00+00:00,29100.300000000003,29113.180000000004,29094.680000000004,29096.800000000003,5477
2026-08-24T07:50:00+00:00,29096.800000000003,29099.550000000003,29070.430000000004,29085.050000000003,5719
2026-08-24T07:55:00+00:00,29085.050000000003,29089.430000000004,29072.430000000004,29083.930000000004,5276
2026-08-24T08:00:00+00:00,29083.930000000004,29093.430000000004,29055.050000000003,29066.680000000004,13100
2026-08-24T08:05:00+00:00,29066.680000000004,29141.930000000004,29065.930000000004,29101.050000000003,10548
2026-08-24T08:10:00+00:00,29101.050000000003,29125.800000000003,29101.050000000003,29122.680000000004,6890
2026-08-24T08:15:00+00:00,29122.680000000004,29147.430000000004,29109.800000000003,29143.430000000004,6710
2026-08-24T08:20:00+00:00,29143.430000000004,29146.680000000004,29123.430000000004,29130.550000000003,6602
2026-08-24T08:25:00+00:00,29130.550000000003,29139.430000000004,29112.300000000003,29129.180000000004,6490
2026-08-24T08:30:00+00:00,29129.180000000004,29140.680000000004,29118.300000000003,29135.430000000004,5771
2026-08-24T08:35:00+00:00,29135.430000000004,29163.300000000003,29130.550000000003,29161.050000000003,5033
2026-08-24T08:40:00+00:00,29161.050000000003,29163.800000000003,29147.550000000003,29161.800000000003,4528
2026-08-24T08:45:00+00:00,29161.800000000003,29162.550000000003,29152.800000000003,29154.430000000004,3681
2026-08-24T08:50:00+00:00,29154.430000000004,29177.680000000004,29153.680000000004,29170.550000000003,4050
2026-08-24T08:55:00+00:00,29170.550000000003,29171.550000000003,29151.800000000003,29152.430000000004,3728
2026-08-24T09:00:00+00:00,29152.430000000004,29183.550000000003,29139.300000000003,29179.550000000003,6274
2026-08-24T09:05:00+00:00,29179.550000000003,29184.930000000004,29167.430000000004,29180.800000000003,4145
2026-08-24T09:10:00+00:00,29180.800000000003,29185.430000000004,29170.550000000003,29171.550000000003,3856
2026-08-24T09:15:00+00:00,29171.550000000003,29173.300000000003,29156.930000000004,29158.430000000004,3628
2026-08-24T09:20:00+00:00,29158.430000000004,29161.930000000004,29150.430000000004,29154.300000000003,3810
2026-08-24T09:25:00+00:00,29154.300000000003,29155.300000000003,29145.680000000004,29148.050000000003,3381
2026-08-24T09:30:00+00:00,29148.050000000003,29163.800000000003,29147.800000000003,29163.050000000003,4271
2026-08-24T09:35:00+00:00,29163.050000000003,29179.050000000003,29159.550000000003,29176.550000000003,3504
2026-08-24T09:40:00+00:00,29176.550000000003,29176.550000000003,29162.430000000004,29173.550000000003,2926
2026-08-24T09:45:00+00:00,29173.550000000003,29187.430000000004,29169.550000000003,29182.050000000003,4187
2026-08-24T09:50:00+00:00,29182.050000000003,29183.430000000004,29167.680000000004,29171.050000000003,3692
2026-08-24T09:55:00+00:00,29171.050000000003,29175.430000000004,29165.430000000004,29169.800000000003,3157
2026-08-24T10:00:00+00:00,29169.800000000003,29182.680000000004,29165.800000000003,29182.300000000003,4722
2026-08-24T10:05:00+00:00,29182.300000000003,29184.550000000003,29169.800000000003,29171.180000000004,3978
2026-08-24T10:10:00+00:00,29171.180000000004,29174.050000000003,29152.800000000003,29153.550000000003,4645
2026-08-24T10:15:00+00:00,29153.550000000003,29157.800000000003,29150.180000000004,29150.300000000003,3324
2026-08-24T10:20:00+00:00,29150.300000000003,29173.930000000004,29144.300000000003,29170.550000000003,3643
2026-08-24T10:25:00+00:00,29170.550000000003,29170.550000000003,29145.550000000003,29147.300000000003,3681
2026-08-24T10:30:00+00:00,29147.300000000003,29177.300000000003,29143.680000000004,29175.050000000003,3724
2026-08-24T10:35:00+00:00,29175.050000000003,29176.050000000003,29159.050000000003,29159.430000000004,3406
2026-08-24T10:40:00+00:00,29159.430000000004,29159.430000000004,29137.050000000003,29146.180000000004,3825
2026-08-24T10:45:00+00:00,29146.180000000004,29148.430000000004,29133.550000000003,29136.680000000004,4255
2026-08-24T10:50:00+00:00,29136.680000000004,29137.050000000003,29117.930000000004,29124.300000000003,4470
2026-08-24T10:55:00+00:00,29124.300000000003,29131.300000000003,29121.430000000004,29122.800000000003,3805
2026-08-24T11:00:00+00:00,29122.800000000003,29129.930000000004,29091.050000000003,29094.300000000003,9108
2026-08-24T11:05:00+00:00,29094.300000000003,29104.550000000003,29084.180000000004,29101.180000000004,6984
2026-08-24T11:10:00+00:00,29101.180000000004,29110.050000000003,29089.300000000003,29106.300000000003,7207
2026-08-24T11:15:00+00:00,29106.300000000003,29117.430000000004,29103.800000000003,29116.300000000003,5644
2026-08-24T11:20:00+00:00,29116.300000000003,29127.550000000003,29113.300000000003,29125.550000000003,5191
2026-08-24T11:25:00+00:00,29125.550000000003,29141.430000000004,29118.430000000004,29120.550000000003,5247
2026-08-24T11:30:00+00:00,29120.550000000003,29166.430000000004,29120.550000000003,29163.800000000003,8424
2026-08-24T11:35:00+00:00,29163.800000000003,29220.680000000004,29160.930000000004,29198.180000000004,15516
2026-08-24T11:40:00+00:00,29198.180000000004,29215.800000000003,29188.800000000003,29198.050000000003,10328
2026-08-24T11:45:00+00:00,29198.050000000003,29198.050000000003,29169.550000000003,29177.550000000003,7620
2026-08-24T11:50:00+00:00,29177.550000000003,29188.050000000003,29171.050000000003,29187.800000000003,6122
2026-08-24T11:55:00+00:00,29187.800000000003,29192.300000000003,29175.930000000004,29185.180000000004,5612
2026-08-24T12:00:00+00:00,29185.180000000004,29185.180000000004,29159.430000000004,29159.930000000004,6426
2026-08-24T12:05:00+00:00,29159.930000000004,29173.550000000003,29156.800000000003,29160.930000000004,5201
2026-08-24T12:10:00+00:00,29160.930000000004,29163.930000000004,29145.930000000004,29149.800000000003,6079
2026-08-24T12:15:00+00:00,29149.800000000003,29160.180000000004,29141.930000000004,29150.180000000004,5938
2026-08-24T12:20:00+00:00,29150.180000000004,29169.050000000003,29149.300000000003,29163.430000000004,7297
2026-08-24T12:25:00+00:00,29163.430000000004,29168.550000000003,29152.050000000003,29168.050000000003,5043
2026-08-24T12:30:00+00:00,29168.050000000003,29169.680000000004,29113.250000000004,29136.430000000004,9447
2026-08-24T12:35:00+00:00,29136.430000000004,29164.930000000004,29134.050000000003,29149.680000000004,8273
2026-08-24T12:40:00+00:00,29149.680000000004,29175.750000000004,29132.500000000004,29141.300000000003,7588
2026-08-24T12:45:00+00:00,29141.300000000003,29162.680000000004,29137.680000000004,29162.180000000004,5700
2026-08-24T12:50:00+00:00,29162.180000000004,29170.180000000004,29153.180000000004,29156.930000000004,5419
2026-08-24T12:55:00+00:00,29156.930000000004,29162.930000000004,29143.680000000004,29143.680000000004,5961
2026-08-24T13:00:00+00:00,29143.680000000004,29155.680000000004,29142.180000000004,29152.180000000004,7712
2026-08-24T13:05:00+00:00,29152.180000000004,29156.180000000004,29134.930000000004,29142.180000000004,7969
2026-08-24T13:10:00+00:00,29142.180000000004,29157.680000000004,29141.050000000003,29146.180000000004,7238
2026-08-24T13:15:00+00:00,29146.180000000004,29161.930000000004,29139.430000000004,29139.430000000004,7033
2026-08-24T13:20:00+00:00,29139.430000000004,29152.050000000003,29134.800000000003,29134.800000000003,6376
2026-08-24T13:25:00+00:00,29134.800000000003,29174.430000000004,29134.800000000003,29174.430000000004,10789
2026-08-24T13:30:00+00:00,29174.430000000004,29181.580000000005,29022.450000000004,29051.450000000004,61503
2026-08-24T13:35:00+00:00,29051.450000000004,29082.830000000005,29005.080000000005,29018.200000000004,51537
2026-08-24T13:40:00+00:00,29018.200000000004,29028.700000000004,28918.080000000005,28918.080000000005,43998
2026-08-24T13:45:00+00:00,28918.080000000005,28968.700000000004,28893.330000000005,28929.450000000004,53351
2026-08-24T13:50:00+00:00,28929.450000000004,28951.580000000005,28886.830000000005,28948.580000000005,47229
2026-08-24T13:55:00+00:00,28948.580000000005,28975.830000000005,28938.500000000004,28960.830000000005,37120
2026-08-24T14:00:00+00:00,28960.830000000005,28974.330000000005,28901.830000000005,28913.830000000005,37963
2026-08-24T14:05:00+00:00,28913.830000000005,28936.580000000005,28899.450000000004,28915.950000000004,32348
2026-08-24T14:10:00+00:00,28915.950000000004,28933.200000000004,28892.580000000005,28931.950000000004,28680
2026-08-24T14:15:00+00:00,28931.950000000004,28946.450000000004,28907.080000000005,28916.330000000005,26535
2026-08-24T14:20:00+00:00,28916.330000000005,28971.580000000005,28914.330000000005,28939.830000000005,26344
2026-08-24T14:25:00+00:00,28939.830000000005,28956.830000000005,28918.830000000005,28950.830000000005,22466
2026-08-24T14:30:00+00:00,28950.830000000005,29019.580000000005,28940.580000000005,29015.580000000005,23229
2026-08-24T14:35:00+00:00,29015.580000000005,29034.080000000005,29004.830000000005,29020.450000000004,22040
2026-08-24T14:40:00+00:00,29020.450000000004,29048.580000000005,29009.950000000004,29024.330000000005,19312
2026-08-24T14:45:00+00:00,29024.330000000005,29047.700000000004,29017.580000000005,29045.330000000005,16073
2026-08-24T14:50:00+00:00,29045.330000000005,29048.080000000005,29020.950000000004,29035.080000000005,15663
2026-08-24T14:55:00+00:00,29035.080000000005,29044.830000000005,29016.200000000004,29021.580000000005,16719
2026-08-24T15:00:00+00:00,29021.580000000005,29033.830000000005,28994.450000000004,28997.080000000005,17328
2026-08-24T15:05:00+00:00,28997.080000000005,29007.450000000004,28981.200000000004,28998.330000000005,14565
2026-08-24T15:10:00+00:00,28998.330000000005,29017.200000000004,28984.580000000005,28987.200000000004,16099
2026-08-24T15:15:00+00:00,28987.200000000004,29001.950000000004,28985.950000000004,28996.700000000004,12454
2026-08-24T15:20:00+00:00,28996.700000000004,29022.700000000004,28978.580000000005,29019.830000000005,13987
2026-08-24T15:25:00+00:00,29019.830000000005,29074.950000000004,29017.830000000005,29060.200000000004,16991
2026-08-24T15:30:00+00:00,29060.200000000004,29075.950000000004,29050.580000000005,29072.830000000005,17699
2026-08-24T15:35:00+00:00,29072.830000000005,29101.450000000004,29066.330000000005,29096.080000000005,12516
2026-08-24T15:40:00+00:00,29096.080000000005,29120.200000000004,29093.250000000004,29114.330000000005,12512
2026-08-24T15:45:00+00:00,29114.330000000005,29142.700000000004,29114.330000000005,29124.450000000004,11525
2026-08-24T15:50:00+00:00,29124.450000000004,29135.450000000004,29116.330000000005,29122.080000000005,10859
2026-08-24T15:55:00+00:00,29122.080000000005,29122.080000000005,29088.830000000005,29107.200000000004,11298
2026-08-24T16:00:00+00:00,29107.200000000004,29127.580000000005,29095.580000000005,29111.080000000005,17407
2026-08-24T16:05:00+00:00,29111.080000000005,29117.950000000004,29097.330000000005,29097.330000000005,10917
2026-08-24T16:10:00+00:00,29097.330000000005,29119.330000000005,29095.700000000004,29118.830000000005,9782
2026-08-24T16:15:00+00:00,29118.830000000005,29147.950000000004,29117.200000000004,29136.700000000004,11646
2026-08-24T16:20:00+00:00,29136.700000000004,29162.450000000004,29133.580000000005,29142.950000000004,11334
2026-08-24T16:25:00+00:00,29142.950000000004,29146.580000000005,29135.700000000004,29142.200000000004,9390
2026-08-24T16:30:00+00:00,29142.200000000004,29149.950000000004,29120.700000000004,29126.330000000005,9668
2026-08-24T16:35:00+00:00,29126.330000000005,29141.080000000005,29122.700000000004,29125.200000000004,8167
2026-08-24T16:40:00+00:00,29125.200000000004,29127.700000000004,29112.950000000004,29122.830000000005,7174
2026-08-24T16:45:00+00:00,29122.830000000005,29127.200000000004,29112.200000000004,29126.950000000004,8149
2026-08-24T16:50:00+00:00,29126.950000000004,29131.080000000005,29110.700000000004,29120.200000000004,8232
2026-08-24T16:55:00+00:00,29120.200000000004,29121.580000000005,29108.950000000004,29108.950000000004,6815
2026-08-24T17:00:00+00:00,29108.950000000004,29110.330000000005,29093.200000000004,29096.950000000004,8313
2026-08-24T17:05:00+00:00,29096.950000000004,29135.450000000004,29095.700000000004,29129.700000000004,11198
2026-08-24T17:10:00+00:00,29129.700000000004,29148.580000000005,29121.200000000004,29133.080000000005,10928
2026-08-24T17:15:00+00:00,29133.080000000005,29133.450000000004,29104.950000000004,29105.200000000004,9798
2026-08-24T17:20:00+00:00,29105.200000000004,29107.950000000004,29076.700000000004,29082.830000000005,14550
2026-08-24T17:25:00+00:00,29082.830000000005,29095.830000000005,29070.950000000004,29078.330000000005,10903
2026-08-24T17:30:00+00:00,29078.330000000005,29080.450000000004,29066.950000000004,29067.950000000004,9410
2026-08-24T17:35:00+00:00,29067.950000000004,29073.450000000004,29058.700000000004,29070.330000000005,7798
2026-08-24T17:40:00+00:00,29070.330000000005,29075.080000000005,29057.330000000005,29057.700000000004,8308
2026-08-24T17:45:00+00:00,29057.700000000004,29075.450000000004,29056.700000000004,29070.330000000005,8510
2026-08-24T17:50:00+00:00,29070.330000000005,29081.330000000005,29057.080000000005,29059.950000000004,7666
2026-08-24T17:55:00+00:00,29059.950000000004,29064.330000000005,29054.950000000004,29061.830000000005,6012
2026-08-24T18:00:00+00:00,29061.830000000005,29094.580000000005,29061.700000000004,29087.080000000005,8877
2026-08-24T18:05:00+00:00,29087.080000000005,29122.080000000005,29084.450000000004,29117.950000000004,7437
2026-08-24T18:10:00+00:00,29117.950000000004,29126.700000000004,29106.580000000005,29125.700000000004,6945
2026-08-24T18:15:00+00:00,29125.700000000004,29137.700000000004,29111.450000000004,29115.200000000004,8346
2026-08-24T18:20:00+00:00,29115.200000000004,29159.450000000004,29113.080000000005,29155.700000000004,8779
2026-08-24T18:25:00+00:00,29155.700000000004,29161.580000000005,29152.200000000004,29156.950000000004,7653
2026-08-24T18:30:00+00:00,29156.950000000004,29171.450000000004,29151.950000000004,29158.450000000004,8628
2026-08-24T18:35:00+00:00,29158.450000000004,29162.700000000004,29118.950000000004,29125.200000000004,7825
2026-08-24T18:40:00+00:00,29125.200000000004,29134.580000000005,29121.450000000004,29128.080000000005,7631
2026-08-24T18:45:00+00:00,29128.080000000005,29131.830000000005,29112.700000000004,29117.200000000004,6726
2026-08-24T18:50:00+00:00,29117.200000000004,29125.700000000004,29103.700000000004,29106.700000000004,6719
2026-08-24T18:55:00+00:00,29106.700000000004,29112.580000000005,29091.950000000004,29092.700000000004,6676
2026-08-24T19:00:00+00:00,29092.700000000004,29100.450000000004,29087.330000000005,29092.700000000004,8011
2026-08-24T19:05:00+00:00,29092.700000000004,29100.700000000004,29082.200000000004,29085.450000000004,6467
2026-08-24T19:10:00+00:00,29085.450000000004,29099.950000000004,29081.450000000004,29094.330000000005,6454
2026-08-24T19:15:00+00:00,29094.330000000005,29098.700000000004,29081.580000000005,29096.200000000004,6414
2026-08-24T19:20:00+00:00,29096.200000000004,29104.080000000005,29088.330000000005,29094.200000000004,5676
2026-08-24T19:25:00+00:00,29094.200000000004,29101.700000000004,29091.950000000004,29096.330000000005,5888
2026-08-24T19:30:00+00:00,29096.330000000005,29110.700000000004,29080.830000000005,29080.830000000005,8374
2026-08-24T19:35:00+00:00,29080.830000000005,29081.450000000004,29066.450000000004,29070.080000000005,7025
2026-08-24T19:40:00+00:00,29070.080000000005,29075.830000000005,29063.950000000004,29069.200000000004,6074
2026-08-24T19:45:00+00:00,29069.200000000004,29072.700000000004,29059.200000000004,29070.450000000004,6967
2026-08-24T19:50:00+00:00,29070.450000000004,29079.080000000005,29039.950000000004,29062.580000000005,10261
2026-08-24T19:55:00+00:00,29062.580000000005,29062.700000000004,29035.200000000004,29037.950000000004,14785
2026-08-24T20:00:00+00:00,29037.950000000004,29054.430000000004,29035.300000000003,29046.930000000004,6399
2026-08-24T20:05:00+00:00,29046.930000000004,29061.180000000004,29045.430000000004,29050.300000000003,2770
2026-08-24T20:10:00+00:00,29050.300000000003,29051.800000000003,29045.550000000003,29047.300000000003,2099
2026-08-24T20:15:00+00:00,29047.300000000003,29051.050000000003,29044.180000000004,29050.550000000003,1901
2026-08-24T20:20:00+00:00,29050.550000000003,29050.550000000003,29024.930000000004,29025.550000000003,2048
2026-08-24T20:25:00+00:00,29025.550000000003,29025.800000000003,29019.180000000004,29022.430000000004,1620
2026-08-24T20:30:00+00:00,29022.430000000004,29030.050000000003,29021.300000000003,29027.680000000004,1401
2026-08-24T20:35:00+00:00,29027.680000000004,29039.050000000003,29026.180000000004,29037.430000000004,1279
2026-08-24T20:40:00+00:00,29037.430000000004,29040.050000000003,29034.180000000004,29038.300000000003,1023
2026-08-24T20:45:00+00:00,29038.300000000003,29042.300000000003,29033.300000000003,29034.550000000003,1446
2026-08-24T20:50:00+00:00,29034.550000000003,29037.300000000003,29027.550000000003,29036.050000000003,1345
2026-08-24T20:55:00+00:00,29036.050000000003,29073.300000000003,29036.050000000003,29067.630000000005,1712
2026-08-24T22:00:00+00:00,29067.630000000005,29090.470000000005,29063.900000000005,29068.650000000005,3557
2026-08-24T22:05:00+00:00,29068.650000000005,29089.520000000004,29068.270000000004,29068.900000000005,1922
2026-08-24T22:10:00+00:00,29068.900000000005,29070.770000000004,29062.400000000005,29065.150000000005,1636
2026-08-24T22:15:00+00:00,29065.150000000005,29070.400000000005,29062.400000000005,29066.150000000005,1350
2026-08-24T22:20:00+00:00,29066.150000000005,29071.150000000005,29062.270000000004,29071.020000000004,1437
2026-08-24T22:25:00+00:00,29071.020000000004,29071.020000000004,29063.150000000005,29066.270000000004,850
2026-08-24T22:30:00+00:00,29066.270000000004,29070.900000000005,29056.150000000005,29064.650000000005,2047
2026-08-24T22:35:00+00:00,29064.650000000005,29070.400000000005,29064.520000000004,29068.150000000005,764
2026-08-24T22:40:00+00:00,29068.150000000005,29068.150000000005,29058.900000000005,29059.770000000004,997
2026-08-24T22:45:00+00:00,29059.770000000004,29061.770000000004,29057.270000000004,29059.400000000005,907
2026-08-24T22:50:00+00:00,29059.400000000005,29062.900000000005,29057.270000000004,29061.270000000004,890
2026-08-24T22:55:00+00:00,29061.270000000004,29062.900000000005,29053.650000000005,29062.520000000004,1442
2026-08-24T23:00:00+00:00,29062.520000000004,29065.020000000004,29058.400000000005,29061.400000000005,1272
2026-08-24T23:05:00+00:00,29061.400000000005,29066.020000000004,29060.270000000004,29065.150000000005,993
2026-08-24T23:10:00+00:00,29065.150000000005,29066.020000000004,29062.520000000004,29066.020000000004,565
2026-08-24T23:15:00+00:00,29066.020000000004,29069.520000000004,29054.650000000005,29059.400000000005,1488
2026-08-24T23:20:00+00:00,29059.400000000005,29068.270000000004,29057.520000000004,29061.020000000004,1386
2026-08-24T23:25:00+00:00,29061.020000000004,29062.270000000004,29047.770000000004,29048.270000000004,1537
2026-08-24T23:30:00+00:00,29048.270000000004,29051.520000000004,29038.900000000005,29045.900000000005,2175
2026-08-24T23:35:00+00:00,29045.900000000005,29046.020000000004,29033.400000000005,29034.150000000005,1663
2026-08-24T23:40:00+00:00,29034.150000000005,29057.400000000005,29014.270000000004,29026.270000000004,3861
2026-08-24T23:45:00+00:00,29026.270000000004,29031.770000000004,29023.150000000005,29027.770000000004,6208
2026-08-24T23:50:00+00:00,29027.770000000004,29041.150000000005,29025.270000000004,29025.900000000005,5113
2026-08-24T23:55:00+00:00,29025.900000000005,29039.150000000005,29023.650000000005,29037.650000000005,5059
2026-08-25T00:00:00+00:00,29037.650000000005,29044.020000000004,29007.270000000004,29007.270000000004,14281
2026-08-25T00:05:00+00:00,29007.270000000004,29025.650000000005,29001.900000000005,29003.770000000004,10349
2026-08-25T00:10:00+00:00,29003.770000000004,29004.650000000005,28981.020000000004,28983.770000000004,8636
2026-08-25T00:15:00+00:00,28983.770000000004,28985.020000000004,28959.270000000004,28963.270000000004,10160
2026-08-25T00:20:00+00:00,28963.270000000004,29017.020000000004,28961.770000000004,28993.020000000004,10300
2026-08-25T00:25:00+00:00,28993.020000000004,29025.900000000005,28982.520000000004,29022.150000000005,12206
2026-08-25T00:30:00+00:00,29022.150000000005,29032.400000000005,29014.020000000004,29028.400000000005,11556
2026-08-25T00:35:00+00:00,29028.400000000005,29043.270000000004,29024.900000000005,29027.650000000005,8453
2026-08-25T00:40:00+00:00,29027.650000000005,29071.770000000004,29024.150000000005,29065.770000000004,9698
2026-08-25T00:45:00+00:00,29065.770000000004,29086.270000000004,29048.270000000004,29058.900000000005,10653
2026-08-25T00:50:00+00:00,29058.900000000005,29085.270000000004,29058.270000000004,29079.900000000005,7792
2026-08-25T00:55:00+00:00,29079.900000000005,29082.770000000004,29067.520000000004,29068.770000000004,7600
2026-08-25T01:00:00+00:00,29068.770000000004,29075.900000000005,29057.150000000005,29075.900000000005,11719
2026-08-25T01:05:00+00:00,29075.900000000005,29082.900000000005,29056.020000000004,29079.400000000005,12686
2026-08-25T01:10:00+00:00,29079.400000000005,29085.150000000005,29062.900000000005,29070.650000000005,10582
2026-08-25T01:15:00+00:00,29070.650000000005,29078.650000000005,29057.520000000004,29070.150000000005,10786
2026-08-25T01:20:00+00:00,29070.150000000005,29072.270000000004,29040.400000000005,29040.900000000005,7341
2026-08-25T01:25:00+00:00,29040.900000000005,29065.150000000005,29037.770000000004,29056.400000000005,9908
2026-08-25T01:30:00+00:00,29056.400000000005,29090.400000000005,29050.020000000004,29059.150000000005,14860
2026-08-25T01:35:00+00:00,29059.150000000005,29097.020000000004,29057.150000000005,29089.770000000004,11665
2026-08-25T01:40:00+00:00,29089.770000000004,29093.770000000004,29064.400000000005,29077.020000000004,8701
2026-08-25T01:45:00+00:00,29077.020000000004,29093.650000000005,29074.520000000004,29087.270000000004,10369
2026-08-25T01:50:00+00:00,29087.270000000004,29089.770000000004,29069.770000000004,29087.400000000005,10368
2026-08-25T01:55:00+00:00,29087.400000000005,29088.400000000005,29067.150000000005,29067.900000000005,8507
2026-08-25T02:00:00+00:00,29067.900000000005,29087.520000000004,29067.150000000005,29079.650000000005,8382
2026-08-25T02:05:00+00:00,29079.650000000005,29082.900000000005,29048.150000000005,29051.900000000005,7883
2026-08-25T02:10:00+00:00,29051.900000000005,29058.650000000005,29046.150000000005,29058.270000000004,7275
2026-08-25T02:15:00+00:00,29058.270000000004,29081.520000000004,29045.520000000004,29079.770000000004,7232
2026-08-25T02:20:00+00:00,29079.770000000004,29086.020000000004,29058.650000000005,29086.020000000004,8001
2026-08-25T02:25:00+00:00,29086.020000000004,29090.020000000004,29061.400000000005,29087.020000000004,8323
2026-08-25T02:30:00+00:00,29087.020000000004,29109.650000000005,29080.020000000004,29099.020000000004,9776
2026-08-25T02:35:00+00:00,29099.020000000004,29102.520000000004,29076.400000000005,29088.900000000005,7654
2026-08-25T02:40:00+00:00,29088.900000000005,29107.770000000004,29077.270000000004,29078.650000000005,7289
2026-08-25T02:45:00+00:00,29078.650000000005,29080.400000000005,29060.520000000004,29062.520000000004,6473
2026-08-25T02:50:00+00:00,29062.520000000004,29062.770000000004,29046.770000000004,29055.020000000004,6902
2026-08-25T02:55:00+00:00,29055.020000000004,29055.020000000004,29035.400000000005,29044.020000000004,5463
2026-08-25T03:00:00+00:00,29044.020000000004,29069.150000000005,29042.400000000005,29062.400000000005,7073
2026-08-25T03:05:00+00:00,29062.400000000005,29108.150000000005,29062.400000000005,29093.400000000005,7706
2026-08-25T03:10:00+00:00,29093.400000000005,29106.520000000004,29088.770000000004,29092.900000000005,7951
2026-08-25T03:15:00+00:00,29092.900000000005,29112.770000000004,29092.650000000005,29110.900000000005,6688
2026-08-25T03:20:00+00:00,29110.900000000005,29111.900000000005,29095.520000000004,29097.520000000004,5052
2026-08-25T03:25:00+00:00,29097.520000000004,29117.400000000005,29093.400000000005,29116.770000000004,5810
2026-08-25T03:30:00+00:00,29116.770000000004,29131.400000000005,29109.900000000005,29128.020000000004,6517
2026-08-25T03:35:00+00:00,29128.020000000004,29130.400000000005,29108.020000000004,29113.520000000004,6133
2026-08-25T03:40:00+00:00,29113.520000000004,29117.520000000004,29105.270000000004,29110.020000000004,6175
2026-08-25T03:45:00+00:00,29110.020000000004,29111.020000000004,29095.400000000005,29097.020000000004,5345
2026-08-25T03:50:00+00:00,29097.020000000004,29108.020000000004,29093.520000000004,29099.900000000005,4957
2026-08-25T03:55:00+00:00,29099.900000000005,29107.400000000005,29095.270000000004,29106.150000000005,4762
2026-08-25T04:00:00+00:00,29106.150000000005,29130.900000000005,29101.020000000004,29130.900000000005,5637
2026-08-25T04:05:00+00:00,29130.900000000005,29140.520000000004,29122.520000000004,29136.770000000004,5983
2026-08-25T04:10:00+00:00,29136.770000000004,29138.520000000004,29125.150000000005,29137.520000000004,5547
2026-08-25T04:15:00+00:00,29137.520000000004,29141.770000000004,29130.270000000004,29133.400000000005,4137
2026-08-25T04:20:00+00:00,29133.400000000005,29143.520000000004,29132.520000000004,29143.520000000004,4118
2026-08-25T04:25:00+00:00,29143.520000000004,29148.150000000005,29135.900000000005,29142.400000000005,4227
2026-08-25T04:30:00+00:00,29142.400000000005,29158.150000000005,29139.770000000004,29147.770000000004,5878
2026-08-25T04:35:00+00:00,29147.770000000004,29149.770000000004,29132.900000000005,29143.900000000005,4820
2026-08-25T04:40:00+00:00,29143.900000000005,29155.650000000005,29139.270000000004,29153.400000000005,4553
2026-08-25T04:45:00+00:00,29153.400000000005,29157.900000000005,29144.520000000004,29151.020000000004,4597
2026-08-25T04:50:00+00:00,29151.020000000004,29151.520000000004,29127.150000000005,29138.270000000004,5323
2026-08-25T04:55:00+00:00,29138.270000000004,29143.520000000004,29131.520000000004,29141.770000000004,6463
2026-08-25T05:00:00+00:00,29141.770000000004,29157.770000000004,29131.520000000004,29149.650000000005,7933
2026-08-25T05:05:00+00:00,29149.650000000005,29152.650000000005,29142.150000000005,29145.520000000004,5572
2026-08-25T05:10:00+00:00,29145.520000000004,29166.400000000005,29142.020000000004,29144.900000000005,5660
2026-08-25T05:15:00+00:00,29144.900000000005,29165.520000000004,29144.650000000005,29154.020000000004,5958
2026-08-25T05:20:00+00:00,29154.020000000004,29168.520000000004,29149.020000000004,29164.020000000004,5786
2026-08-25T05:25:00+00:00,29164.020000000004,29167.520000000004,29155.520000000004,29162.020000000004,3868
2026-08-25T05:30:00+00:00,29162.020000000004,29171.650000000005,29156.520000000004,29169.650000000005,6485
2026-08-25T05:35:00+00:00,29169.650000000005,29175.900000000005,29161.520000000004,29165.400000000005,4717
2026-08-25T05:40:00+00:00,29165.400000000005,29173.400000000005,29143.770000000004,29146.270000000004,5312
2026-08-25T05:45:00+00:00,29146.270000000004,29162.770000000004,29143.270000000004,29156.520000000004,6423
2026-08-25T05:50:00+00:00,29156.520000000004,29170.520000000004,29151.770000000004,29166.770000000004,5750
2026-08-25T05:55:00+00:00,29166.770000000004,29182.650000000005,29166.520000000004,29173.900000000005,4444
2026-08-25T06:00:00+00:00,29173.900000000005,29193.270000000004,29172.020000000004,29192.020000000004,6802
2026-08-25T06:05:00+00:00,29192.020000000004,29203.400000000005,29189.020000000004,29192.150000000005,4332
2026-08-25T06:10:00+00:00,29192.150000000005,29200.900000000005,29186.270000000004,29189.650000000005,4430
2026-08-25T06:15:00+00:00,29189.650000000005,29206.770000000004,29184.020000000004,29204.400000000005,4873
2026-08-25T06:20:00+00:00,29204.400000000005,29229.150000000005,29196.770000000004,29216.020000000004,4770
2026-08-25T06:25:00+00:00,29216.020000000004,29224.270000000004,29205.770000000004,29207.900000000005,5172
2026-08-25T06:30:00+00:00,29207.900000000005,29209.020000000004,29196.150000000005,29203.770000000004,6424
2026-08-25T06:35:00+00:00,29203.770000000004,29205.770000000004,29185.020000000004,29189.770000000004,4243
2026-08-25T06:40:00+00:00,29189.770000000004,29203.650000000005,29188.520000000004,29203.650000000005,3023
2026-08-25T06:45:00+00:00,29203.650000000005,29204.770000000004,29182.770000000004,29183.900000000005,3563
2026-08-25T06:50:00+00:00,29183.900000000005,29189.270000000004,29178.400000000005,29189.020000000004,3773
2026-08-25T06:55:00+00:00,29189.020000000004,29205.020000000004,29184.520000000004,29204.900000000005,4579
2026-08-25T07:00:00+00:00,29204.900000000005,29231.650000000005,29204.900000000005,29230.650000000005,8929
2026-08-25T07:05:00+00:00,29230.650000000005,29231.020000000004,29208.150000000005,29212.020000000004,4510
2026-08-25T07:10:00+00:00,29212.020000000004,29215.020000000004,29192.400000000005,29194.150000000005,5244
2026-08-25T07:15:00+00:00,29194.150000000005,29204.520000000004,29168.650000000005,29172.520000000004,6936
2026-08-25T07:20:00+00:00,29172.520000000004,29199.150000000005,29168.770000000004,29188.400000000005,6379
2026-08-25T07:25:00+00:00,29188.400000000005,29194.400000000005,29174.150000000005,29189.020000000004,6190
2026-08-25T07:30:00+00:00,29189.020000000004,29198.400000000005,29183.020000000004,29187.900000000005,7085
2026-08-25T07:35:00+00:00,29187.900000000005,29190.150000000005,29174.400000000005,29179.770000000004,4844
2026-08-25T07:40:00+00:00,29179.770000000004,29203.020000000004,29174.270000000004,29198.900000000005,5183
2026-08-25T07:45:00+00:00,29198.900000000005,29200.770000000004,29176.900000000005,29181.150000000005,5880
2026-08-25T07:50:00+00:00,29181.150000000005,29181.150000000005,29168.650000000005,29171.770000000004,5885
2026-08-25T07:55:00+00:00,29171.770000000004,29182.520000000004,29170.020000000004,29174.400000000005,4624
2026-08-25T08:00:00+00:00,29174.400000000005,29195.900000000005,29156.520000000004,29161.270000000004,10912
2026-08-25T08:05:00+00:00,29161.270000000004,29181.520000000004,29156.400000000005,29174.770000000004,6693
2026-08-25T08:10:00+00:00,29174.770000000004,29174.770000000004,29154.520000000004,29159.770000000004,6295
2026-08-25T08:15:00+00:00,29159.770000000004,29195.900000000005,29159.770000000004,29179.650000000005,8464
2026-08-25T08:20:00+00:00,29179.650000000005,29265.900000000005,29174.900000000005,29259.900000000005,13746
2026-08-25T08:25:00+00:00,29259.900000000005,29259.900000000005,29213.270000000004,29216.020000000004,12660
2026-08-25T08:30:00+00:00,29216.020000000004,29238.900000000005,29207.770000000004,29227.020000000004,10851
2026-08-25T08:35:00+00:00,29227.020000000004,29232.650000000005,29199.150000000005,29205.650000000005,9616
2026-08-25T08:40:00+00:00,29205.650000000005,29224.020000000004,29202.900000000005,29223.520000000004,6637
2026-08-25T08:45:00+00:00,29223.520000000004,29242.020000000004,29223.270000000004,29233.400000000005,6835
2026-08-25T08:50:00+00:00,29233.400000000005,29248.020000000004,29230.770000000004,29230.770000000004,6358
2026-08-25T08:55:00+00:00,29230.770000000004,29247.770000000004,29224.400000000005,29243.650000000005,5953
2026-08-25T09:00:00+00:00,29243.650000000005,29251.770000000004,29228.400000000005,29250.770000000004,8457
2026-08-25T09:05:00+00:00,29250.770000000004,29274.400000000005,29240.770000000004,29260.520000000004,6452
2026-08-25T09:10:00+00:00,29260.520000000004,29275.020000000004,29256.020000000004,29264.900000000005,5996
2026-08-25T09:15:00+00:00,29264.900000000005,29275.900000000005,29264.270000000004,29271.150000000005,6038
2026-08-25T09:20:00+00:00,29271.150000000005,29274.400000000005,29263.150000000005,29263.650000000005,5186
2026-08-25T09:25:00+00:00,29263.650000000005,29263.650000000005,29247.400000000005,29259.650000000005,5780
2026-08-25T09:30:00+00:00,29259.650000000005,29307.520000000004,29256.270000000004,29303.400000000005,9319
2026-08-25T09:35:00+00:00,29303.400000000005,29304.270000000004,29283.520000000004,29286.150000000005,11075
2026-08-25T09:40:00+00:00,29286.150000000005,29315.520000000004,29283.900000000005,29302.650000000005,7054
2026-08-25T09:45:00+00:00,29302.650000000005,29331.400000000005,29297.650000000005,29331.020000000004,6727
2026-08-25T09:50:00+00:00,29331.020000000004,29345.270000000004,29326.150000000005,29342.650000000005,6291
2026-08-25T09:55:00+00:00,29342.650000000005,29358.020000000004,29330.520000000004,29332.770000000004,7279
2026-08-25T10:00:00+00:00,29332.770000000004,29334.770000000004,29312.020000000004,29320.270000000004,5708
2026-08-25T10:05:00+00:00,29320.270000000004,29349.400000000005,29319.770000000004,29347.150000000005,6594
2026-08-25T10:10:00+00:00,29347.150000000005,29352.400000000005,29326.020000000004,29332.650000000005,6541
2026-08-25T10:15:00+00:00,29332.650000000005,29334.270000000004,29321.020000000004,29324.900000000005,6007
2026-08-25T10:20:00+00:00,29324.900000000005,29327.150000000005,29318.150000000005,29321.520000000004,4849
2026-08-25T10:25:00+00:00,29321.520000000004,29324.270000000004,29309.150000000005,29311.900000000005,4460
2026-08-25T10:30:00+00:00,29311.900000000005,29321.520000000004,29302.400000000005,29310.900000000005,4419
2026-08-25T10:35:00+00:00,29310.900000000005,29312.020000000004,29305.020000000004,29307.150000000005,3593
2026-08-25T10:40:00+00:00,29307.150000000005,29310.520000000004,29288.650000000005,29288.900000000005,3589
2026-08-25T10:45:00+00:00,29288.900000000005,29304.270000000004,29288.020000000004,29302.270000000004,3856
2026-08-25T10:50:00+00:00,29302.270000000004,29310.400000000005,29299.270000000004,29304.650000000005,3317
2026-08-25T10:55:00+00:00,29304.650000000005,29307.020000000004,29292.150000000005,29300.770000000004,4544
2026-08-25T11:00:00+00:00,29300.770000000004,29304.150000000005,29275.400000000005,29277.150000000005,7518
2026-08-25T11:05:00+00:00,29277.150000000005,29278.150000000005,29247.900000000005,29271.150000000005,5108
2026-08-25T11:10:00+00:00,29271.150000000005,29284.400000000005,29267.150000000005,29282.020000000004,6232
2026-08-25T11:15:00+00:00,29282.020000000004,29285.900000000005,29263.270000000004,29272.770000000004,6747
2026-08-25T11:20:00+00:00,29272.770000000004,29296.270000000004,29272.520000000004,29291.900000000005,5755
2026-08-25T11:25:00+00:00,29291.900000000005,29293.020000000004,29268.270000000004,29282.900000000005,5955
2026-08-25T11:30:00+00:00,29282.900000000005,29298.650000000005,29282.400000000005,29287.150000000005,6910
2026-08-25T11:35:00+00:00,29287.150000000005,29301.900000000005,29286.900000000005,29301.150000000005,4539
2026-08-25T11:40:00+00:00,29301.150000000005,29303.770000000004,29295.020000000004,29300.770000000004,3065
2026-08-25T11:45:00+00:00,29300.770000000004,29324.020000000004,29298.520000000004,29323.270000000004,4743
2026-08-25T11:50:00+00:00,29323.270000000004,29333.770000000004,29314.020000000004,29316.520000000004,5747
2026-08-25T11:55:00+00:00,29316.520000000004,29321.890000000003,29308.270000000004,29316.520000000004,5576
2026-08-25T12:00:00+00:00,29316.520000000004,29325.520000000004,29299.020000000004,29322.140000000003,8025
2026-08-25T12:05:00+00:00,29322.140000000003,29322.140000000003,29309.510000000002,29314.760000000002,6158
2026-08-25T12:10:00+00:00,29314.760000000002,29318.510000000002,29294.760000000002,29317.260000000002,7028
2026-08-25T12:15:00+00:00,29317.260000000002,29344.390000000003,29314.260000000002,29336.640000000003,6548
2026-08-25T12:20:00+00:00,29336.640000000003,29337.140000000003,29302.510000000002,29313.890000000003,5832
2026-08-25T12:25:00+00:00,29313.890000000003,29318.890000000003,29308.140000000003,29310.140000000003,5638
2026-08-25T12:30:00+00:00,29310.140000000003,29310.260000000002,29271.890000000003,29275.890000000003,6853
2026-08-25T12:35:00+00:00,29275.890000000003,29275.890000000003,29252.390000000003,29256.760000000002,6219
2026-08-25T12:40:00+00:00,29256.760000000002,29273.760000000002,29249.140000000003,29264.140000000003,5890
2026-08-25T12:45:00+00:00,29264.140000000003,29267.390000000003,29256.760000000002,29259.890000000003,5122
2026-08-25T12:50:00+00:00,29259.890000000003,29281.640000000003,29259.890000000003,29271.390000000003,5204
2026-08-25T12:55:00+00:00,29271.390000000003,29278.640000000003,29269.760000000002,29270.260000000002,4700
2026-08-25T13:00:00+00:00,29270.260000000002,29278.010000000002,29253.010000000002,29261.140000000003,9411
2026-08-25T13:05:00+00:00,29261.140000000003,29268.140000000003,29249.140000000003,29260.390000000003,7636
2026-08-25T13:10:00+00:00,29260.390000000003,29281.010000000002,29259.890000000003,29264.260000000002,10634
2026-08-25T13:15:00+00:00,29264.260000000002,29278.140000000003,29258.140000000003,29269.390000000003,7801
2026-08-25T13:20:00+00:00,29269.390000000003,29271.890000000003,29254.260000000002,29255.760000000002,6513
2026-08-25T13:25:00+00:00,29255.760000000002,29277.140000000003,29234.760000000002,29234.760000000002,10639
2026-08-25T13:30:00+00:00,29234.760000000002,29312.41,29218.04,29312.04,61930
2026-08-25T13:35:00+00:00,29312.04,29312.04,29241.54,29252.16,55770
2026-08-25T13:40:00+00:00,29252.16,29311.16,29252.16,29286.04,53589
2026-08-25T13:45:00+00:00,29286.04,29351.16,29279.41,29329.16,44683
2026-08-25T13:50:00+00:00,29329.16,29333.29,29279.41,29279.41,45249
2026-08-25T13:55:00+00:00,29279.41,29282.04,29226.79,29249.41,34666
2026-08-25T14:00:00+00:00,29249.41,29252.16,29184.29,29199.29,45643
2026-08-25T14:05:00+00:00,29199.29,29215.66,29181.79,29195.91,35951
2026-08-25T14:10:00+00:00,29195.91,29221.04,29177.66,29181.91,32359
2026-08-25T14:15:00+00:00,29181.91,29206.16,29171.41,29179.91,30955
2026-08-25T14:20:00+00:00,29179.91,29191.66,29147.04,29166.04,28195
2026-08-25T14:25:00+00:00,29166.04,29188.66,29151.41,29151.91,27672
2026-08-25T14:30:00+00:00,29151.91,29185.91,29095.960000000003,29144.16,35098
2026-08-25T14:35:00+00:00,29144.16,29205.16,29142.91,29195.79,26892
2026-08-25T14:40:00+00:00,29195.79,29197.91,29133.16,29155.79,25799
2026-08-25T14:45:00+00:00,29155.79,29166.91,29143.66,29156.41,26861
2026-08-25T14:50:00+00:00,29156.41,29197.16,29145.41,29181.79,20177
2026-08-25T14:55:00+00:00,29181.79,29186.41,29156.16,29168.41,18520
2026-08-25T15:00:00+00:00,29168.41,29172.16,29135.66,29141.54,23312
2026-08-25T15:05:00+00:00,29141.54,29162.66,29135.16,29151.04,18337
2026-08-25T15:10:00+00:00,29151.04,29167.16,29145.04,29160.79,17781
2026-08-25T15:15:00+00:00,29160.79,29181.66,29155.91,29173.91,14875
2026-08-25T15:20:00+00:00,29173.91,29197.66,29162.66,29173.79,13162
2026-08-25T15:25:00+00:00,29173.79,29218.66,29167.16,29213.66,13366
2026-08-25T15:30:00+00:00,29213.66,29244.41,29201.41,29204.41,17988
2026-08-25T15:35:00+00:00,29204.41,29235.04,29201.91,29207.41,14662
2026-08-25T15:40:00+00:00,29207.41,29212.79,29192.41,29204.91,12497
2026-08-25T15:45:00+00:00,29204.91,29204.91,29159.91,29165.91,12583
2026-08-25T15:50:00+00:00,29165.91,29200.66,29160.04,29194.66,11913
2026-08-25T15:55:00+00:00,29194.66,29209.16,29192.16,29199.66,10801
2026-08-25T16:00:00+00:00,29199.66,29226.41,29198.04,29210.66,10229
2026-08-25T16:05:00+00:00,29210.66,29224.04,29203.91,29204.91,10786
2026-08-25T16:10:00+00:00,29204.91,29216.79,29200.79,29215.16,9481
2026-08-25T16:15:00+00:00,29215.16,29226.91,29211.54,29223.16,8032
2026-08-25T16:20:00+00:00,29223.16,29230.41,29215.16,29223.66,7336
2026-08-25T16:25:00+00:00,29223.66,29234.04,29221.91,29230.91,6557
2026-08-25T16:30:00+00:00,29230.91,29236.16,29222.91,29224.29,6776
2026-08-25T16:35:00+00:00,29224.29,29230.79,29209.54,29228.91,7613
2026-08-25T16:40:00+00:00,29228.91,29228.91,29196.29,29202.66,7076
2026-08-25T16:45:00+00:00,29202.66,29219.91,29200.04,29207.16,8675
2026-08-25T16:50:00+00:00,29207.16,29209.16,29192.41,29195.54,7603
2026-08-25T16:55:00+00:00,29195.54,29218.04,29189.79,29212.16,7568
2026-08-25T17:00:00+00:00,29212.16,29215.16,29179.79,29180.04,8410
2026-08-25T17:05:00+00:00,29180.04,29184.79,29161.16,29171.16,9181
2026-08-25T17:10:00+00:00,29171.16,29182.16,29161.04,29180.16,7585
2026-08-25T17:15:00+00:00,29180.16,29195.16,29174.16,29193.66,7647
2026-08-25T17:20:00+00:00,29193.66,29194.04,29173.41,29173.41,7018
2026-08-25T17:25:00+00:00,29173.41,29173.41,29151.91,29161.41,8011
2026-08-25T17:30:00+00:00,29161.41,29168.66,29153.79,29165.04,8378
2026-08-25T17:35:00+00:00,29165.04,29170.91,29159.29,29166.29,6861
2026-08-25T17:40:00+00:00,29166.29,29167.16,29156.16,29159.54,6468
2026-08-25T17:45:00+00:00,29159.54,29167.91,29155.16,29162.66,6104
2026-08-25T17:50:00+00:00,29162.66,29168.04,29154.04,29164.66,5805
2026-08-25T17:55:00+00:00,29164.66,29168.66,29155.79,29163.91,5499
2026-08-25T18:00:00+00:00,29163.91,29164.16,29140.29,29141.16,7372
2026-08-25T18:05:00+00:00,29141.16,29154.29,29139.66,29147.54,6971
2026-08-25T18:10:00+00:00,29147.54,29157.66,29141.41,29142.66,6246
2026-08-25T18:15:00+00:00,29142.66,29151.04,29140.04,29150.66,5696
2026-08-25T18:20:00+00:00,29150.66,29164.41,29149.41,29158.16,6078
2026-08-25T18:25:00+00:00,29158.16,29159.41,29145.66,29155.91,5840
2026-08-25T18:30:00+00:00,29155.91,29180.91,29155.79,29178.66,6919
2026-08-25T18:35:00+00:00,29178.66,29187.91,29173.91,29183.41,6462
2026-08-25T18:40:00+00:00,29183.41,29201.04,29180.91,29200.16,5318
2026-08-25T18:45:00+00:00,29200.16,29216.41,29200.16,29211.66,7732
2026-08-25T18:50:00+00:00,29211.66,29212.41,29200.16,29202.04,6190
2026-08-25T18:55:00+00:00,29202.04,29207.04,29195.41,29198.04,6014
2026-08-25T19:00:00+00:00,29198.04,29207.66,29187.66,29188.66,7128
2026-08-25T19:05:00+00:00,29188.66,29194.16,29185.16,29189.66,6654
2026-08-25T19:10:00+00:00,29189.66,29190.91,29172.66,29176.66,5862
2026-08-25T19:15:00+00:00,29176.66,29179.66,29164.16,29167.41,7264
2026-08-25T19:20:00+00:00,29167.41,29168.66,29155.16,29165.91,7272
2026-08-25T19:25:00+00:00,29165.91,29169.66,29159.16,29167.41,6145
2026-08-25T19:30:00+00:00,29167.41,29169.41,29154.66,29168.54,7709
2026-08-25T19:35:00+00:00,29168.54,29182.91,29166.91,29176.66,6038
2026-08-25T19:40:00+00:00,29176.66,29199.66,29176.04,29180.91,7435
2026-08-25T19:45:00+00:00,29180.91,29188.91,29171.91,29185.29,7286
2026-08-25T19:50:00+00:00,29185.29,29228.66,29177.16,29225.41,11295
2026-08-25T19:55:00+00:00,29225.41,29231.54,29206.41,29213.29,18076
2026-08-25T20:00:00+00:00,29213.29,29226.140000000003,29205.010000000002,29216.390000000003,8022
2026-08-25T20:05:00+00:00,29216.390000000003,29232.260000000002,29212.260000000002,29230.640000000003,4065
2026-08-25T20:10:00+00:00,29230.640000000003,29235.140000000003,29227.640000000003,29230.510000000002,3428
2026-08-25T20:15:00+00:00,29230.510000000002,29236.510000000002,29226.260000000002,29235.890000000003,2631
2026-08-25T20:20:00+00:00,29235.890000000003,29254.260000000002,29234.640000000003,29250.640000000003,2845
2026-08-25T20:25:00+00:00,29250.640000000003,29254.890000000003,29242.010000000002,29244.390000000003,2609
2026-08-25T20:30:00+00:00,29244.390000000003,29250.640000000003,29243.760000000002,29246.760000000002,2150
2026-08-25T20:35:00+00:00,29246.760000000002,29247.010000000002,29234.010000000002,29234.390000000003,1876
2026-08-25T20:40:00+00:00,29234.390000000003,29234.760000000002,29223.390000000003,29224.390000000003,2042
2026-08-25T20:45:00+00:00,29224.390000000003,29226.890000000003,29211.140000000003,29212.140000000003,2305
2026-08-25T20:50:00+00:00,29212.140000000003,29229.140000000003,29211.140000000003,29226.760000000002,2133
2026-08-25T20:55:00+00:00,29226.760000000002,29229.340000000004,29222.510000000002,29229.340000000004,2238
2026-08-25T22:00:00+00:00,29229.340000000004,29253.530000000006,29229.340000000004,29246.900000000005,3133
2026-08-25T22:05:00+00:00,29246.900000000005,29249.280000000006,29236.030000000006,29242.530000000006,2586
2026-08-25T22:10:00+00:00,29242.530000000006,29244.030000000006,29235.900000000005,29238.280000000006,1376
2026-08-25T22:15:00+00:00,29238.280000000006,29238.650000000005,29234.400000000005,29235.280000000006,698
2026-08-25T22:20:00+00:00,29235.280000000006,29237.650000000005,29225.650000000005,29234.030000000006,1381
2026-08-25T22:25:00+00:00,29234.030000000006,29236.900000000005,29230.400000000005,29234.900000000005,1231
2026-08-25T22:30:00+00:00,29234.900000000005,29237.030000000006,29231.780000000006,29234.150000000005,827
2026-08-25T22:35:00+00:00,29234.150000000005,29235.530000000006,29226.650000000005,29229.400000000005,1030
2026-08-25T22:40:00+00:00,29229.400000000005,29233.780000000006,29225.150000000005,29231.400000000005,974
2026-08-25T22:45:00+00:00,29231.400000000005,29231.650000000005,29225.150000000005,29225.400000000005,621
2026-08-25T22:50:00+00:00,29225.400000000005,29227.900000000005,29225.400000000005,29226.650000000005,444
2026-08-25T22:55:00+00:00,29226.650000000005,29231.650000000005,29226.150000000005,29228.400000000005,658
2026-08-25T23:00:00+00:00,29228.400000000005,29232.150000000005,29228.400000000005,29230.150000000005,664
2026-08-25T23:05:00+00:00,29230.150000000005,29230.780000000006,29218.780000000006,29222.900000000005,1908
2026-08-25T23:10:00+00:00,29222.900000000005,29222.900000000005,29219.530000000006,29220.780000000006,601
2026-08-25T23:15:00+00:00,29220.780000000006,29222.650000000005,29218.150000000005,29218.280000000006,754
2026-08-25T23:20:00+00:00,29218.280000000006,29219.030000000006,29200.400000000005,29206.150000000005,1758
2026-08-25T23:25:00+00:00,29206.150000000005,29206.530000000006,29189.900000000005,29190.030000000006,1723
2026-08-25T23:30:00+00:00,29190.030000000006,29192.280000000006,29176.650000000005,29183.530000000006,2329
2026-08-25T23:35:00+00:00,29183.530000000006,29188.900000000005,29181.400000000005,29183.400000000005,1404
2026-08-25T23:40:00+00:00,29183.400000000005,29186.900000000005,29174.030000000006,29178.900000000005,1353
2026-08-25T23:45:00+00:00,29178.900000000005,29179.650000000005,29163.150000000005,29163.900000000005,2620
2026-08-25T23:50:00+00:00,29163.900000000005,29168.150000000005,29151.530000000006,29164.150000000005,2780
2026-08-25T23:55:00+00:00,29164.150000000005,29170.900000000005,29154.030000000006,29155.400000000005,2735
2026-08-26T00:00:00+00:00,29155.400000000005,29166.030000000006,29130.280000000006,29155.900000000005,11995
2026-08-26T00:05:00+00:00,29155.900000000005,29165.650000000005,29137.030000000006,29165.650000000005,7960
2026-08-26T00:10:00+00:00,29165.650000000005,29171.280000000006,29153.280000000006,29153.400000000005,5608
2026-08-26T00:15:00+00:00,29153.400000000005,29182.650000000005,29153.030000000006,29166.650000000005,8278
2026-08-26T00:20:00+00:00,29166.650000000005,29169.150000000005,29144.150000000005,29148.150000000005,6730
2026-08-26T00:25:00+00:00,29148.150000000005,29149.530000000006,29112.030000000006,29128.530000000006,4837
2026-08-26T00:30:00+00:00,29128.530000000006,29132.030000000006,29110.030000000006,29111.900000000005,5035
2026-08-26T00:35:00+00:00,29111.900000000005,29116.280000000006,29091.280000000006,29098.900000000005,6225
2026-08-26T00:40:00+00:00,29098.900000000005,29101.280000000006,29082.780000000006,29096.280000000006,6932
2026-08-26T00:45:00+00:00,29096.280000000006,29104.030000000006,29088.650000000005,29093.650000000005,5703
2026-08-26T00:50:00+00:00,29093.650000000005,29096.150000000005,29072.150000000005,29075.650000000005,5230
2026-08-26T00:55:00+00:00,29075.650000000005,29076.150000000005,29055.150000000005,29056.780000000006,5407
2026-08-26T01:00:00+00:00,29056.780000000006,29086.400000000005,29051.280000000006,29086.400000000005,8186
2026-08-26T01:05:00+00:00,29086.400000000005,29091.780000000006,29062.400000000005,29071.150000000005,6177
2026-08-26T01:10:00+00:00,29071.150000000005,29081.780000000006,29065.150000000005,29068.780000000006,6241
2026-08-26T01:15:00+00:00,29068.780000000006,29078.030000000006,29060.400000000005,29062.280000000006,6218
2026-08-26T01:20:00+00:00,29062.280000000006,29077.900000000005,29047.400000000005,29050.280000000006,4871
2026-08-26T01:25:00+00:00,29050.280000000006,29055.280000000006,29043.650000000005,29054.030000000006,3742
2026-08-26T01:30:00+00:00,29054.030000000006,29062.150000000005,29041.280000000006,29048.780000000006,7336
2026-08-26T01:35:00+00:00,29048.780000000006,29073.280000000006,29040.780000000006,29070.280000000006,4344
2026-08-26T01:40:00+00:00,29070.280000000006,29071.780000000006,29055.900000000005,29060.900000000005,4951
2026-08-26T01:45:00+00:00,29060.900000000005,29066.150000000005,29048.900000000005,29055.030000000006,4902
2026-08-26T01:50:00+00:00,29055.030000000006,29070.780000000006,29050.650000000005,29067.650000000005,3930
2026-08-26T01:55:00+00:00,29067.650000000005,29078.900000000005,29066.150000000005,29077.280000000006,3019
2026-08-26T02:00:00+00:00,29077.280000000006,29087.780000000006,29067.650000000005,29078.280000000006,4929
2026-08-26T02:05:00+00:00,29078.280000000006,29080.650000000005,29063.650000000005,29072.150000000005,4503
2026-08-26T02:10:00+00:00,29072.150000000005,29088.780000000006,29072.150000000005,29088.030000000006,4185
2026-08-26T02:15:00+00:00,29088.030000000006,29102.530000000006,29086.280000000006,29098.900000000005,3704
2026-08-26T02:20:00+00:00,29098.900000000005,29113.530000000006,29096.400000000005,29106.280000000006,3279
2026-08-26T02:25:00+00:00,29106.280000000006,29119.280000000006,29105.780000000006,29116.900000000005,2592
2026-08-26T02:30:00+00:00,29116.900000000005,29130.900000000005,29115.530000000006,29126.280000000006,3212
2026-08-26T02:35:00+00:00,29126.280000000006,29142.530000000006,29122.150000000005,29142.030000000006,3205
2026-08-26T02:40:00+00:00,29142.030000000006,29162.030000000006,29140.030000000006,29161.030000000006,3522
2026-08-26T02:45:00+00:00,29161.030000000006,29171.900000000005,29155.900000000005,29164.900000000005,2918
2026-08-26T02:50:00+00:00,29164.900000000005,29174.030000000006,29160.530000000006,29161.400000000005,2534
2026-08-26T02:55:00+00:00,29161.400000000005,29171.400000000005,29161.030000000006,29165.150000000005,2466
2026-08-26T03:00:00+00:00,29165.150000000005,29174.280000000006,29156.900000000005,29173.530000000006,3643
2026-08-26T03:05:00+00:00,29173.530000000006,29174.780000000006,29159.900000000005,29162.400000000005,2718
2026-08-26T03:10:00+00:00,29162.400000000005,29177.900000000005,29160.280000000006,29175.780000000006,2781
2026-08-26T03:15:00+00:00,29175.780000000006,29175.780000000006,29166.780000000006,29170.900000000005,3004
2026-08-26T03:20:00+00:00,29170.900000000005,29175.650000000005,29165.780000000006,29167.530000000006,2318
2026-08-26T03:25:00+00:00,29167.530000000006,29168.280000000006,29157.530000000006,29159.530000000006,2047
2026-08-26T03:30:00+00:00,29159.530000000006,29170.650000000005,29149.650000000005,29170.400000000005,3666
2026-08-26T03:35:00+00:00,29170.400000000005,29188.150000000005,29170.280000000006,29183.400000000005,3289
2026-08-26T03:40:00+00:00,29183.400000000005,29183.400000000005,29176.150000000005,29181.650000000005,2357
2026-08-26T03:45:00+00:00,29181.650000000005,29207.780000000006,29179.900000000005,29207.780000000006,3425
2026-08-26T03:50:00+00:00,29207.780000000006,29219.150000000005,29206.530000000006,29211.400000000005,3300
2026-08-26T03:55:00+00:00,29211.400000000005,29216.650000000005,29208.280000000006,29209.150000000005,3202
2026-08-26T04:00:00+00:00,29209.150000000005,29220.030000000006,29204.400000000005,29214.280000000006,3531
2026-08-26T04:05:00+00:00,29214.280000000006,29220.400000000005,29207.900000000005,29213.280000000006,2421
2026-08-26T04:10:00+00:00,29213.280000000006,29224.030000000006,29205.030000000006,29217.150000000005,2528
2026-08-26T04:15:00+00:00,29217.150000000005,29218.530000000006,29206.900000000005,29217.400000000005,2083
2026-08-26T04:20:00+00:00,29217.400000000005,29221.650000000005,29212.280000000006,29213.650000000005,1798
2026-08-26T04:25:00+00:00,29213.650000000005,29225.280000000006,29211.400000000005,29215.900000000005,2495
2026-08-26T04:30:00+00:00,29215.900000000005,29219.280000000006,29206.530000000006,29209.530000000006,1928
2026-08-26T04:35:00+00:00,29209.530000000006,29212.530000000006,29198.150000000005,29200.150000000005,2219
2026-08-26T04:40:00+00:00,29200.150000000005,29204.900000000005,29192.780000000006,29194.650000000005,2907
2026-08-26T04:45:00+00:00,29194.650000000005,29196.030000000006,29161.530000000006,29168.650000000005,3630
2026-08-26T04:50:00+00:00,29168.650000000005,29180.530000000006,29165.150000000005,29175.780000000006,2670
2026-08-26T04:55:00+00:00,29175.780000000006,29180.900000000005,29167.530000000006,29172.650000000005,3038
2026-08-26T05:00:00+00:00,29172.650000000005,29202.400000000005,29171.400000000005,29195.280000000006,4400
2026-08-26T05:05:00+00:00,29195.280000000006,29203.400000000005,29180.150000000005,29201.900000000005,4747
2026-08-26T05:10:00+00:00,29201.900000000005,29201.900000000005,29181.030000000006,29183.400000000005,3762
2026-08-26T05:15:00+00:00,29183.400000000005,29192.530000000006,29174.780000000006,29184.780000000006,4538
2026-08-26T05:20:00+00:00,29184.780000000006,29189.900000000005,29179.900000000005,29188.400000000005,4047
2026-08-26T05:25:00+00:00,29188.400000000005,29191.900000000005,29177.650000000005,29189.780000000006,4298
2026-08-26T05:30:00+00:00,29189.780000000006,29205.780000000006,29189.780000000006,29198.530000000006,4794
2026-08-26T05:35:00+00:00,29198.530000000006,29198.780000000006,29186.030000000006,29191.280000000006,4674
2026-08-26T05:40:00+00:00,29191.280000000006,29195.280000000006,29186.780000000006,29193.530000000006,3517
2026-08-26T05:45:00+00:00,29193.530000000006,29193.530000000006,29176.530000000006,29179.780000000006,3180
2026-08-26T05:50:00+00:00,29179.780000000006,29183.900000000005,29171.780000000006,29172.150000000005,3197
2026-08-26T05:55:00+00:00,29172.150000000005,29187.900000000005,29170.530000000006,29186.030000000006,4205
2026-08-26T06:00:00+00:00,29186.030000000006,29192.780000000006,29160.650000000005,29163.280000000006,5890
2026-08-26T06:05:00+00:00,29163.280000000006,29165.400000000005,29156.650000000005,29162.530000000006,4247
2026-08-26T06:10:00+00:00,29162.530000000006,29175.530000000006,29159.780000000006,29160.530000000006,4857
2026-08-26T06:15:00+00:00,29160.530000000006,29163.150000000005,29148.400000000005,29156.530000000006,4053
2026-08-26T06:20:00+00:00,29156.530000000006,29158.400000000005,29149.900000000005,29157.400000000005,3780
2026-08-26T06:25:00+00:00,29157.400000000005,29170.900000000005,29148.280000000006,29163.030000000006,4002
2026-08-26T06:30:00+00:00,29163.030000000006,29178.030000000006,29154.280000000006,29177.400000000005,4615
2026-08-26T06:35:00+00:00,29177.400000000005,29185.900000000005,29173.400000000005,29181.530000000006,3245
2026-08-26T06:40:00+00:00,29181.530000000006,29200.900000000005,29179.780000000006,29200.530000000006,2226
2026-08-26T06:45:00+00:00,29200.530000000006,29220.030000000006,29198.900000000005,29205.530000000006,3085
2026-08-26T06:50:00+00:00,29205.530000000006,29206.530000000006,29180.780000000006,29183.150000000005,2811
2026-08-26T06:55:00+00:00,29183.150000000005,29200.900000000005,29177.030000000006,29196.150000000005,3610
2026-08-26T07:00:00+00:00,29196.150000000005,29200.030000000006,29177.030000000006,29196.030000000006,7293
2026-08-26T07:05:00+00:00,29196.030000000006,29201.650000000005,29159.400000000005,29160.900000000005,4437
2026-08-26T07:10:00+00:00,29160.900000000005,29180.900000000005,29146.400000000005,29180.900000000005,6243
2026-08-26T07:15:00+00:00,29180.900000000005,29187.900000000005,29170.650000000005,29175.030000000006,6019
2026-08-26T07:20:00+00:00,29175.030000000006,29175.900000000005,29155.400000000005,29160.150000000005,4329
2026-08-26T07:25:00+00:00,29160.150000000005,29161.150000000005,29138.780000000006,29144.150000000005,5420
2026-08-26T07:30:00+00:00,29144.150000000005,29149.530000000006,29131.030000000006,29140.530000000006,5376
2026-08-26T07:35:00+00:00,29140.530000000006,29154.650000000005,29137.400000000005,29144.650000000005,4454
2026-08-26T07:40:00+00:00,29144.650000000005,29149.900000000005,29138.650000000005,29143.030000000006,4566
2026-08-26T07:45:00+00:00,29143.030000000006,29163.150000000005,29138.030000000006,29142.150000000005,3790
2026-08-26T07:50:00+00:00,29142.150000000005,29149.400000000005,29132.150000000005,29149.400000000005,4124
2026-08-26T07:55:00+00:00,29149.400000000005,29159.530000000006,29143.900000000005,29156.900000000005,3136
2026-08-26T08:00:00+00:00,29156.900000000005,29179.650000000005,29143.780000000006,29173.780000000006,8283
2026-08-26T08:05:00+00:00,29173.780000000006,29184.280000000006,29156.650000000005,29182.030000000006,7187
2026-08-26T08:10:00+00:00,29182.030000000006,29188.400000000005,29146.530000000006,29149.900000000005,4648
2026-08-26T08:15:00+00:00,29149.900000000005,29172.400000000005,29139.150000000005,29142.280000000006,6320
2026-08-26T08:20:00+00:00,29142.280000000006,29144.530000000006,29133.150000000005,29142.150000000005,4846
2026-08-26T08:25:00+00:00,29142.150000000005,29179.150000000005,29140.530000000006,29179.150000000005,4993
2026-08-26T08:30:00+00:00,29179.150000000005,29186.530000000006,29156.030000000006,29174.280000000006,6195
2026-08-26T08:35:00+00:00,29174.280000000006,29183.530000000006,29171.780000000006,29183.530000000006,3624
2026-08-26T08:40:00+00:00,29183.530000000006,29194.280000000006,29178.530000000006,29186.900000000005,3917
2026-08-26T08:45:00+00:00,29186.900000000005,29186.900000000005,29173.650000000005,29175.650000000005,2533
2026-08-26T08:50:00+00:00,29175.650000000005,29180.150000000005,29168.530000000006,29170.280000000006,3148
2026-08-26T08:55:00+00:00,29170.280000000006,29172.650000000005,29154.400000000005,29172.400000000005,3931
2026-08-26T09:00:00+00:00,29172.400000000005,29178.280000000006,29161.900000000005,29165.650000000005,4745
2026-08-26T09:05:00+00:00,29165.650000000005,29167.280000000006,29157.280000000006,29158.150000000005,3085
2026-08-26T09:10:00+00:00,29158.150000000005,29168.150000000005,29157.780000000006,29163.280000000006,3222
2026-08-26T09:15:00+00:00,29163.280000000006,29165.780000000006,29149.400000000005,29154.400000000005,3926
2026-08-26T09:20:00+00:00,29154.400000000005,29163.650000000005,29141.780000000006,29141.780000000006,3900
2026-08-26T09:25:00+00:00,29141.780000000006,29150.530000000006,29135.900000000005,29142.650000000005,3677
2026-08-26T09:30:00+00:00,29142.650000000005,29163.650000000005,29142.650000000005,29148.900000000005,3575
2026-08-26T09:35:00+00:00,29148.900000000005,29155.530000000006,29147.900000000005,29154.150000000005,3157
2026-08-26T09:40:00+00:00,29154.150000000005,29163.030000000006,29151.780000000006,29158.780000000006,2148
2026-08-26T09:45:00+00:00,29158.780000000006,29169.780000000006,29158.150000000005,29169.280000000006,2475
2026-08-26T09:50:00+00:00,29169.280000000006,29180.280000000006,29165.400000000005,29175.900000000005,3066
2026-08-26T09:55:00+00:00,29175.900000000005,29181.030000000006,29173.400000000005,29178.400000000005,2589
2026-08-26T10:00:00+00:00,29178.400000000005,29178.900000000005,29157.280000000006,29161.030000000006,2795
2026-08-26T10:05:00+00:00,29161.030000000006,29166.030000000006,29155.150000000005,29158.530000000006,2707
2026-08-26T10:10:00+00:00,29158.530000000006,29158.530000000006,29140.530000000006,29142.400000000005,3282
2026-08-26T10:15:00+00:00,29142.400000000005,29156.530000000006,29142.400000000005,29155.530000000006,3115
2026-08-26T10:20:00+00:00,29155.530000000006,29161.030000000006,29140.900000000005,29160.150000000005,3383
2026-08-26T10:25:00+00:00,29160.150000000005,29161.530000000006,29145.150000000005,29145.400000000005,2761
2026-08-26T10:30:00+00:00,29145.400000000005,29172.400000000005,29133.150000000005,29172.400000000005,4238
2026-08-26T10:35:00+00:00,29172.400000000005,29184.900000000005,29170.030000000006,29180.150000000005,3158
2026-08-26T10:40:00+00:00,29180.150000000005,29186.150000000005,29170.030000000006,29173.280000000006,2449
2026-08-26T10:45:00+00:00,29173.280000000006,29183.900000000005,29168.400000000005,29182.650000000005,2138
2026-08-26T10:50:00+00:00,29182.650000000005,29183.650000000005,29172.150000000005,29174.280000000006,2849
2026-08-26T10:55:00+00:00,29174.280000000006,29183.400000000005,29171.900000000005,29181.030000000006,2598
2026-08-26T11:00:00+00:00,29181.030000000006,29208.150000000005,29180.280000000006,29204.280000000006,5187
2026-08-26T11:05:00+00:00,29204.280000000006,29204.280000000006,29180.650000000005,29183.650000000005,4246
2026-08-26T11:10:00+00:00,29183.650000000005,29201.900000000005,29183.150000000005,29198.650000000005,4109
2026-08-26T11:15:00+00:00,29198.650000000005,29222.280000000006,29197.650000000005,29201.780000000006,4819
2026-08-26T11:20:00+00:00,29201.780000000006,29204.030000000006,29192.150000000005,29192.150000000005,3930
2026-08-26T11:25:00+00:00,29192.150000000005,29197.900000000005,29180.280000000006,29196.900000000005,4503
2026-08-26T11:30:00+00:00,29196.900000000005,29206.530000000006,29185.650000000005,29187.030000000006,5164
2026-08-26T11:35:00+00:00,29187.030000000006,29188.650000000005,29146.530000000006,29149.150000000005,6195
2026-08-26T11:40:00+00:00,29149.150000000005,29159.030000000006,29139.280000000006,29154.530000000006,4607
2026-08-26T11:45:00+00:00,29154.530000000006,29156.280000000006,29131.280000000006,29136.030000000006,5834
2026-08-26T11:50:00+00:00,29136.030000000006,29171.530000000006,29136.030000000006,29162.400000000005,5400
2026-08-26T11:55:00+00:00,29162.400000000005,29166.900000000005,29157.150000000005,29163.400000000005,4822
2026-08-26T12:00:00+00:00,29163.400000000005,29167.900000000005,29147.280000000006,29163.900000000005,6401
2026-08-26T12:05:00+00:00,29163.900000000005,29166.150000000005,29147.900000000005,29156.650000000005,5364
2026-08-26T12:10:00+00:00,29156.650000000005,29165.280000000006,29145.280000000006,29160.530000000006,5498
2026-08-26T12:15:00+00:00,29160.530000000006,29160.530000000006,29135.400000000005,29147.780000000006,5440
2026-08-26T12:20:00+00:00,29147.780000000006,29178.900000000005,29144.530000000006,29174.280000000006,5225
2026-08-26T12:25:00+00:00,29174.280000000006,29202.900000000005,29172.400000000005,29202.350000000006,5730
2026-08-26T12:30:00+00:00,29202.350000000006,29206.280000000006,29108.900000000005,29120.400000000005,20874
2026-08-26T12:35:00+00:00,29120.400000000005,29123.900000000005,29095.030000000006,29116.530000000006,11985
2026-08-26T12:40:00+00:00,29116.530000000006,29131.650000000005,29108.780000000006,29109.150000000005,10022
2026-08-26T12:45:00+00:00,29109.150000000005,29125.030000000006,29095.030000000006,29119.150000000005,9305
2026-08-26T12:50:00+00:00,29119.150000000005,29125.530000000006,29078.530000000006,29089.530000000006,10755
2026-08-26T12:55:00+00:00,29089.530000000006,29106.280000000006,29084.530000000006,29095.150000000005,10205
2026-08-26T13:00:00+00:00,29095.150000000005,29108.530000000006,29088.780000000006,29098.030000000006,9385
2026-08-26T13:05:00+00:00,29098.030000000006,29110.530000000006,29081.150000000005,29083.030000000006,8599
2026-08-26T13:10:00+00:00,29083.030000000006,29117.650000000005,29079.280000000006,29116.780000000006,6314
2026-08-26T13:15:00+00:00,29116.780000000006,29118.400000000005,29104.530000000006,29109.030000000006,7743
2026-08-26T13:20:00+00:00,29109.030000000006,29109.530000000006,29098.280000000006,29106.030000000006,6279
2026-08-26T13:25:00+00:00,29106.030000000006,29117.400000000005,29100.280000000006,29116.280000000006,10536
2026-08-26T13:30:00+00:00,29116.280000000006,29225.300000000007,29116.280000000006,29201.800000000007,64766
2026-08-26T13:35:00+00:00,29201.800000000007,29218.680000000004,29151.930000000004,29181.180000000004,60027
2026-08-26T13:40:00+00:00,29181.180000000004,29255.430000000004,29169.180000000004,29235.430000000004,45736
2026-08-26T13:45:00+00:00,29235.430000000004,29258.050000000007,29213.430000000004,29214.180000000004,34426
2026-08-26T13:50:00+00:00,29214.180000000004,29252.680000000004,29197.550000000007,29252.680000000004,38877
2026-08-26T13:55:00+00:00,29252.680000000004,29277.050000000007,29239.430000000004,29276.800000000007,24562
2026-08-26T14:00:00+00:00,29276.800000000007,29276.800000000007,29241.930000000004,29250.050000000007,27265
2026-08-26T14:05:00+00:00,29250.050000000007,29255.180000000004,29219.050000000007,29226.300000000007,18690
2026-08-26T14:10:00+00:00,29226.300000000007,29227.930000000004,29181.550000000007,29190.800000000007,23064
2026-08-26T14:15:00+00:00,29190.800000000007,29207.430000000004,29176.300000000007,29183.050000000007,19623
2026-08-26T14:20:00+00:00,29183.050000000007,29188.680000000004,29146.300000000007,29147.430000000004,22276
2026-08-26T14:25:00+00:00,29147.430000000004,29153.430000000004,29101.300000000007,29123.300000000007,22685
2026-08-26T14:30:00+00:00,29123.300000000007,29148.550000000007,29121.550000000007,29142.180000000004,18952
2026-08-26T14:35:00+00:00,29142.180000000004,29176.300000000007,29129.430000000004,29159.180000000004,16246
2026-08-26T14:40:00+00:00,29159.180000000004,29183.300000000007,29158.180000000004,29166.180000000004,14623
2026-08-26T14:45:00+00:00,29166.180000000004,29186.800000000007,29152.050000000007,29183.050000000007,15270
2026-08-26T14:50:00+00:00,29183.050000000007,29212.430000000004,29183.050000000007,29186.680000000004,13524
2026-08-26T14:55:00+00:00,29186.680000000004,29203.300000000007,29180.930000000004,29197.300000000007,12360
2026-08-26T15:00:00+00:00,29197.300000000007,29217.180000000004,29191.680000000004,29205.680000000004,12305
2026-08-26T15:05:00+00:00,29205.680000000004,29227.550000000007,29204.800000000007,29214.300000000007,10159
2026-08-26T15:10:00+00:00,29214.300000000007,29220.050000000007,29194.930000000004,29202.550000000007,11095
2026-08-26T15:15:00+00:00,29202.550000000007,29202.930000000004,29168.430000000004,29188.300000000007,11163
2026-08-26T15:20:00+00:00,29188.300000000007,29204.180000000004,29178.800000000007,29185.430000000004,12213
2026-08-26T15:25:00+00:00,29185.430000000004,29211.300000000007,29181.550000000007,29201.180000000004,10908
2026-08-26T15:30:00+00:00,29201.180000000004,29204.430000000004,29166.300000000007,29174.800000000007,11387
2026-08-26T15:35:00+00:00,29174.800000000007,29201.050000000007,29174.180000000004,29196.050000000007,11171
2026-08-26T15:40:00+00:00,29196.050000000007,29234.550000000007,29193.300000000007,29227.430000000004,10190
2026-08-26T15:45:00+00:00,29227.430000000004,29233.800000000007,29219.800000000007,29233.800000000007,9811
2026-08-26T15:50:00+00:00,29233.800000000007,29235.550000000007,29176.800000000007,29180.180000000004,16060
2026-08-26T15:55:00+00:00,29180.180000000004,29190.300000000007,29160.430000000004,29162.180000000004,11601
2026-08-26T16:00:00+00:00,29162.180000000004,29163.680000000004,29135.050000000007,29160.180000000008,12337
2026-08-26T16:05:00+00:00,29160.180000000008,29170.180000000008,29147.810000000005,29152.430000000008,12218
2026-08-26T16:10:00+00:00,29152.430000000008,29159.930000000008,29144.560000000005,29147.430000000008,9121
2026-08-26T16:15:00+00:00,29147.430000000008,29151.810000000005,29138.930000000008,29148.680000000008,7421
2026-08-26T16:20:00+00:00,29148.680000000008,29160.930000000008,29146.180000000008,29157.430000000008,6120
2026-08-26T16:25:00+00:00,29157.430000000008,29158.810000000005,29145.680000000008,29153.180000000008,5017
2026-08-26T16:30:00+00:00,29153.180000000008,29165.560000000005,29151.560000000005,29160.810000000005,5294
2026-08-26T16:35:00+00:00,29160.810000000005,29164.310000000005,29128.560000000005,29129.060000000005,6179
2026-08-26T16:40:00+00:00,29129.060000000005,29140.060000000005,29116.680000000008,29120.810000000005,7168
2026-08-26T16:45:00+00:00,29120.810000000005,29144.180000000008,29118.310000000005,29129.310000000005,9442
2026-08-26T16:50:00+00:00,29129.310000000005,29138.930000000008,29121.810000000005,29131.810000000005,7527
2026-08-26T16:55:00+00:00,29131.810000000005,29167.930000000008,29131.060000000005,29163.430000000008,7931
2026-08-26T17:00:00+00:00,29163.430000000008,29178.180000000008,29156.930000000008,29174.430000000008,7323
2026-08-26T17:05:00+00:00,29174.430000000008,29183.680000000008,29164.180000000008,29180.430000000008,6325
2026-08-26T17:10:00+00:00,29180.430000000008,29187.310000000005,29176.680000000008,29184.180000000008,5399
2026-08-26T17:15:00+00:00,29184.180000000008,29207.930000000008,29184.180000000008,29199.930000000008,7190
2026-08-26T17:20:00+00:00,29199.930000000008,29215.930000000008,29199.180000000008,29214.930000000008,5708
2026-08-26T17:25:00+00:00,29214.930000000008,29216.560000000005,29202.680000000008,29213.680000000008,5770
2026-08-26T17:30:00+00:00,29213.680000000008,29227.560000000005,29209.930000000008,29224.060000000005,6039
2026-08-26T17:35:00+00:00,29224.060000000005,29233.810000000005,29221.180000000008,29226.680000000008,5236
2026-08-26T17:40:00+00:00,29226.680000000008,29236.930000000008,29218.930000000008,29227.430000000008,5678
2026-08-26T17:45:00+00:00,29227.430000000008,29232.060000000005,29214.680000000008,29216.060000000005,5578
2026-08-26T17:50:00+00:00,29216.060000000005,29234.180000000008,29216.060000000005,29233.180000000008,5149
2026-08-26T17:55:00+00:00,29233.180000000008,29239.180000000008,29229.060000000005,29230.560000000005,4457
2026-08-26T18:00:00+00:00,29230.560000000005,29230.810000000005,29217.930000000008,29223.930000000008,5312
2026-08-26T18:05:00+00:00,29223.930000000008,29241.810000000005,29223.430000000008,29236.810000000005,4869
2026-08-26T18:10:00+00:00,29236.810000000005,29237.930000000008,29212.430000000008,29216.680000000008,5005
2026-08-26T18:15:00+00:00,29216.680000000008,29231.180000000008,29211.180000000008,29228.310000000005,5702
2026-08-26T18:20:00+00:00,29228.310000000005,29237.430000000008,29222.180000000008,29222.680000000008,5096
2026-08-26T18:25:00+00:00,29222.680000000008,29230.930000000008,29217.680000000008,29226.310000000005,4757
2026-08-26T18:30:00+00:00,29226.310000000005,29248.680000000008,29221.930000000008,29243.930000000008,5563
2026-08-26T18:35:00+00:00,29243.930000000008,29245.680000000008,29236.430000000008,29238.430000000008,4454
2026-08-26T18:40:00+00:00,29238.430000000008,29243.930000000008,29234.810000000005,29240.930000000008,4142
2026-08-26T18:45:00+00:00,29240.930000000008,29274.430000000008,29240.930000000008,29266.430000000008,7456
2026-08-26T18:50:00+00:00,29266.430000000008,29270.430000000008,29256.560000000005,29264.680000000008,5526
2026-08-26T18:55:00+00:00,29264.680000000008,29275.05000000001,29261.80000000001,29267.180000000008,4978
2026-08-26T19:00:00+00:00,29267.180000000008,29313.80000000001,29264.05000000001,29313.05000000001,9636
2026-08-26T19:05:00+00:00,29313.05000000001,29313.930000000008,29293.55000000001,29293.55000000001,7280
2026-08-26T19:10:00+00:00,29293.55000000001,29298.05000000001,29277.55000000001,29286.30000000001,6330
2026-08-26T19:15:00+00:00,29286.30000000001,29303.05000000001,29285.55000000001,29300.30000000001,6464
2026-08-26T19:20:00+00:00,29300.30000000001,29301.05000000001,29278.680000000008,29292.05000000001,6315
2026-08-26T19:25:00+00:00,29292.05000000001,29301.30000000001,29282.05000000001,29284.30000000001,5889
2026-08-26T19:30:00+00:00,29284.30000000001,29291.05000000001,29275.80000000001,29289.430000000008,6836
2026-08-26T19:35:00+00:00,29289.430000000008,29290.30000000001,29268.55000000001,29268.55000000001,6954
2026-08-26T19:40:00+00:00,29268.55000000001,29274.930000000008,29254.05000000001,29255.80000000001,7869
2026-08-26T19:45:00+00:00,29255.80000000001,29282.80000000001,29251.680000000008,29281.680000000008,7687
2026-08-26T19:50:00+00:00,29281.680000000008,29283.10000000001,29227.680000000008,29236.30000000001,10784
2026-08-26T19:55:00+00:00,29236.30000000001,29256.80000000001,29226.80000000001,29247.680000000008,15801
2026-08-26T20:00:00+00:00,29247.680000000008,29289.28000000001,29232.15000000001,29283.28000000001,5711
2026-08-26T20:05:00+00:00,29283.28000000001,29317.28000000001,29283.28000000001,29299.65000000001,4124
2026-08-26T20:10:00+00:00,29299.65000000001,29312.03000000001,29295.28000000001,29307.15000000001,1743
2026-08-26T20:15:00+00:00,29307.15000000001,29328.53000000001,29300.90000000001,29326.40000000001,3054
2026-08-26T20:20:00+00:00,29326.40000000001,29326.40000000001,29237.15000000001,29291.40000000001,16772
2026-08-26T20:25:00+00:00,29291.40000000001,29306.53000000001,29268.78000000001,29289.65000000001,8964
2026-08-26T20:30:00+00:00,29289.65000000001,29291.40000000001,29263.28000000001,29273.40000000001,7688
2026-08-26T20:35:00+00:00,29273.40000000001,29300.28000000001,29272.28000000001,29289.15000000001,5279
2026-08-26T20:40:00+00:00,29289.15000000001,29301.90000000001,29279.28000000001,29285.15000000001,4709
2026-08-26T20:45:00+00:00,29285.15000000001,29327.03000000001,29283.15000000001,29327.03000000001,4815
2026-08-26T20:50:00+00:00,29327.03000000001,29342.15000000001,29323.28000000001,29336.15000000001,5193
2026-08-26T20:55:00+00:00,29336.15000000001,29378.47000000001,29332.15000000001,29377.22000000001,3764
2026-08-26T22:00:00+00:00,29377.22000000001,29528.88000000001,29377.22000000001,29521.930000000008,7422
2026-08-26T22:05:00+00:00,29521.930000000008,29524.680000000008,29500.180000000008,29510.680000000008,3952
2026-08-26T22:10:00+00:00,29510.680000000008,29522.56000000001,29499.930000000008,29514.81000000001,4236
2026-08-26T22:15:00+00:00,29514.81000000001,29544.56000000001,29503.06000000001,29532.930000000008,4242
2026-08-26T22:20:00+00:00,29532.930000000008,29551.180000000008,29527.81000000001,29538.930000000008,3134
2026-08-26T22:25:00+00:00,29538.930000000008,29543.180000000008,29527.680000000008,29532.430000000008,2388
2026-08-26T22:30:00+00:00,29532.430000000008,29548.180000000008,29530.430000000008,29547.430000000008,2745
2026-08-26T22:35:00+00:00,29547.430000000008,29566.06000000001,29547.430000000008,29551.680000000008,3222
2026-08-26T22:40:00+00:00,29551.680000000008,29565.56000000001,29546.56000000001,29565.56000000001,2144
2026-08-26T22:45:00+00:00,29565.56000000001,29565.56000000001,29555.680000000008,29560.81000000001,2508
2026-08-26T22:50:00+00:00,29560.81000000001,29576.930000000008,29554.81000000001,29555.31000000001,3313
2026-08-26T22:55:00+00:00,29555.31000000001,29560.180000000008,29549.06000000001,29554.81000000001,1707
2026-08-26T23:00:00+00:00,29554.81000000001,29563.06000000001,29551.56000000001,29554.06000000001,2423
2026-08-26T23:05:00+00:00,29554.06000000001,29556.81000000001,29541.31000000001,29546.81000000001,1477
2026-08-26T23:10:00+00:00,29546.81000000001,29550.930000000008,29540.06000000001,29541.56000000001,1413
2026-08-26T23:15:00+00:00,29541.56000000001,29542.430000000008,29533.930000000008,29537.680000000008,1558
2026-08-26T23:20:00+00:00,29537.680000000008,29555.06000000001,29536.180000000008,29554.430000000008,1887
2026-08-26T23:25:00+00:00,29554.430000000008,29561.06000000001,29540.180000000008,29550.56000000001,2450
2026-08-26T23:30:00+00:00,29550.56000000001,29553.930000000008,29544.06000000001,29552.31000000001,1915
2026-08-26T23:35:00+00:00,29552.31000000001,29559.930000000008,29548.930000000008,29555.81000000001,1622
2026-08-26T23:40:00+00:00,29555.81000000001,29557.06000000001,29552.81000000001,29555.56000000001,1209
2026-08-26T23:45:00+00:00,29555.56000000001,29574.81000000001,29554.430000000008,29570.56000000001,4369
2026-08-26T23:50:00+00:00,29570.56000000001,29575.180000000008,29558.31000000001,29565.06000000001,4833
2026-08-26T23:55:00+00:00,29565.06000000001,29601.81000000001,29564.31000000001,29596.180000000008,5111
2026-08-27T00:00:00+00:00,29596.180000000008,29601.930000000008,29562.56000000001,29563.430000000008,10761
2026-08-27T00:05:00+00:00,29563.430000000008,29582.56000000001,29554.06000000001,29556.81000000001,6961
2026-08-27T00:10:00+00:00,29556.81000000001,29558.81000000001,29527.31000000001,29539.81000000001,6188
2026-08-27T00:15:00+00:00,29539.81000000001,29539.81000000001,29507.06000000001,29514.06000000001,7952
2026-08-27T00:20:00+00:00,29514.06000000001,29531.680000000008,29512.930000000008,29529.430000000008,7572
2026-08-27T00:25:00+00:00,29529.430000000008,29532.180000000008,29511.31000000001,29529.930000000008,5734
2026-08-27T00:30:00+00:00,29529.930000000008,29529.930000000008,29482.180000000008,29484.180000000008,6567
2026-08-27T00:35:00+00:00,29484.180000000008,29487.56000000001,29453.06000000001,29463.180000000008,7323
2026-08-27T00:40:00+00:00,29463.180000000008,29469.930000000008,29425.56000000001,29426.930000000008,8009
2026-08-27T00:45:00+00:00,29426.930000000008,29428.180000000008,29395.180000000008,29409.930000000008,9737
2026-08-27T00:50:00+00:00,29409.930000000008,29413.81000000001,29389.06000000001,29393.31000000001,9569
2026-08-27T00:55:00+00:00,29393.31000000001,29404.180000000008,29387.430000000008,29392.930000000008,8903
2026-08-27T01:00:00+00:00,29392.930000000008,29416.93000000001,29381.56000000001,29413.560000000012,9359
2026-08-27T01:05:00+00:00,29413.560000000012,29433.93000000001,29409.68000000001,29432.43000000001,7207
2026-08-27T01:10:00+00:00,29432.43000000001,29437.18000000001,29393.68000000001,29400.18000000001,8230
2026-08-27T01:15:00+00:00,29400.18000000001,29431.310000000012,29397.060000000012,29429.810000000012,7490
2026-08-27T01:20:00+00:00,29429.810000000012,29445.18000000001,29426.68000000001,29444.43000000001,5883
2026-08-27T01:25:00+00:00,29444.43000000001,29456.560000000012,29438.310000000012,29450.18000000001,6096
2026-08-27T01:30:00+00:00,29450.18000000001,29471.310000000012,29445.18000000001,29465.18000000001,5372
2026-08-27T01:35:00+00:00,29465.18000000001,29481.93000000001,29462.060000000012,29477.310000000012,5416
2026-08-27T01:40:00+00:00,29477.310000000012,29479.18000000001,29439.43000000001,29439.68000000001,6399
2026-08-27T01:45:00+00:00,29439.68000000001,29486.68000000001,29439.68000000001,29485.93000000001,8040
2026-08-27T01:50:00+00:00,29485.93000000001,29501.18000000001,29481.68000000001,29500.68000000001,4921
2026-08-27T01:55:00+00:00,29500.68000000001,29501.560000000012,29474.810000000012,29478.810000000012,4132
2026-08-27T02:00:00+00:00,29478.810000000012,29488.560000000012,29474.060000000012,29486.93000000001,6049
2026-08-27T02:05:00+00:00,29486.93000000001,29487.93000000001,29464.810000000012,29486.68000000001,5688
2026-08-27T02:10:00+00:00,29486.68000000001,29491.68000000001,29478.810000000012,29487.93000000001,4017
2026-08-27T02:15:00+00:00,29487.93000000001,29490.310000000012,29477.310000000012,29482.560000000012,3696
2026-08-27T02:20:00+00:00,29482.560000000012,29489.18000000001,29475.93000000001,29481.43000000001,4754
2026-08-27T02:25:00+00:00,29481.43000000001,29491.060000000012,29473.560000000012,29485.560000000012,4483
2026-08-27T02:30:00+00:00,29485.560000000012,29502.18000000001,29484.560000000012,29500.18000000001,4642
2026-08-27T02:35:00+00:00,29500.18000000001,29500.560000000012,29490.68000000001,29499.68000000001,3707
2026-08-27T02:40:00+00:00,29499.68000000001,29500.68000000001,29478.560000000012,29489.68000000001,3828
2026-08-27T02:45:00+00:00,29489.68000000001,29494.93000000001,29484.810000000012,29488.43000000001,3786
2026-08-27T02:50:00+00:00,29488.43000000001,29507.68000000001,29486.68000000001,29499.43000000001,4528
2026-08-27T02:55:00+00:00,29499.43000000001,29503.310000000012,29492.560000000012,29496.93000000001,3458
2026-08-27T03:00:00+00:00,29496.93000000001,29509.93000000001,29491.43000000001,29501.560000000012,3838
2026-08-27T03:05:00+00:00,29501.560000000012,29502.68000000001,29483.68000000001,29487.060000000012,3181
2026-08-27T03:10:00+00:00,29487.060000000012,29488.560000000012,29477.68000000001,29487.43000000001,2613
2026-08-27T03:15:00+00:00,29487.43000000001,29504.060000000012,29487.43000000001,29504.060000000012,3032
2026-08-27T03:20:00+00:00,29504.060000000012,29521.060000000012,29499.310000000012,29520.810000000012,3594
2026-08-27T03:25:00+00:00,29520.810000000012,29523.060000000012,29509.43000000001,29511.810000000012,2434
2026-08-27T03:30:00+00:00,29511.810000000012,29519.810000000012,29499.18000000001,29509.18000000001,4034
2026-08-27T03:35:00+00:00,29509.18000000001,29509.18000000001,29495.68000000001,29498.43000000001,3433
2026-08-27T03:40:00+00:00,29498.43000000001,29501.93000000001,29489.310000000012,29490.43000000001,3650
2026-08-27T03:45:00+00:00,29490.43000000001,29499.810000000012,29483.93000000001,29486.68000000001,3596
2026-08-27T03:50:00+00:00,29486.68000000001,29494.18000000001,29473.93000000001,29486.310000000012,3530
2026-08-27T03:55:00+00:00,29486.310000000012,29497.18000000001,29481.68000000001,29486.18000000001,3610
2026-08-27T04:00:00+00:00,29486.18000000001,29494.68000000001,29482.18000000001,29483.43000000001,4662
2026-08-27T04:05:00+00:00,29483.43000000001,29485.18000000001,29476.310000000012,29483.93000000001,3727
2026-08-27T04:10:00+00:00,29483.93000000001,29483.93000000001,29477.18000000001,29481.68000000001,3782
2026-08-27T04:15:00+00:00,29481.68000000001,29497.68000000001,29480.68000000001,29491.93000000001,3494
2026-08-27T04:20:00+00:00,29491.93000000001,29497.810000000012,29485.810000000012,29494.43000000001,3338
2026-08-27T04:25:00+00:00,29494.43000000001,29498.93000000001,29476.43000000001,29476.560000000012,3326
2026-08-27T04:30:00+00:00,29476.560000000012,29478.68000000001,29465.93000000001,29468.810000000012,4900
2026-08-27T04:35:00+00:00,29468.810000000012,29470.310000000012,29453.060000000012,29453.060000000012,2794
2026-08-27T04:40:00+00:00,29453.060000000012,29460.43000000001,29445.93000000001,29451.43000000001,3417
2026-08-27T04:45:00+00:00,29451.43000000001,29468.310000000012,29443.18000000001,29451.810000000012,3975
2026-08-27T04:50:00+00:00,29451.810000000012,29458.060000000012,29442.060000000012,29444.43000000001,3769
2026-08-27T04:55:00+00:00,29444.43000000001,29450.310000000012,29441.18000000001,29446.810000000012,3557
2026-08-27T05:00:00+00:00,29446.810000000012,29451.68000000001,29422.810000000012,29428.93000000001,5108
2026-08-27T05:05:00+00:00,29428.93000000001,29440.43000000001,29422.93000000001,29423.68000000001,5319
2026-08-27T05:10:00+00:00,29423.68000000001,29437.43000000001,29421.060000000012,29431.18000000001,4339
2026-08-27T05:15:00+00:00,29431.18000000001,29431.18000000001,29395.810000000012,29399.560000000012,4600
2026-08-27T05:20:00+00:00,29399.560000000012,29422.310000000012,29397.560000000012,29420.310000000012,4371
2026-08-27T05:25:00+00:00,29420.310000000012,29426.18000000001,29409.43000000001,29415.68000000001,5123
2026-08-27T05:30:00+00:00,29415.68000000001,29415.68000000001,29398.43000000001,29403.810000000012,6259
2026-08-27T05:35:00+00:00,29403.810000000012,29408.18000000001,29393.68000000001,29408.060000000012,4797
2026-08-27T05:40:00+00:00,29408.060000000012,29419.310000000012,29386.310000000012,29389.68000000001,4648
2026-08-27T05:45:00+00:00,29389.68000000001,29409.68000000001,29386.310000000012,29408.68000000001,3272
2026-08-27T05:50:00+00:00,29408.68000000001,29412.43000000001,29387.18000000001,29389.560000000012,4758
2026-08-27T05:55:00+00:00,29389.560000000012,29391.560000000012,29376.560000000012,29385.93000000001,4508
2026-08-27T06:00:00+00:00,29385.93000000001,29387.060000000012,29367.68000000001,29368.18000000001,6641
2026-08-27T06:05:00+00:00,29368.18000000001,29374.93000000001,29351.310000000012,29353.68000000001,5564
2026-08-27T06:10:00+00:00,29353.68000000001,29382.060000000012,29350.43000000001,29380.810000000012,4203
2026-08-27T06:15:00+00:00,29380.810000000012,29396.68000000001,29380.060000000012,29389.68000000001,5226
2026-08-27T06:20:00+00:00,29389.68000000001,29395.310000000012,29384.93000000001,29391.68000000001,3969
2026-08-27T06:25:00+00:00,29391.68000000001,29398.93000000001,29381.18000000001,29398.560000000012,4108
2026-08-27T06:30:00+00:00,29398.560000000012,29412.43000000001,29397.060000000012,29410.060000000012,3396
2026-08-27T06:35:00+00:00,29410.060000000012,29419.310000000012,29404.810000000012,29419.310000000012,3886
2026-08-27T06:40:00+00:00,29419.310000000012,29438.310000000012,29418.560000000012,29437.560000000012,3150
2026-08-27T06:45:00+00:00,29437.560000000012,29444.560000000012,29430.18000000001,29431.68000000001,3323
2026-08-27T06:50:00+00:00,29431.68000000001,29434.68000000001,29425.68000000001,29428.18000000001,2954
2026-08-27T06:55:00+00:00,29428.18000000001,29447.810000000012,29427.560000000012,29446.060000000012,2951
2026-08-27T07:00:00+00:00,29446.060000000012,29455.43000000001,29425.18000000001,29454.93000000001,9255
2026-08-27T07:05:00+00:00,29454.93000000001,29472.68000000001,29454.43000000001,29468.68000000001,4521
2026-08-27T07:10:00+00:00,29468.68000000001,29485.68000000001,29466.060000000012,29484.060000000012,3863
2026-08-27T07:15:00+00:00,29484.060000000012,29489.560000000012,29475.43000000001,29485.68000000001,3746
2026-08-27T07:20:00+00:00,29485.68000000001,29488.18000000001,29472.560000000012,29476.43000000001,4210
2026-08-27T07:25:00+00:00,29476.43000000001,29496.060000000012,29471.18000000001,29495.810000000012,4634
2026-08-27T07:30:00+00:00,29495.810000000012,29497.18000000001,29483.93000000001,29487.93000000001,4890
2026-08-27T07:35:00+00:00,29487.93000000001,29492.18000000001,29453.310000000012,29454.810000000012,5252
2026-08-27T07:40:00+00:00,29454.810000000012,29462.43000000001,29447.060000000012,29451.93000000001,4598
2026-08-27T07:45:00+00:00,29451.93000000001,29466.310000000012,29448.810000000012,29460.560000000012,3718
2026-08-27T07:50:00+00:00,29460.560000000012,29482.560000000012,29455.310000000012,29481.060000000012,4239
2026-08-27T07:55:00+00:00,29481.060000000012,29495.43000000001,29480.68000000001,29486.060000000012,4007
2026-08-27T08:00:00+00:00,29486.060000000012,29519.43000000001,29485.560000000012,29518.18000000001,10282
2026-08-27T08:05:00+00:00,29518.18000000001,29547.18000000001,29518.18000000001,29545.68000000001,5783
2026-08-27T08:10:00+00:00,29545.68000000001,29571.310000000012,29542.93000000001,29569.810000000012,6430
2026-08-27T08:15:00+00:00,29569.810000000012,29571.43000000001,29544.560000000012,29556.43000000001,6594
2026-08-27T08:20:00+00:00,29556.43000000001,29566.68000000001,29547.43000000001,29566.060000000012,7146
2026-08-27T08:25:00+00:00,29566.060000000012,29606.93000000001,29563.18000000001,29604.810000000012,5130
2026-08-27T08:30:00+00:00,29604.810000000012,29605.310000000012,29575.18000000001,29576.810000000012,5016
2026-08-27T08:35:00+00:00,29576.810000000012,29581.310000000012,29565.560000000012,29574.560000000012,6469
2026-08-27T08:40:00+00:00,29574.560000000012,29588.060000000012,29558.630000000012,29579.560000000012,6137
2026-08-27T08:45:00+00:00,29579.560000000012,29606.810000000012,29578.18000000001,29599.310000000012,6495
2026-08-27T08:50:00+00:00,29599.310000000012,29608.18000000001,29576.68000000001,29578.060000000012,5777
2026-08-27T08:55:00+00:00,29578.060000000012,29582.560000000012,29570.060000000012,29571.810000000012,5807
2026-08-27T09:00:00+00:00,29571.810000000012,29581.310000000012,29539.310000000012,29539.810000000012,9483
2026-08-27T09:05:00+00:00,29539.810000000012,29560.310000000012,29530.310000000012,29553.18000000001,6900
2026-08-27T09:10:00+00:00,29553.18000000001,29558.060000000012,29531.18000000001,29531.310000000012,5522
2026-08-27T09:15:00+00:00,29531.310000000012,29537.310000000012,29515.810000000012,29534.93000000001,5535
2026-08-27T09:20:00+00:00,29534.93000000001,29555.810000000012,29527.43000000001,29555.560000000012,6516
2026-08-27T09:25:00+00:00,29555.560000000012,29562.560000000012,29542.68000000001,29546.18000000001,5921
2026-08-27T09:30:00+00:00,29546.18000000001,29570.43000000001,29544.93000000001,29567.68000000001,5561
2026-08-27T09:35:00+00:00,29567.68000000001,29568.560000000012,29557.43000000001,29562.68000000001,5073
2026-08-27T09:40:00+00:00,29562.68000000001,29567.310000000012,29560.060000000012,29563.93000000001,2950
2026-08-27T09:45:00+00:00,29563.93000000001,29580.060000000012,29561.68000000001,29567.310000000012,4187
2026-08-27T09:50:00+00:00,29567.310000000012,29577.93000000001,29553.68000000001,29566.310000000012,4442
2026-08-27T09:55:00+00:00,29566.310000000012,29566.560000000012,29546.68000000001,29549.060000000012,4065
2026-08-27T10:00:00+00:00,29549.060000000012,29549.810000000012,29530.560000000012,29544.68000000001,5207
2026-08-27T10:05:00+00:00,29544.68000000001,29551.18000000001,29542.310000000012,29545.810000000012,4659
2026-08-27T10:10:00+00:00,29545.810000000012,29554.060000000012,29534.560000000012,29546.93000000001,5250
2026-08-27T10:15:00+00:00,29546.93000000001,29551.18000000001,29530.810000000012,29530.810000000012,4568
2026-08-27T10:20:00+00:00,29530.810000000012,29539.43000000001,29527.18000000001,29531.810000000012,4320
2026-08-27T10:25:00+00:00,29531.810000000012,29535.560000000012,29525.060000000012,29528.18000000001,4557
2026-08-27T10:30:00+00:00,29528.18000000001,29533.18000000001,29523.18000000001,29530.43000000001,4651
2026-08-27T10:35:00+00:00,29530.43000000001,29531.310000000012,29518.060000000012,29519.310000000012,4933
2026-08-27T10:40:00+00:00,29519.310000000012,29550.310000000012,29518.560000000012,29547.060000000012,4768
2026-08-27T10:45:00+00:00,29547.060000000012,29547.93000000001,29531.560000000012,29531.560000000012,3947
2026-08-27T10:50:00+00:00,29531.560000000012,29543.68000000001,29516.060000000012,29543.68000000001,5022
2026-08-27T10:55:00+00:00,29543.68000000001,29548.93000000001,29538.68000000001,29545.93000000001,4572
2026-08-27T11:00:00+00:00,29545.93000000001,29554.18000000001,29523.810000000012,29554.18000000001,10256
2026-08-27T11:05:00+00:00,29554.18000000001,29563.560000000012,29535.560000000012,29556.18000000001,6945
2026-08-27T11:10:00+00:00,29556.18000000001,29576.68000000001,29552.18000000001,29564.310000000012,6156
2026-08-27T11:15:00+00:00,29564.310000000012,29568.310000000012,29540.93000000001,29541.560000000012,4276
2026-08-27T11:20:00+00:00,29541.560000000012,29546.810000000012,29533.68000000001,29539.560000000012,5430
2026-08-27T11:25:00+00:00,29539.560000000012,29544.310000000012,29517.310000000012,29517.310000000012,5272
2026-08-27T11:30:00+00:00,29517.310000000012,29533.68000000001,29499.560000000012,29520.060000000012,9906
2026-08-27T11:35:00+00:00,29520.060000000012,29521.18000000001,29494.310000000012,29499.93000000001,6509
2026-08-27T11:40:00+00:00,29499.93000000001,29515.060000000012,29496.560000000012,29511.68000000001,5919
2026-08-27T11:45:00+00:00,29511.68000000001,29511.68000000001,29464.560000000012,29464.93000000001,6228
2026-08-27T11:50:00+00:00,29464.93000000001,29483.560000000012,29462.93000000001,29482.18000000001,5785
2026-08-27T11:55:00+00:00,29482.18000000001,29507.43000000001,29481.560000000012,29505.93000000001,5322
2026-08-27T12:00:00+00:00,29505.93000000001,29515.810000000012,29499.060000000012,29511.060000000012,7394
2026-08-27T12:05:00+00:00,29511.060000000012,29520.68000000001,29503.68000000001,29520.43000000001,7314
2026-08-27T12:10:00+00:00,29520.43000000001,29536.43000000001,29518.18000000001,29532.310000000012,4675
2026-08-27T12:15:00+00:00,29532.310000000012,29533.43000000001,29515.68000000001,29527.18000000001,5969
2026-08-27T12:20:00+00:00,29527.18000000001,29532.43000000001,29514.68000000001,29531.93000000001,8409
2026-08-27T12:25:00+00:00,29531.93000000001,29537.810000000012,29520.310000000012,29526.630000000012,6374
2026-08-27T12:30:00+00:00,29526.630000000012,29528.310000000012,29509.93000000001,29516.68000000001,4266
2026-08-27T12:35:00+00:00,29516.68000000001,29520.310000000012,29497.060000000012,29504.43000000001,4683
2026-08-27T12:40:00+00:00,29504.43000000001,29511.810000000012,29482.810000000012,29483.310000000012,4831
2026-08-27T12:45:00+00:00,29483.310000000012,29487.68000000001,29474.810000000012,29480.93000000001,4372
2026-08-27T12:50:00+00:00,29480.93000000001,29482.060000000012,29464.310000000012,29478.43000000001,4145
2026-08-27T12:55:00+00:00,29478.43000000001,29485.310000000012,29467.060000000012,29470.560000000012,4493
2026-08-27T13:00:00+00:00,29470.560000000012,29495.810000000012,29466.560000000012,29492.560000000012,6940
2026-08-27T13:05:00+00:00,29492.560000000012,29506.810000000012,29488.560000000012,29498.810000000012,6232
2026-08-27T13:10:00+00:00,29498.810000000012,29509.060000000012,29494.560000000012,29502.060000000012,6015
2026-08-27T13:15:00+00:00,29502.060000000012,29516.310000000012,29492.18000000001,29497.810000000012,6835
2026-08-27T13:20:00+00:00,29497.810000000012,29501.560000000012,29484.560000000012,29485.560000000012,6103
2026-08-27T13:25:00+00:00,29485.560000000012,29509.310000000012,29473.18000000001,29473.560000000012,11865
2026-08-27T13:30:00+00:00,29473.560000000012,29535.830000000013,29401.460000000014,29412.210000000014,73387
2026-08-27T13:35:00+00:00,29412.210000000014,29437.460000000014,29393.210000000014,29437.460000000014,68477
2026-08-27T13:40:00+00:00,29437.460000000014,29531.960000000014,29434.210000000014,29523.210000000014,54367
2026-08-27T13:45:00+00:00,29523.210000000014,29552.210000000014,29400.330000000013,29424.460000000014,63513
2026-08-27T13:50:00+00:00,29424.460000000014,29514.580000000013,29424.460000000014,29489.710000000014,56130
2026-08-27T13:55:00+00:00,29489.710000000014,29491.960000000014,29373.210000000014,29430.210000000014,63403
2026-08-27T14:00:00+00:00,29430.210000000014,29496.080000000013,29426.710000000014,29484.210000000014,54246
2026-08-27T14:05:00+00:00,29484.210000000014,29503.580000000013,29451.830000000013,29477.460000000014,46793
2026-08-27T14:10:00+00:00,29477.460000000014,29535.960000000014,29476.210000000014,29506.960000000014,37668
2026-08-27T14:15:00+00:00,29506.960000000014,29541.080000000013,29506.960000000014,29524.830000000013,30745
2026-08-27T14:20:00+00:00,29524.830000000013,29548.960000000014,29518.830000000013,29540.830000000013,32078
2026-08-27T14:25:00+00:00,29540.830000000013,29569.080000000013,29524.960000000014,29555.580000000013,24341
2026-08-27T14:30:00+00:00,29555.580000000013,29558.210000000014,29512.710000000014,29520.460000000014,33457
2026-08-27T14:35:00+00:00,29520.460000000014,29552.210000000014,29492.210000000014,29492.210000000014,27004
2026-08-27T14:40:00+00:00,29492.210000000014,29513.960000000014,29486.080000000013,29505.460000000014,27744
2026-08-27T14:45:00+00:00,29505.460000000014,29547.330000000013,29480.580000000013,29541.580000000013,25615
2026-08-27T14:50:00+00:00,29541.580000000013,29552.830000000013,29509.460000000014,29526.960000000014,21462
2026-08-27T14:55:00+00:00,29526.960000000014,29549.580000000013,29502.210000000014,29549.460000000014,22766
2026-08-27T15:00:00+00:00,29549.460000000014,29572.080000000013,29538.080000000013,29568.710000000014,16850
2026-08-27T15:05:00+00:00,29568.710000000014,29582.960000000014,29562.830000000013,29580.460000000014,16827
2026-08-27T15:10:00+00:00,29580.460000000014,29584.710000000014,29566.080000000013,29583.210000000014,13947
2026-08-27T15:15:00+00:00,29583.210000000014,29591.330000000013,29576.580000000013,29581.710000000014,13864
2026-08-27T15:20:00+00:00,29581.710000000014,29584.460000000014,29553.580000000013,29555.080000000013,13308
2026-08-27T15:25:00+00:00,29555.080000000013,29557.210000000014,29530.830000000013,29535.830000000013,14779
2026-08-27T15:30:00+00:00,29535.830000000013,29554.330000000013,29522.460000000014,29535.460000000014,20116
2026-08-27T15:35:00+00:00,29535.460000000014,29540.710000000014,29505.580000000013,29514.460000000014,14824
2026-08-27T15:40:00+00:00,29514.460000000014,29530.830000000013,29487.330000000013,29491.830000000013,14915
2026-08-27T15:45:00+00:00,29491.830000000013,29491.830000000013,29470.210000000014,29481.460000000014,16914
2026-08-27T15:50:00+00:00,29481.460000000014,29567.080000000013,29481.460000000014,29566.330000000013,15346
2026-08-27T15:55:00+00:00,29566.330000000013,29566.330000000013,29550.830000000013,29555.080000000013,12084
2026-08-27T16:00:00+00:00,29555.080000000013,29581.080000000013,29552.830000000013,29572.460000000014,10807
2026-08-27T16:05:00+00:00,29572.460000000014,29578.710000000014,29548.210000000014,29552.080000000013,10974
2026-08-27T16:10:00+00:00,29552.080000000013,29553.710000000014,29531.080000000013,29539.580000000013,9994
2026-08-27T16:15:00+00:00,29539.580000000013,29551.580000000013,29526.330000000013,29537.580000000013,11592
2026-08-27T16:20:00+00:00,29537.580000000013,29537.960000000014,29519.580000000013,29525.710000000014,11384
2026-08-27T16:25:00+00:00,29525.710000000014,29556.830000000013,29521.580000000013,29552.460000000014,10368
2026-08-27T16:30:00+00:00,29552.460000000014,29563.460000000014,29548.210000000014,29562.960000000014,8421
2026-08-27T16:35:00+00:00,29562.960000000014,29590.960000000014,29558.580000000013,29587.580000000013,7677
2026-08-27T16:40:00+00:00,29587.580000000013,29599.710000000014,29586.330000000013,29594.580000000013,8302
2026-08-27T16:45:00+00:00,29594.580000000013,29607.830000000013,29592.080000000013,29595.960000000014,7459
2026-08-27T16:50:00+00:00,29595.960000000014,29604.330000000013,29586.830000000013,29603.210000000014,7924
2026-08-27T16:55:00+00:00,29603.210000000014,29603.330000000013,29591.960000000014,29600.830000000013,6136
2026-08-27T17:00:00+00:00,29600.830000000013,29615.960000000014,29599.830000000013,29614.080000000013,7415
2026-08-27T17:05:00+00:00,29614.080000000013,29616.710000000014,29597.330000000013,29616.710000000014,7278
2026-08-27T17:10:00+00:00,29616.710000000014,29624.830000000013,29613.830000000013,29619.460000000014,6084
2026-08-27T17:15:00+00:00,29619.460000000014,29621.830000000013,29608.830000000013,29614.080000000013,6058
2026-08-27T17:20:00+00:00,29614.080000000013,29625.710000000014,29609.960000000014,29621.830000000013,7463
2026-08-27T17:25:00+00:00,29621.830000000013,29622.080000000013,29587.710000000014,29590.460000000014,9538
2026-08-27T17:30:00+00:00,29590.460000000014,29605.630000000012,29583.960000000014,29587.460000000014,8448
2026-08-27T17:35:00+00:00,29587.460000000014,29595.210000000014,29581.080000000013,29581.210000000014,7060
2026-08-27T17:40:00+00:00,29581.210000000014,29596.580000000013,29576.580000000013,29577.960000000014,7373
2026-08-27T17:45:00+00:00,29577.960000000014,29581.330000000013,29562.080000000013,29566.960000000014,8885
2026-08-27T17:50:00+00:00,29566.960000000014,29578.080000000013,29559.330000000013,29574.330000000013,9267
2026-08-27T17:55:00+00:00,29574.330000000013,29575.830000000013,29556.330000000013,29560.460000000014,9392
2026-08-27T18:00:00+00:00,29560.460000000014,29570.960000000014,29523.460000000014,29523.830000000013,14764
2026-08-27T18:05:00+00:00,29523.830000000013,29540.580000000013,29522.710000000014,29529.710000000014,11099
2026-08-27T18:10:00+00:00,29529.710000000014,29534.960000000014,29511.460000000014,29525.960000000014,11648
2026-08-27T18:15:00+00:00,29525.960000000014,29538.080000000013,29514.460000000014,29526.960000000014,10152
2026-08-27T18:20:00+00:00,29526.960000000014,29531.580000000013,29513.210000000014,29516.580000000013,9470
2026-08-27T18:25:00+00:00,29516.580000000013,29517.960000000014,29476.210000000014,29487.580000000013,14245
2026-08-27T18:30:00+00:00,29487.580000000013,29520.580000000013,29485.960000000014,29498.960000000014,12521
2026-08-27T18:35:00+00:00,29498.960000000014,29527.830000000013,29492.710000000014,29527.830000000013,10161
2026-08-27T18:40:00+00:00,29527.830000000013,29529.960000000014,29516.460000000014,29521.830000000013,8767
2026-08-27T18:45:00+00:00,29521.830000000013,29530.830000000013,29501.830000000013,29501.830000000013,9800
2026-08-27T18:50:00+00:00,29501.830000000013,29514.960000000014,29496.210000000014,29504.080000000013,10413
2026-08-27T18:55:00+00:00,29504.080000000013,29526.210000000014,29494.460000000014,29520.210000000014,9627
2026-08-27T19:00:00+00:00,29520.210000000014,29541.460000000014,29516.330000000013,29538.080000000013,9678
2026-08-27T19:05:00+00:00,29538.080000000013,29550.210000000014,29521.460000000014,29540.330000000013,10547
2026-08-27T19:10:00+00:00,29540.330000000013,29555.580000000013,29539.080000000013,29542.080000000013,7753
2026-08-27T19:15:00+00:00,29542.080000000013,29557.080000000013,29542.080000000013,29555.330000000013,8680
2026-08-27T19:20:00+00:00,29555.330000000013,29561.080000000013,29551.330000000013,29552.580000000013,7438
2026-08-27T19:25:00+00:00,29552.580000000013,29561.830000000013,29544.330000000013,29551.710000000014,9174
2026-08-27T19:30:00+00:00,29551.710000000014,29575.710000000014,29544.460000000014,29573.460000000014,10747
2026-08-27T19:35:00+00:00,29573.460000000014,29580.580000000013,29569.080000000013,29577.830000000013,7205
2026-08-27T19:40:00+00:00,29577.830000000013,29582.330000000013,29571.830000000013,29582.080000000013,7060
2026-08-27T19:45:00+00:00,29582.080000000013,29598.580000000013,29578.830000000013,29597.460000000014,7922
2026-08-27T19:50:00+00:00,29597.460000000014,29633.830000000013,29578.580000000013,29631.580000000013,12080
2026-08-27T19:55:00+00:00,29631.580000000013,29652.830000000013,29622.080000000013,29648.710000000014,19255
2026-08-27T20:00:00+00:00,29648.710000000014,29655.810000000012,29621.18000000001,29623.68000000001,7527
2026-08-27T20:05:00+00:00,29623.68000000001,29638.560000000012,29604.310000000012,29606.060000000012,6039
2026-08-27T20:10:00+00:00,29606.060000000012,29615.310000000012,29596.560000000012,29596.810000000012,3299
2026-08-27T20:15:00+00:00,29596.810000000012,29603.68000000001,29596.060000000012,29598.68000000001,2397
2026-08-27T20:20:00+00:00,29598.68000000001,29599.810000000012,29586.18000000001,29588.18000000001,2157
2026-08-27T20:25:00+00:00,29588.18000000001,29590.810000000012,29583.18000000001,29587.560000000012,2003
2026-08-27T20:30:00+00:00,29587.560000000012,29593.310000000012,29587.560000000012,29590.310000000012,1765
2026-08-27T20:35:00+00:00,29590.310000000012,29591.310000000012,29583.810000000012,29585.310000000012,1366
2026-08-27T20:40:00+00:00,29585.310000000012,29591.810000000012,29584.43000000001,29588.68000000001,1367
2026-08-27T20:45:00+00:00,29588.68000000001,29590.43000000001,29576.560000000012,29579.310000000012,1742
2026-08-27T20:50:00+00:00,29579.310000000012,29581.93000000001,29569.18000000001,29573.560000000012,2143
2026-08-27T20:55:00+00:00,29573.560000000012,29585.130000000012,29573.18000000001,29585.130000000012,1708
2026-08-27T22:00:00+00:00,29585.130000000012,29593.140000000014,29551.010000000013,29565.760000000013,4535
2026-08-27T22:05:00+00:00,29565.760000000013,29576.010000000013,29562.890000000014,29574.140000000014,1942
2026-08-27T22:10:00+00:00,29574.140000000014,29574.640000000014,29561.510000000013,29570.890000000014,1797
2026-08-27T22:15:00+00:00,29570.890000000014,29578.140000000014,29570.260000000013,29575.460000000014,1509
2026-08-27T22:20:00+00:00,29575.460000000014,29585.760000000013,29572.390000000014,29585.010000000013,2012
2026-08-27T22:25:00+00:00,29585.010000000013,29588.140000000014,29571.640000000014,29587.390000000014,1716
2026-08-27T22:30:00+00:00,29587.390000000014,29589.510000000013,29582.210000000014,29584.760000000013,1431
2026-08-27T22:35:00+00:00,29584.760000000013,29588.010000000013,29582.390000000014,29583.640000000014,1088
2026-08-27T22:40:00+00:00,29583.640000000014,29586.510000000013,29579.640000000014,29585.890000000014,944
2026-08-27T22:45:00+00:00,29585.890000000014,29586.010000000013,29582.260000000013,29584.390000000014,865
2026-08-27T22:50:00+00:00,29584.390000000014,29586.010000000013,29580.010000000013,29580.260000000013,1147
2026-08-27T22:55:00+00:00,29580.260000000013,29588.260000000013,29580.260000000013,29583.510000000013,1123
2026-08-27T23:00:00+00:00,29583.510000000013,29586.260000000013,29575.760000000013,29577.010000000013,1260
2026-08-27T23:05:00+00:00,29577.010000000013,29586.390000000014,29574.760000000013,29581.260000000013,1357
2026-08-27T23:10:00+00:00,29581.260000000013,29581.260000000013,29555.640000000014,29565.890000000014,2298
2026-08-27T23:15:00+00:00,29565.890000000014,29565.890000000014,29553.890000000014,29559.640000000014,1305
2026-08-27T23:20:00+00:00,29559.640000000014,29561.890000000014,29558.510000000013,29559.890000000014,754
2026-08-27T23:25:00+00:00,29559.890000000014,29562.890000000014,29555.510000000013,29558.390000000014,1251
2026-08-27T23:30:00+00:00,29558.390000000014,29561.510000000013,29552.510000000013,29554.510000000013,1300
2026-08-27T23:35:00+00:00,29554.510000000013,29560.640000000014,29554.260000000013,29560.010000000013,1063
2026-08-27T23:40:00+00:00,29560.010000000013,29561.140000000014,29553.390000000014,29554.010000000013,877
2026-08-27T23:45:00+00:00,29554.010000000013,29554.260000000013,29542.140000000014,29543.140000000014,4164
2026-08-27T23:50:00+00:00,29543.140000000014,29546.890000000014,29541.760000000013,29543.140000000014,2750
2026-08-27T23:55:00+00:00,29543.140000000014,29550.890000000014,29541.640000000014,29550.890000000014,2678
2026-08-28T00:00:00+00:00,29550.890000000014,29573.760000000013,29544.010000000013,29557.260000000013,10304
2026-08-28T00:05:00+00:00,29557.260000000013,29580.640000000014,29545.640000000014,29573.510000000013,8825
2026-08-28T00:10:00+00:00,29573.510000000013,29604.890000000014,29571.510000000013,29602.640000000014,6318
2026-08-28T00:15:00+00:00,29602.640000000014,29604.890000000014,29574.890000000014,29597.510000000013,8936
2026-08-28T00:20:00+00:00,29597.510000000013,29601.760000000013,29592.260000000013,29594.140000000014,5113
2026-08-28T00:25:00+00:00,29594.140000000014,29603.390000000014,29587.390000000014,29601.760000000013,4852
2026-08-28T00:30:00+00:00,29601.760000000013,29602.640000000014,29591.510000000013,29597.510000000013,4221
2026-08-28T00:35:00+00:00,29597.510000000013,29597.510000000013,29585.140000000014,29590.260000000013,4199
2026-08-28T00:40:00+00:00,29590.260000000013,29607.010000000013,29583.140000000014,29603.510000000013,4837
2026-08-28T00:45:00+00:00,29603.510000000013,29608.510000000013,29593.640000000014,29607.760000000013,5537
2026-08-28T00:50:00+00:00,29607.760000000013,29616.390000000014,29596.010000000013,29596.140000000014,4325
2026-08-28T00:55:00+00:00,29596.140000000014,29601.510000000013,29591.510000000013,29594.010000000013,4814
2026-08-28T01:00:00+00:00,29594.010000000013,29611.260000000013,29591.640000000014,29609.260000000013,6716
2026-08-28T01:05:00+00:00,29609.260000000013,29614.140000000014,29601.010000000013,29613.890000000014,4855
2026-08-28T01:10:00+00:00,29613.890000000014,29619.890000000014,29608.010000000013,29610.010000000013,4308
2026-08-28T01:15:00+00:00,29610.010000000013,29620.010000000013,29608.390000000014,29615.760000000013,4127
2026-08-28T01:20:00+00:00,29615.760000000013,29618.010000000013,29603.510000000013,29608.260000000013,4915
2026-08-28T01:25:00+00:00,29608.260000000013,29608.260000000013,29593.390000000014,29597.890000000014,4574
2026-08-28T01:30:00+00:00,29597.890000000014,29614.140000000014,29593.260000000013,29613.510000000013,5984
2026-08-28T01:35:00+00:00,29613.510000000013,29621.510000000013,29592.640000000014,29595.260000000013,5241
2026-08-28T01:40:00+00:00,29595.260000000013,29606.890000000014,29591.140000000014,29603.510000000013,4753
2026-08-28T01:45:00+00:00,29603.510000000013,29609.890000000014,29593.140000000014,29609.260000000013,5416
2026-08-28T01:50:00+00:00,29609.260000000013,29623.510000000013,29608.640000000014,29622.640000000014,4116
2026-08-28T01:55:00+00:00,29622.640000000014,29627.890000000014,29618.010000000013,29626.390000000014,3579
2026-08-28T02:00:00+00:00,29626.390000000014,29640.390000000014,29626.390000000014,29639.390000000014,4089
2026-08-28T02:05:00+00:00,29639.390000000014,29646.640000000014,29637.010000000013,29644.260000000013,2677
2026-08-28T02:10:00+00:00,29644.260000000013,29648.760000000013,29638.390000000014,29642.760000000013,2616
2026-08-28T02:15:00+00:00,29642.760000000013,29649.140000000014,29641.140000000014,29647.640000000014,2009
2026-08-28T02:20:00+00:00,29647.640000000014,29651.890000000014,29635.890000000014,29645.760000000013,3232
2026-08-28T02:25:00+00:00,29645.760000000013,29647.140000000014,29638.640000000014,29641.390000000014,2474
2026-08-28T02:30:00+00:00,29641.390000000014,29641.390000000014,29623.140000000014,29625.140000000014,2790
2026-08-28T02:35:00+00:00,29625.140000000014,29625.140000000014,29615.010000000013,29616.760000000013,3157
2026-08-28T02:40:00+00:00,29616.760000000013,29618.010000000013,29594.010000000013,29595.890000000014,3755
2026-08-28T02:45:00+00:00,29595.890000000014,29600.260000000013,29594.140000000014,29599.140000000014,2701
2026-08-28T02:50:00+00:00,29599.140000000014,29618.140000000014,29598.390000000014,29611.260000000013,2769
2026-08-28T02:55:00+00:00,29611.260000000013,29619.390000000014,29610.640000000014,29612.510000000013,2325
2026-08-28T03:00:00+00:00,29612.510000000013,29631.890000000014,29610.640000000014,29631.640000000014,3662
2026-08-28T03:05:00+00:00,29631.640000000014,29636.510000000013,29626.640000000014,29634.010000000013,3316
2026-08-28T03:10:00+00:00,29634.010000000013,29651.640000000014,29633.010000000013,29642.890000000014,2798
2026-08-28T03:15:00+00:00,29642.890000000014,29649.890000000014,29639.140000000014,29648.140000000014,2770
2026-08-28T03:20:00+00:00,29648.140000000014,29650.640000000014,29643.390000000014,29648.890000000014,1999
2026-08-28T03:25:00+00:00,29648.890000000014,29655.260000000013,29647.140000000014,29649.390000000014,2180
2026-08-28T03:30:00+00:00,29649.390000000014,29653.390000000014,29632.640000000014,29634.390000000014,2870
2026-08-28T03:35:00+00:00,29634.390000000014,29634.390000000014,29622.140000000014,29624.890000000014,3126
2026-08-28T03:40:00+00:00,29624.890000000014,29625.140000000014,29598.640000000014,29600.890000000014,3804
2026-08-28T03:45:00+00:00,29600.890000000014,29617.890000000014,29589.510000000013,29613.260000000013,3994
2026-08-28T03:50:00+00:00,29613.260000000013,29623.260000000013,29612.760000000013,29621.390000000014,2979
2026-08-28T03:55:00+00:00,29621.390000000014,29625.390000000014,29615.890000000014,29617.510000000013,3201
2026-08-28T04:00:00+00:00,29617.510000000013,29620.140000000014,29596.890000000014,29599.390000000014,3785
2026-08-28T04:05:00+00:00,29599.390000000014,29601.640000000014,29593.260000000013,29596.890000000014,2947
2026-08-28T04:10:00+00:00,29596.890000000014,29615.890000000014,29596.760000000013,29610.390000000014,2725
2026-08-28T04:15:00+00:00,29610.390000000014,29618.390000000014,29606.890000000014,29612.140000000014,3223
2026-08-28T04:20:00+00:00,29612.140000000014,29615.260000000013,29607.760000000013,29610.390000000014,3220
2026-08-28T04:25:00+00:00,29610.390000000014,29613.890000000014,29606.010000000013,29608.890000000014,3181
2026-08-28T04:30:00+00:00,29608.890000000014,29610.140000000014,29594.510000000013,29595.140000000014,3084
2026-08-28T04:35:00+00:00,29595.140000000014,29601.140000000014,29590.890000000014,29596.140000000014,2766
2026-08-28T04:40:00+00:00,29596.140000000014,29598.510000000013,29589.260000000013,29593.140000000014,2658
2026-08-28T04:45:00+00:00,29593.140000000014,29598.260000000013,29591.140000000014,29592.760000000013,2454
2026-08-28T04:50:00+00:00,29592.760000000013,29595.890000000014,29589.890000000014,29591.890000000014,2176
2026-08-28T04:55:00+00:00,29591.890000000014,29594.390000000014,29585.640000000014,29590.890000000014,2491
2026-08-28T05:00:00+00:00,29590.890000000014,29593.010000000013,29578.640000000014,29585.010000000013,4385
2026-08-28T05:05:00+00:00,29585.010000000013,29585.890000000014,29575.010000000013,29576.760000000013,2826
2026-08-28T05:10:00+00:00,29576.760000000013,29578.510000000013,29570.140000000014,29573.640000000014,3572
2026-08-28T05:15:00+00:00,29573.640000000014,29577.510000000013,29566.390000000014,29567.140000000014,3197
2026-08-28T05:20:00+00:00,29567.140000000014,29572.640000000014,29561.010000000013,29570.640000000014,3122
2026-08-28T05:25:00+00:00,29570.640000000014,29576.890000000014,29563.760000000013,29572.640000000014,3731
2026-08-28T05:30:00+00:00,29572.640000000014,29574.140000000014,29565.640000000014,29567.010000000013,3883
2026-08-28T05:35:00+00:00,29567.010000000013,29568.760000000013,29553.010000000013,29557.140000000014,3846
2026-08-28T05:40:00+00:00,29557.140000000014,29562.890000000014,29554.890000000014,29562.140000000014,2868
2026-08-28T05:45:00+00:00,29562.140000000014,29562.390000000014,29553.010000000013,29555.390000000014,2169
2026-08-28T05:50:00+00:00,29555.390000000014,29560.890000000014,29548.260000000013,29557.390000000014,2133
2026-08-28T05:55:00+00:00,29557.390000000014,29558.510000000013,29547.010000000013,29547.640000000014,2548
2026-08-28T06:00:00+00:00,29547.640000000014,29562.140000000014,29544.010000000013,29560.390000000014,3693
2026-08-28T06:05:00+00:00,29560.390000000014,29561.890000000014,29550.890000000014,29557.140000000014,3218
2026-08-28T06:10:00+00:00,29557.140000000014,29566.890000000014,29552.010000000013,29552.010000000013,3307
2026-08-28T06:15:00+00:00,29552.010000000013,29566.640000000014,29550.760000000013,29561.390000000014,3631
2026-08-28T06:20:00+00:00,29561.390000000014,29572.890000000014,29559.510000000013,29565.140000000014,3324
2026-08-28T06:25:00+00:00,29565.140000000014,29566.260000000013,29544.010000000013,29546.010000000013,3919
2026-08-28T06:30:00+00:00,29546.010000000013,29569.390000000014,29546.010000000013,29566.260000000013,5481
2026-08-28T06:35:00+00:00,29566.260000000013,29569.640000000014,29559.510000000013,29559.890000000014,3163
2026-08-28T06:40:00+00:00,29559.890000000014,29571.760000000013,29545.640000000014,29569.390000000014,4176
2026-08-28T06:45:00+00:00,29569.390000000014,29576.890000000014,29564.640000000014,29574.140000000014,4210
2026-08-28T06:50:00+00:00,29574.140000000014,29577.010000000013,29569.510000000013,29575.010000000013,2692
2026-08-28T06:55:00+00:00,29575.010000000013,29594.760000000013,29575.010000000013,29594.140000000014,2817
2026-08-28T07:00:00+00:00,29594.140000000014,29602.390000000014,29574.640000000014,29577.890000000014,7378
2026-08-28T07:05:00+00:00,29577.890000000014,29580.140000000014,29557.640000000014,29561.010000000013,5424
2026-08-28T07:10:00+00:00,29561.010000000013,29567.260000000013,29555.640000000014,29561.390000000014,4840
2026-08-28T07:15:00+00:00,29561.390000000014,29566.510000000013,29553.890000000014,29561.890000000014,4864
2026-08-28T07:20:00+00:00,29561.890000000014,29565.890000000014,29552.140000000014,29564.510000000013,4406
2026-08-28T07:25:00+00:00,29564.510000000013,29573.260000000013,29561.890000000014,29563.260000000013,3805
2026-08-28T07:30:00+00:00,29563.260000000013,29569.510000000013,29556.760000000013,29557.010000000013,4076
2026-08-28T07:35:00+00:00,29557.010000000013,29570.140000000014,29556.140000000014,29558.390000000014,4215
2026-08-28T07:40:00+00:00,29558.390000000014,29559.390000000014,29543.010000000013,29546.640000000014,4537
2026-08-28T07:45:00+00:00,29546.640000000014,29573.640000000014,29544.760000000013,29573.390000000014,4405
2026-08-28T07:50:00+00:00,29573.390000000014,29574.640000000014,29550.510000000013,29562.260000000013,4425
2026-08-28T07:55:00+00:00,29562.260000000013,29563.510000000013,29549.260000000013,29556.140000000014,4174
2026-08-28T08:00:00+00:00,29556.140000000014,29569.640000000014,29536.260000000013,29541.510000000013,9548
2026-08-28T08:05:00+00:00,29541.510000000013,29541.760000000013,29527.760000000013,29538.760000000013,5575
2026-08-28T08:10:00+00:00,29538.760000000013,29555.510000000013,29531.010000000013,29535.140000000014,6381
2026-08-28T08:15:00+00:00,29535.140000000014,29543.760000000013,29531.640000000014,29535.260000000013,5288
2026-08-28T08:20:00+00:00,29535.260000000013,29549.010000000013,29531.760000000013,29545.140000000014,4991
2026-08-28T08:25:00+00:00,29545.140000000014,29554.510000000013,29540.510000000013,29547.390000000014,4333
2026-08-28T08:30:00+00:00,29547.390000000014,29580.640000000014,29545.260000000013,29580.390000000014,4957
2026-08-28T08:35:00+00:00,29580.390000000014,29582.390000000014,29573.760000000013,29575.010000000013,3707
2026-08-28T08:40:00+00:00,29575.010000000013,29577.890000000014,29571.640000000014,29572.760000000013,2186
2026-08-28T08:45:00+00:00,29572.760000000013,29573.760000000013,29557.010000000013,29560.890000000014,3902
2026-08-28T08:50:00+00:00,29560.890000000014,29570.760000000013,29552.260000000013,29558.640000000014,3400
2026-08-28T08:55:00+00:00,29558.640000000014,29572.760000000013,29556.640000000014,29568.760000000013,2461
2026-08-28T09:00:00+00:00,29568.760000000013,29569.260000000013,29554.260000000013,29556.010000000013,4416
2026-08-28T09:05:00+00:00,29556.010000000013,29563.760000000013,29553.510000000013,29557.140000000014,4080
2026-08-28T09:10:00+00:00,29557.140000000014,29566.890000000014,29553.010000000013,29555.390000000014,3428
2026-08-28T09:15:00+00:00,29555.390000000014,29560.640000000014,29550.890000000014,29553.390000000014,3442
2026-08-28T09:20:00+00:00,29553.390000000014,29564.010000000013,29544.760000000013,29560.390000000014,3224
2026-08-28T09:25:00+00:00,29560.390000000014,29569.890000000014,29556.390000000014,29564.390000000014,3257
2026-08-28T09:30:00+00:00,29564.390000000014,29567.510000000013,29554.640000000014,29566.760000000013,3484
2026-08-28T09:35:00+00:00,29566.760000000013,29567.010000000013,29553.010000000013,29556.390000000014,3308
2026-08-28T09:40:00+00:00,29556.390000000014,29559.640000000014,29551.890000000014,29556.260000000013,2863
2026-08-28T09:45:00+00:00,29556.260000000013,29560.140000000014,29549.010000000013,29554.640000000014,3734
2026-08-28T09:50:00+00:00,29554.640000000014,29569.260000000013,29554.640000000014,29562.260000000013,3640
2026-08-28T09:55:00+00:00,29562.260000000013,29563.260000000013,29553.890000000014,29555.640000000014,3152
2026-08-28T10:00:00+00:00,29555.640000000014,29555.760000000013,29546.640000000014,29549.510000000013,3251
2026-08-28T10:05:00+00:00,29549.510000000013,29558.010000000013,29542.390000000014,29548.510000000013,4001
2026-08-28T10:10:00+00:00,29548.510000000013,29559.390000000014,29544.010000000013,29553.390000000014,3634
2026-08-28T10:15:00+00:00,29553.390000000014,29558.510000000013,29547.140000000014,29547.510000000013,2788
2026-08-28T10:20:00+00:00,29547.510000000013,29566.140000000014,29547.140000000014,29564.260000000013,2771
2026-08-28T10:25:00+00:00,29564.260000000013,29564.260000000013,29555.890000000014,29560.390000000014,2906
2026-08-28T10:30:00+00:00,29560.390000000014,29571.890000000014,29560.010000000013,29562.510000000013,3257
2026-08-28T10:35:00+00:00,29562.510000000013,29570.390000000014,29555.640000000014,29569.390000000014,2755
2026-08-28T10:40:00+00:00,29569.390000000014,29569.390000000014,29550.260000000013,29550.640000000014,4019
2026-08-28T10:45:00+00:00,29550.640000000014,29560.140000000014,29548.510000000013,29553.890000000014,3910
2026-08-28T10:50:00+00:00,29553.890000000014,29554.510000000013,29547.390000000014,29552.640000000014,2791
2026-08-28T10:55:00+00:00,29552.640000000014,29573.390000000014,29552.510000000013,29570.640000000014,3085
2026-08-28T11:00:00+00:00,29570.640000000014,29583.640000000014,29553.390000000014,29576.510000000013,6719
2026-08-28T11:05:00+00:00,29576.510000000013,29576.510000000013,29549.140000000014,29550.510000000013,4276
2026-08-28T11:10:00+00:00,29550.510000000013,29565.640000000014,29547.640000000014,29563.390000000014,3816
2026-08-28T11:15:00+00:00,29563.390000000014,29573.640000000014,29563.390000000014,29573.640000000014,3282
2026-08-28T11:20:00+00:00,29573.640000000014,29585.260000000013,29573.390000000014,29584.890000000014,2908
2026-08-28T11:25:00+00:00,29584.890000000014,29585.510000000013,29578.890000000014,29583.010000000013,3020
2026-08-28T11:30:00+00:00,29583.010000000013,29588.640000000014,29569.140000000014,29569.640000000014,3179
2026-08-28T11:35:00+00:00,29569.640000000014,29570.640000000014,29563.260000000013,29567.010000000013,3400
2026-08-28T11:40:00+00:00,29567.010000000013,29572.640000000014,29556.890000000014,29559.260000000013,3543
2026-08-28T11:45:00+00:00,29559.260000000013,29563.890000000014,29556.640000000014,29560.760000000013,3807
2026-08-28T11:50:00+00:00,29560.760000000013,29563.890000000014,29553.640000000014,29561.390000000014,3792
2026-08-28T11:55:00+00:00,29561.390000000014,29561.390000000014,29547.640000000014,29551.760000000013,3998
2026-08-28T12:00:00+00:00,29551.760000000013,29564.390000000014,29547.890000000014,29562.390000000014,3839
2026-08-28T12:05:00+00:00,29562.390000000014,29577.640000000014,29561.140000000014,29577.140000000014,3593
2026-08-28T12:10:00+00:00,29577.140000000014,29581.640000000014,29563.640000000014,29579.760000000013,4914
2026-08-28T12:15:00+00:00,29579.760000000013,29594.510000000013,29577.390000000014,29589.890000000014,3819
2026-08-28T12:20:00+00:00,29589.890000000014,29609.640000000014,29589.390000000014,29606.760000000013,4160
2026-08-28T12:25:00+00:00,29606.760000000013,29610.890000000014,29598.390000000014,29610.890000000014,3890
2026-08-28T12:30:00+00:00,29610.890000000014,29610.890000000014,29577.890000000014,29578.140000000014,5858
2026-08-28T12:35:00+00:00,29578.140000000014,29586.890000000014,29564.390000000014,29582.260000000013,5120
2026-08-28T12:40:00+00:00,29582.260000000013,29609.390000000014,29579.640000000014,29607.640000000014,4304
2026-08-28T12:45:00+00:00,29607.640000000014,29611.640000000014,29598.890000000014,29608.760000000013,4440
2026-08-28T12:50:00+00:00,29608.760000000013,29613.140000000014,29604.390000000014,29609.010000000013,4009
2026-08-28T12:55:00+00:00,29609.010000000013,29613.260000000013,29602.260000000013,29607.890000000014,4560
2026-08-28T13:00:00+00:00,29607.890000000014,29630.260000000013,29599.760000000013,29613.640000000014,8802
2026-08-28T13:05:00+00:00,29613.640000000014,29616.510000000013,29601.140000000014,29603.390000000014,6141
2026-08-28T13:10:00+00:00,29603.390000000014,29611.010000000013,29603.390000000014,29609.890000000014,5101
2026-08-28T13:15:00+00:00,29609.890000000014,29611.890000000014,29599.760000000013,29601.640000000014,4643
2026-08-28T13:20:00+00:00,29601.640000000014,29607.140000000014,29592.760000000013,29596.010000000013,5035
2026-08-28T13:25:00+00:00,29596.010000000013,29596.010000000013,29571.890000000014,29578.640000000014,10748
2026-08-28T13:30:00+00:00,29578.640000000014,29583.79000000001,29513.29000000001,29554.54000000001,62004
2026-08-28T13:35:00+00:00,29554.54000000001,29609.29000000001,29536.79000000001,29601.41000000001,50245
2026-08-28T13:40:00+00:00,29601.41000000001,29649.91000000001,29599.41000000001,29637.16000000001,29936
2026-08-28T13:45:00+00:00,29637.16000000001,29650.91000000001,29605.66000000001,29607.79000000001,38337
2026-08-28T13:50:00+00:00,29607.79000000001,29618.04000000001,29575.66000000001,29583.79000000001,34115
2026-08-28T13:55:00+00:00,29583.79000000001,29617.16000000001,29575.710000000014,29578.710000000014,23641
2026-08-28T14:00:00+00:00,29578.710000000014,29653.66000000001,29548.04000000001,29579.04000000001,63624
2026-08-28T14:05:00+00:00,29579.04000000001,29580.29000000001,29509.79000000001,29532.79000000001,58406
2026-08-28T14:10:00+00:00,29532.79000000001,29550.79000000001,29455.91000000001,29487.29000000001,51472
2026-08-28T14:15:00+00:00,29487.29000000001,29576.29000000001,29481.79000000001,29556.04000000001,48885
2026-08-28T14:20:00+00:00,29556.04000000001,29623.91000000001,29554.16000000001,29592.66000000001,44075
2026-08-28T14:25:00+00:00,29592.66000000001,29603.04000000001,29554.91000000001,29601.91000000001,48976
2026-08-28T14:30:00+00:00,29601.91000000001,29637.29000000001,29581.79000000001,29633.54000000001,47586
2026-08-28T14:35:00+00:00,29633.54000000001,29661.79000000001,29623.04000000001,29629.41000000001,31655
2026-08-28T14:40:00+00:00,29629.41000000001,29692.16000000001,29626.41000000001,29684.54000000001,30657
2026-08-28T14:45:00+00:00,29684.54000000001,29704.41000000001,29675.04000000001,29699.79000000001,27388
2026-08-28T14:50:00+00:00,29699.79000000001,29727.91000000001,29693.91000000001,29719.41000000001,24385
2026-08-28T14:55:00+00:00,29719.41000000001,29747.54000000001,29717.41000000001,29746.66000000001,21382
2026-08-28T15:00:00+00:00,29746.66000000001,29760.29000000001,29729.04000000001,29746.91000000001,26169
2026-08-28T15:05:00+00:00,29746.91000000001,29752.79000000001,29705.16000000001,29711.29000000001,21349
2026-08-28T15:10:00+00:00,29711.29000000001,29721.16000000001,29685.16000000001,29697.66000000001,25219
2026-08-28T15:15:00+00:00,29697.66000000001,29724.29000000001,29696.16000000001,29697.54000000001,25643
2026-08-28T15:20:00+00:00,29697.54000000001,29722.66000000001,29688.54000000001,29717.54000000001,20177
2026-08-28T15:25:00+00:00,29717.54000000001,29741.04000000001,29714.04000000001,29732.66000000001,17842
2026-08-28T15:30:00+00:00,29732.66000000001,29735.04000000001,29712.91000000001,29713.16000000001,17872
2026-08-28T15:35:00+00:00,29713.16000000001,29718.79000000001,29666.41000000001,29671.54000000001,19782
2026-08-28T15:40:00+00:00,29671.54000000001,29671.79000000001,29614.79000000001,29620.91000000001,30880
2026-08-28T15:45:00+00:00,29620.91000000001,29631.79000000001,29578.54000000001,29583.41000000001,29876
2026-08-28T15:50:00+00:00,29583.41000000001,29596.41000000001,29535.66000000001,29568.41000000001,30591
2026-08-28T15:55:00+00:00,29568.41000000001,29569.29000000001,29495.16000000001,29502.79000000001,33373
2026-08-28T16:00:00+00:00,29502.79000000001,29514.16000000001,29459.54000000001,29482.29000000001,38910
2026-08-28T16:05:00+00:00,29482.29000000001,29540.54000000001,29478.91000000001,29535.54000000001,26970
2026-08-28T16:10:00+00:00,29535.54000000001,29540.41000000001,29504.54000000001,29508.04000000001,26988
2026-08-28T16:15:00+00:00,29508.04000000001,29519.79000000001,29443.16000000001,29460.16000000001,32164
2026-08-28T16:20:00+00:00,29460.16000000001,29472.91000000001,29415.16000000001,29437.04000000001,36193
2026-08-28T16:25:00+00:00,29437.04000000001,29453.79000000001,29426.29000000001,29438.54000000001,32247
2026-08-28T16:30:00+00:00,29438.54000000001,29475.41000000001,29425.91000000001,29426.54000000001,28103
2026-08-28T16:35:00+00:00,29426.54000000001,29478.66000000001,29426.04000000001,29461.66000000001,24144
2026-08-28T16:40:00+00:00,29461.66000000001,29461.66000000001,29424.79000000001,29433.29000000001,23142
2026-08-28T16:45:00+00:00,29433.29000000001,29494.54000000001,29433.29000000001,29486.91000000001,23044
2026-08-28T16:50:00+00:00,29486.91000000001,29498.54000000001,29457.16000000001,29462.29000000001,22250
2026-08-28T16:55:00+00:00,29462.29000000001,29473.41000000001,29450.41000000001,29451.54000000001,22403
2026-08-28T17:00:00+00:00,29451.54000000001,29451.66000000001,29396.16000000001,29418.41000000001,33163
2026-08-28T17:05:00+00:00,29418.41000000001,29419.04000000001,29388.79000000001,29400.16000000001,24043
2026-08-28T17:10:00+00:00,29400.16000000001,29434.04000000001,29389.91000000001,29434.04000000001,23098
2026-08-28T17:15:00+00:00,29434.04000000001,29439.41000000001,29414.04000000001,29428.16000000001,22047
2026-08-28T17:20:00+00:00,29428.16000000001,29436.04000000001,29402.16000000001,29424.91000000001,20834
2026-08-28T17:25:00+00:00,29424.91000000001,29444.29000000001,29411.79000000001,29419.41000000001,18496
2026-08-28T17:30:00+00:00,29419.41000000001,29453.16000000001,29415.16000000001,29445.91000000001,16229
2026-08-28T17:35:00+00:00,29445.91000000001,29453.91000000001,29411.16000000001,29413.91000000001,16696
2026-08-28T17:40:00+00:00,29413.91000000001,29441.04000000001,29411.91000000001,29433.41000000001,15554
2026-08-28T17:45:00+00:00,29433.41000000001,29477.66000000001,29425.79000000001,29473.16000000001,12084
2026-08-28T17:50:00+00:00,29473.16000000001,29478.41000000001,29462.04000000001,29467.04000000001,10243
2026-08-28T17:55:00+00:00,29467.04000000001,29468.16000000001,29444.29000000001,29464.41000000001,12801
2026-08-28T18:00:00+00:00,29464.41000000001,29470.66000000001,29445.29000000001,29452.41000000001,14050
2026-08-28T18:05:00+00:00,29452.41000000001,29466.16000000001,29444.79000000001,29455.66000000001,14361
2026-08-28T18:10:00+00:00,29455.66000000001,29468.04000000001,29438.79000000001,29438.79000000001,11088
2026-08-28T18:15:00+00:00,29438.79000000001,29454.16000000001,29432.91000000001,29444.04000000001,11916
2026-08-28T18:20:00+00:00,29444.04000000001,29453.91000000001,29421.16000000001,29430.66000000001,12769
2026-08-28T18:25:00+00:00,29430.66000000001,29445.91000000001,29422.79000000001,29433.16000000001,13612
2026-08-28T18:30:00+00:00,29433.16000000001,29451.91000000001,29429.16000000001,29446.91000000001,12103
2026-08-28T18:35:00+00:00,29446.91000000001,29456.29000000001,29428.91000000001,29429.16000000001,10976
2026-08-28T18:40:00+00:00,29429.16000000001,29448.29000000001,29425.91000000001,29440.79000000001,9894
2026-08-28T18:45:00+00:00,29440.79000000001,29443.16000000001,29413.91000000001,29414.91000000001,9575
2026-08-28T18:50:00+00:00,29414.91000000001,29415.41000000001,29392.66000000001,29403.41000000001,13631
2026-08-28T18:55:00+00:00,29403.41000000001,29411.91000000001,29392.91000000001,29405.04000000001,12566
2026-08-28T19:00:00+00:00,29405.04000000001,29420.54000000001,29393.41000000001,29412.41000000001,13557
2026-08-28T19:05:00+00:00,29412.41000000001,29440.41000000001,29404.91000000001,29439.79000000001,11760
2026-08-28T19:10:00+00:00,29439.79000000001,29440.54000000001,29414.91000000001,29428.91000000001,11146
2026-08-28T19:15:00+00:00,29428.91000000001,29433.54000000001,29414.41000000001,29428.66000000001,9498
2026-08-28T19:20:00+00:00,29428.66000000001,29446.16000000001,29426.41000000001,29435.54000000001,9128
2026-08-28T19:25:00+00:00,29435.54000000001,29451.16000000001,29433.29000000001,29448.29000000001,8703
2026-08-28T19:30:00+00:00,29448.29000000001,29452.91000000001,29434.91000000001,29447.16000000001,12984
2026-08-28T19:35:00+00:00,29447.16000000001,29451.54000000001,29432.91000000001,29450.91000000001,10080
2026-08-28T19:40:00+00:00,29450.91000000001,29462.66000000001,29450.04000000001,29452.54000000001,9422
2026-08-28T19:45:00+00:00,29452.54000000001,29455.66000000001,29424.41000000001,29440.91000000001,11724
2026-08-28T19:50:00+00:00,29440.91000000001,29468.91000000001,29432.04000000001,29441.04000000001,17953
2026-08-28T19:55:00+00:00,29441.04000000001,29463.41000000001,29433.66000000001,29446.04000000001,20716
2026-08-28T20:00:00+00:00,29446.04000000001,29456.390000000014,29437.260000000013,29442.890000000014,8193
2026-08-28T20:05:00+00:00,29442.890000000014,29442.890000000014,29427.510000000013,29432.010000000013,4250
2026-08-28T20:10:00+00:00,29432.010000000013,29441.260000000013,29430.390000000014,29437.260000000013,4014
2026-08-28T20:15:00+00:00,29437.260000000013,29441.140000000014,29433.27,29437.77,2208
2026-08-28T20:20:00+00:00,29437.77,29439.52,29434.65,29438.27,1993
2026-08-28T20:25:00+00:00,29438.27,29441.4,29434.52,29439.65,1818
2026-08-28T20:30:00+00:00,29439.65,29440.65,29433.77,29435.4,2213
2026-08-28T20:35:00+00:00,29435.4,29446.9,29434.27,29440.15,2369
2026-08-28T20:40:00+00:00,29440.15,29456.27,29439.27,29455.72,2000
2026-08-30T22:00:00+00:00,29455.72,29500.260000000002,29412.010000000002,29422.010000000002,8223
2026-08-30T22:05:00+00:00,29422.010000000002,29429.010000000002,29405.260000000002,29415.190000000002,3624
2026-08-30T22:10:00+00:00,29415.190000000002,29427.81,29404.260000000002,29427.440000000002,3177
2026-08-30T22:15:00+00:00,29427.440000000002,29446.06,29424.010000000002,29442.190000000002,2346
2026-08-30T22:20:00+00:00,29442.190000000002,29451.56,29436.260000000002,29437.06,2366
2026-08-30T22:25:00+00:00,29437.06,29439.81,29428.06,29430.81,2025
2026-08-30T22:30:00+00:00,29430.81,29433.31,29409.440000000002,29412.190000000002,2443
2026-08-30T22:35:00+00:00,29412.190000000002,29419.81,29390.06,29403.440000000002,3830
2026-08-30T22:40:00+00:00,29403.440000000002,29410.81,29385.690000000002,29393.690000000002,3803
2026-08-30T22:45:00+00:00,29393.690000000002,29410.06,29391.690000000002,29399.940000000002,2479
2026-08-30T22:50:00+00:00,29399.940000000002,29404.06,29395.010000000002,29403.190000000002,1621
2026-08-30T22:55:00+00:00,29403.190000000002,29404.440000000002,29394.06,29399.940000000002,1377
2026-08-30T23:00:00+00:00,29399.940000000002,29401.31,29386.190000000002,29389.81,2264
2026-08-30T23:05:00+00:00,29389.81,29405.31,29388.06,29391.81,2009
2026-08-30T23:10:00+00:00,29391.81,29393.56,29363.510000000002,29367.440000000002,3300
2026-08-30T23:15:00+00:00,29367.440000000002,29373.06,29365.31,29369.690000000002,2102
2026-08-30T23:20:00+00:00,29369.690000000002,29370.81,29328.690000000002,29337.56,4263
2026-08-30T23:25:00+00:00,29337.56,29341.81,29327.260000000002,29329.06,2663
2026-08-30T23:30:00+00:00,29329.06,29329.690000000002,29305.690000000002,29317.31,4744
2026-08-30T23:35:00+00:00,29317.31,29331.81,29312.56,29315.440000000002,3403
2026-08-30T23:40:00+00:00,29315.440000000002,29322.940000000002,29279.010000000002,29311.440000000002,4435
2026-08-30T23:45:00+00:00,29311.440000000002,29312.690000000002,29258.940000000002,29267.81,8211
2026-08-30T23:50:00+00:00,29267.81,29287.940000000002,29265.010000000002,29281.440000000002,6064
2026-08-30T23:55:00+00:00,29281.440000000002,29281.440000000002,29246.56,29246.81,6171
2026-08-31T00:00:00+00:00,29246.81,29258.690000000002,29230.940000000002,29248.56,11046
2026-08-31T00:05:00+00:00,29248.56,29264.190000000002,29230.81,29258.31,8524
2026-08-31T00:10:00+00:00,29258.31,29303.06,29255.260000000002,29297.06,6454
2026-08-31T00:15:00+00:00,29297.06,29323.940000000002,29290.940000000002,29301.190000000002,5743
2026-08-31T00:20:00+00:00,29301.190000000002,29333.190000000002,29298.56,29332.190000000002,6052
2026-08-31T00:25:00+00:00,29332.190000000002,29334.440000000002,29310.440000000002,29327.940000000002,5810
2026-08-31T00:30:00+00:00,29327.940000000002,29354.690000000002,29324.190000000002,29348.190000000002,6702
2026-08-31T00:35:00+00:00,29348.190000000002,29355.440000000002,29344.690000000002,29351.06,4644
2026-08-31T00:40:00+00:00,29351.06,29355.31,29336.31,29346.690000000002,4728
2026-08-31T00:45:00+00:00,29346.690000000002,29348.940000000002,29326.56,29329.190000000002,5140
2026-08-31T00:50:00+00:00,29329.190000000002,29350.06,29325.56,29342.06,5297
2026-08-31T00:55:00+00:00,29342.06,29344.06,29307.440000000002,29314.56,5681
2026-08-31T01:00:00+00:00,29314.56,29315.31,29261.81,29302.440000000002,10434
2026-08-31T01:05:00+00:00,29302.440000000002,29302.81,29265.940000000002,29272.440000000002,9725
2026-08-31T01:10:00+00:00,29272.440000000002,29286.81,29249.56,29280.190000000002,9062
2026-08-31T01:15:00+00:00,29280.190000000002,29292.440000000002,29262.940000000002,29287.06,11699
2026-08-31T01:20:00+00:00,29287.06,29296.940000000002,29260.31,29282.56,10461
2026-08-31T01:25:00+00:00,29282.56,29296.190000000002,29265.690000000002,29287.190000000002,6857
2026-08-31T01:30:00+00:00,29287.190000000002,29293.690000000002,29266.190000000002,29269.440000000002,10069
2026-08-31T01:35:00+00:00,29269.440000000002,29289.690000000002,29263.81,29284.940000000002,9805
2026-08-31T01:40:00+00:00,29284.940000000002,29294.81,29267.690000000002,29269.940000000002,9337
2026-08-31T01:45:00+00:00,29269.940000000002,29286.190000000002,29259.940000000002,29269.690000000002,8133
2026-08-31T01:50:00+00:00,29269.690000000002,29279.06,29258.81,29266.31,8388
2026-08-31T01:55:00+00:00,29266.31,29285.31,29262.690000000002,29281.190000000002,7399
2026-08-31T02:00:00+00:00,29281.190000000002,29293.440000000002,29265.940000000002,29292.940000000002,9025
2026-08-31T02:05:00+00:00,29292.940000000002,29315.690000000002,29289.010000000002,29310.440000000002,6518
2026-08-31T02:10:00+00:00,29310.440000000002,29319.56,29295.690000000002,29313.690000000002,5082
2026-08-31T02:15:00+00:00,29313.690000000002,29314.940000000002,29272.760000000002,29298.190000000002,6307
2026-08-31T02:20:00+00:00,29298.190000000002,29298.190000000002,29277.690000000002,29280.81,5965
2026-08-31T02:25:00+00:00,29280.81,29293.440000000002,29261.56,29284.440000000002,6256
2026-08-31T02:30:00+00:00,29284.440000000002,29292.440000000002,29254.81,29257.190000000002,6021
2026-08-31T02:35:00+00:00,29257.190000000002,29264.690000000002,29245.940000000002,29251.940000000002,6358
2026-08-31T02:40:00+00:00,29251.940000000002,29258.190000000002,29244.31,29253.56,3942
2026-08-31T02:45:00+00:00,29253.56,29282.940000000002,29245.510000000002,29253.81,6210
2026-08-31T02:50:00+00:00,29253.81,29278.31,29248.690000000002,29274.56,5950
2026-08-31T02:55:00+00:00,29274.56,29303.440000000002,29272.940000000002,29301.31,4359
2026-08-31T03:00:00+00:00,29301.31,29315.690000000002,29293.81,29307.56,3580
2026-08-31T03:05:00+00:00,29307.56,29319.31,29302.940000000002,29318.190000000002,3057
2026-08-31T03:10:00+00:00,29318.190000000002,29324.31,29310.440000000002,29312.690000000002,2974
2026-08-31T03:15:00+00:00,29312.690000000002,29314.940000000002,29303.440000000002,29305.06,3130
2026-08-31T03:20:00+00:00,29305.06,29313.31,29303.440000000002,29310.81,3092
2026-08-31T03:25:00+00:00,29310.81,29315.190000000002,29300.190000000002,29301.06,2558
2026-08-31T03:30:00+00:00,29301.06,29307.690000000002,29296.81,29302.940000000002,3399
2026-08-31T03:35:00+00:00,29302.940000000002,29308.31,29294.690000000002,29299.81,4005
2026-08-31T03:40:00+00:00,29299.81,29307.190000000002,29296.56,29303.690000000002,4052
2026-08-31T03:45:00+00:00,29303.690000000002,29306.31,29295.81,29301.81,3454
2026-08-31T03:50:00+00:00,29301.81,29305.940000000002,29296.31,29303.56,2799
2026-08-31T03:55:00+00:00,29303.56,29311.06,29302.81,29308.81,2913
2026-08-31T04:00:00+00:00,29308.81,29311.440000000002,29300.06,29304.690000000002,3047
2026-08-31T04:05:00+00:00,29304.690000000002,29308.440000000002,29297.81,29307.31,2630
2026-08-31T04:10:00+00:00,29307.31,29311.56,29299.440000000002,29311.440000000002,2353
2026-08-31T04:15:00+00:00,29311.440000000002,29314.06,29299.940000000002,29308.690000000002,2479
2026-08-31T04:20:00+00:00,29308.690000000002,29311.56,29300.81,29306.690000000002,1802
2026-08-31T04:25:00+00:00,29306.690000000002,29310.940000000002,29301.81,29304.31,2476
2026-08-31T04:30:00+00:00,29304.31,29308.81,29291.31,29295.31,2503
2026-08-31T04:35:00+00:00,29295.31,29340.56,29294.06,29338.31,3955
2026-08-31T04:40:00+00:00,29338.31,29341.56,29326.940000000002,29339.440000000002,3865
2026-08-31T04:45:00+00:00,29339.440000000002,29339.440000000002,29322.940000000002,29325.940000000002,2819
2026-08-31T04:50:00+00:00,29325.940000000002,29353.440000000002,29325.31,29351.81,3189
2026-08-31T04:55:00+00:00,29351.81,29380.81,29351.190000000002,29372.56,3285
2026-08-31T05:00:00+00:00,29372.56,29387.190000000002,29364.690000000002,29383.56,4984
2026-08-31T05:05:00+00:00,29383.56,29394.940000000002,29375.190000000002,29377.190000000002,3434
2026-08-31T05:10:00+00:00,29377.190000000002,29401.81,29374.06,29400.56,3433
2026-08-31T05:15:00+00:00,29400.56,29433.81,29399.06,29428.940000000002,3617
2026-08-31T05:20:00+00:00,29428.940000000002,29429.440000000002,29412.56,29424.06,3803
2026-08-31T05:25:00+00:00,29424.06,29433.940000000002,29420.56,29427.440000000002,3769
2026-08-31T05:30:00+00:00,29427.440000000002,29431.31,29400.81,29408.440000000002,5736
2026-08-31T05:35:00+00:00,29408.440000000002,29409.31,29395.81,29399.06,3847
2026-08-31T05:40:00+00:00,29399.06,29413.31,29383.440000000002,29398.81,4199
2026-08-31T05:45:00+00:00,29398.81,29409.190000000002,29393.690000000002,29396.31,4008
2026-08-31T05:50:00+00:00,29396.31,29405.31,29389.31,29404.940000000002,3368
2026-08-31T05:55:00+00:00,29404.940000000002,29419.690000000002,29401.56,29418.56,2522
2026-08-31T06:00:00+00:00,29418.56,29425.31,29406.31,29424.940000000002,5142
2026-08-31T06:05:00+00:00,29424.940000000002,29446.190000000002,29423.940000000002,29443.190000000002,4176
2026-08-31T06:10:00+00:00,29443.190000000002,29459.440000000002,29442.56,29457.940000000002,3324
2026-08-31T06:15:00+00:00,29457.940000000002,29471.81,29457.440000000002,29468.31,3943
2026-08-31T06:20:00+00:00,29468.31,29475.190000000002,29462.31,29470.81,3786
2026-08-31T06:25:00+00:00,29470.81,29471.190000000002,29458.81,29470.06,3435
2026-08-31T06:30:00+00:00,29470.06,29471.690000000002,29452.81,29457.06,3845
2026-08-31T06:35:00+00:00,29457.06,29475.690000000002,29455.81,29475.190000000002,3178
2026-08-31T06:40:00+00:00,29475.190000000002,29475.190000000002,29461.690000000002,29464.690000000002,2158
2026-08-31T06:45:00+00:00,29464.690000000002,29485.190000000002,29462.440000000002,29469.06,3039
2026-08-31T06:50:00+00:00,29469.06,29474.440000000002,29460.56,29473.940000000002,2333
2026-08-31T06:55:00+00:00,29473.940000000002,29476.81,29469.31,29473.940000000002,2649
2026-08-31T07:00:00+00:00,29473.940000000002,29476.190000000002,29460.81,29466.81,5103
2026-08-31T07:05:00+00:00,29466.81,29477.940000000002,29457.81,29464.81,4624
2026-08-31T07:10:00+00:00,29464.81,29471.440000000002,29458.940000000002,29470.31,4000
2026-08-31T07:15:00+00:00,29470.31,29471.190000000002,29457.440000000002,29460.940000000002,3621
2026-08-31T07:20:00+00:00,29460.940000000002,29478.81,29460.690000000002,29474.81,3806
2026-08-31T07:25:00+00:00,29474.81,29476.190000000002,29460.81,29465.56,4188
2026-08-31T07:30:00+00:00,29465.56,29474.690000000002,29460.81,29469.06,3992
2026-08-31T07:35:00+00:00,29469.06,29478.940000000002,29459.940000000002,29464.690000000002,3278
2026-08-31T07:40:00+00:00,29464.690000000002,29466.690000000002,29458.31,29463.56,2647
2026-08-31T07:45:00+00:00,29463.56,29466.31,29456.440000000002,29462.190000000002,2516
2026-08-31T07:50:00+00:00,29462.190000000002,29463.06,29450.190000000002,29459.31,2371
2026-08-31T07:55:00+00:00,29459.31,29468.190000000002,29457.690000000002,29465.81,2533
2026-08-31T08:00:00+00:00,29465.81,29491.440000000002,29444.940000000002,29448.690000000002,8193
2026-08-31T08:05:00+00:00,29448.690000000002,29489.690000000002,29442.760000000002,29488.190000000002,5768
2026-08-31T08:10:00+00:00,29488.190000000002,29492.190000000002,29460.56,29462.56,4636
2026-08-31T08:15:00+00:00,29462.56,29467.56,29455.690000000002,29455.81,4061
2026-08-31T08:20:00+00:00,29455.81,29462.690000000002,29442.940000000002,29452.940000000002,4314
2026-08-31T08:25:00+00:00,29452.940000000002,29462.690000000002,29449.31,29457.190000000002,3109
2026-08-31T08:30:00+00:00,29457.190000000002,29460.06,29447.56,29452.56,3297
2026-08-31T08:35:00+00:00,29452.56,29457.440000000002,29444.56,29447.31,3508
2026-08-31T08:40:00+00:00,29447.31,29448.06,29432.56,29441.440000000002,3410
2026-08-31T08:45:00+00:00,29441.440000000002,29450.940000000002,29439.31,29447.690000000002,2942
2026-08-31T08:50:00+00:00,29447.690000000002,29455.190000000002,29443.190000000002,29444.31,3007
2026-08-31T08:55:00+00:00,29444.31,29449.690000000002,29437.440000000002,29442.56,2179
2026-08-31T09:00:00+00:00,29442.56,29446.31,29428.31,29430.690000000002,2847
2026-08-31T09:05:00+00:00,29430.690000000002,29449.940000000002,29428.010000000002,29449.06,2929
2026-08-31T09:10:00+00:00,29449.06,29458.190000000002,29444.940000000002,29449.81,3337
2026-08-31T09:15:00+00:00,29449.81,29465.81,29449.06,29462.56,3024
2026-08-31T09:20:00+00:00,29462.56,29465.06,29447.190000000002,29454.81,2588
2026-08-31T09:25:00+00:00,29454.81,29455.940000000002,29447.440000000002,29447.56,2359
2026-08-31T09:30:00+00:00,29447.56,29450.31,29438.31,29441.06,2339
2026-08-31T09:35:00+00:00,29441.06,29441.440000000002,29430.56,29431.81,1964
2026-08-31T09:40:00+00:00,29431.81,29431.81,29424.190000000002,29425.06,1760
2026-08-31T09:45:00+00:00,29425.06,29426.440000000002,29404.940000000002,29405.690000000002,2655
2026-08-31T09:50:00+00:00,29405.690000000002,29413.440000000002,29403.940000000002,29409.440000000002,2773
2026-08-31T09:55:00+00:00,29409.440000000002,29409.81,29402.940000000002,29408.440000000002,1978
2026-08-31T10:00:00+00:00,29408.440000000002,29409.940000000002,29397.440000000002,29406.56,3709
2026-08-31T10:05:00+00:00,29406.56,29417.440000000002,29404.440000000002,29406.31,3783
2026-08-31T10:10:00+00:00,29406.31,29416.81,29404.190000000002,29414.940000000002,2987
2026-08-31T10:15:00+00:00,29414.940000000002,29415.56,29402.940000000002,29409.190000000002,2801
2026-08-31T10:20:00+00:00,29409.190000000002,29424.190000000002,29408.06,29420.940000000002,3510
2026-08-31T10:25:00+00:00,29420.940000000002,29424.31,29407.06,29417.440000000002,3160
2026-08-31T10:30:00+00:00,29417.440000000002,29417.81,29407.440000000002,29410.440000000002,3153
2026-08-31T10:35:00+00:00,29410.440000000002,29417.56,29409.06,29414.81,2918
2026-08-31T10:40:00+00:00,29414.81,29416.190000000002,29408.81,29411.690000000002,1902
2026-08-31T10:45:00+00:00,29411.690000000002,29416.56,29407.31,29411.940000000002,1837
2026-08-31T10:50:00+00:00,29411.940000000002,29428.56,29407.440000000002,29419.31,3167
2026-08-31T10:55:00+00:00,29419.31,29422.81,29412.940000000002,29416.31,2600
2026-08-31T11:00:00+00:00,29416.31,29420.440000000002,29398.81,29404.56,5968
2026-08-31T11:05:00+00:00,29404.56,29416.81,29393.81,29412.690000000002,4241
2026-08-31T11:10:00+00:00,29412.690000000002,29416.56,29395.81,29396.56,3060
2026-08-31T11:15:00+00:00,29396.56,29417.690000000002,29393.440000000002,29414.690000000002,4911
2026-08-31T11:20:00+00:00,29414.690000000002,29418.940000000002,29403.690000000002,29416.56,3703
2026-08-31T11:25:00+00:00,29416.56,29427.190000000002,29412.31,29422.190000000002,2945
2026-08-31T11:30:00+00:00,29422.190000000002,29424.06,29395.440000000002,29395.56,4420
2026-08-31T11:35:00+00:00,29395.56,29398.31,29391.31,29394.06,3149
2026-08-31T11:40:00+00:00,29394.06,29416.690000000002,29390.190000000002,29390.440000000002,5631
2026-08-31T11:45:00+00:00,29390.440000000002,29396.690000000002,29382.940000000002,29388.190000000002,3462
2026-08-31T11:50:00+00:00,29388.190000000002,29396.81,29382.81,29386.81,3467
2026-08-31T11:55:00+00:00,29386.81,29392.690000000002,29384.440000000002,29386.56,3157
2026-08-31T12:00:00+00:00,29386.56,29406.31,29384.940000000002,29398.31,5247
2026-08-31T12:05:00+00:00,29398.31,29423.940000000002,29356.260000000002,29405.440000000002,6248
2026-08-31T12:10:00+00:00,29405.440000000002,29413.940000000002,29390.190000000002,29407.190000000002,5630
2026-08-31T12:15:00+00:00,29407.190000000002,29430.31,29406.56,29428.81,4244
2026-08-31T12:20:00+00:00,29428.81,29439.440000000002,29396.190000000002,29397.81,5062
2026-08-31T12:25:00+00:00,29397.81,29398.56,29354.760000000002,29372.56,8325
2026-08-31T12:30:00+00:00,29372.56,29382.940000000002,29360.190000000002,29381.940000000002,7777
2026-08-31T12:35:00+00:00,29381.940000000002,29398.940000000002,29360.81,29362.81,6812
2026-08-31T12:40:00+00:00,29362.81,29363.81,29346.690000000002,29355.940000000002,6052
2026-08-31T12:45:00+00:00,29355.940000000002,29364.81,29348.06,29354.440000000002,5026
2026-08-31T12:50:00+00:00,29354.440000000002,29361.31,29338.440000000002,29340.690000000002,4440
2026-08-31T12:55:00+00:00,29340.690000000002,29350.440000000002,29336.940000000002,29346.940000000002,5243
2026-08-31T13:00:00+00:00,29346.940000000002,29355.440000000002,29334.940000000002,29343.440000000002,7381
2026-08-31T13:05:00+00:00,29343.440000000002,29353.06,29341.690000000002,29350.56,5785
2026-08-31T13:10:00+00:00,29350.56,29368.06,29347.81,29365.690000000002,4987
2026-08-31T13:15:00+00:00,29365.690000000002,29379.940000000002,29365.440000000002,29375.06,4424
2026-08-31T13:20:00+00:00,29375.06,29381.31,29372.31,29372.690000000002,3943
2026-08-31T13:25:00+00:00,29372.690000000002,29398.940000000002,29368.31,29395.940000000002,11387
2026-08-31T13:30:00+00:00,29395.940000000002,29474.09,29374.760000000002,29422.34,65428
2026-08-31T13:35:00+00:00,29422.34,29423.210000000003,29347.710000000003,29356.34,61445
2026-08-31T13:40:00+00:00,29356.34,29399.460000000003,29349.460000000003,29365.460000000003,53180
2026-08-31T13:45:00+00:00,29365.460000000003,29431.710000000003,29345.510000000002,29397.09,49144
2026-08-31T13:50:00+00:00,29397.09,29426.34,29370.460000000003,29422.460000000003,42541
2026-08-31T13:55:00+00:00,29422.460000000003,29436.09,29388.710000000003,29395.84,36172
2026-08-31T14:00:00+00:00,29395.84,29405.09,29354.210000000003,29360.09,33759
2026-08-31T14:05:00+00:00,29360.09,29380.960000000003,29334.460000000003,29335.34,30909
2026-08-31T14:10:00+00:00,29335.34,29362.59,29328.34,29351.34,27236
2026-08-31T14:15:00+00:00,29351.34,29388.59,29338.84,29375.59,24749
2026-08-31T14:20:00+00:00,29375.59,29382.710000000003,29323.460000000003,29324.210000000003,23712
2026-08-31T14:25:00+00:00,29324.210000000003,29344.210000000003,29312.960000000003,29331.960000000003,24692
2026-08-31T14:30:00+00:00,29331.960000000003,29345.460000000003,29321.84,29333.84,21073
2026-08-31T14:35:00+00:00,29333.84,29386.710000000003,29328.460000000003,29364.710000000003,22098
2026-08-31T14:40:00+00:00,29364.710000000003,29392.210000000003,29360.59,29382.710000000003,16247
2026-08-31T14:45:00+00:00,29382.710000000003,29385.210000000003,29341.59,29347.210000000003,18297
2026-08-31T14:50:00+00:00,29347.210000000003,29371.59,29342.710000000003,29368.710000000003,14566
2026-08-31T14:55:00+00:00,29368.710000000003,29400.34,29364.59,29373.09,15567
2026-08-31T15:00:00+00:00,29373.09,29400.210000000003,29353.09,29367.34,19685
2026-08-31T15:05:00+00:00,29367.34,29393.710000000003,29360.84,29365.34,15848
2026-08-31T15:10:00+00:00,29365.34,29388.59,29361.960000000003,29374.59,15893
2026-08-31T15:15:00+00:00,29374.59,29385.09,29354.84,29377.710000000003,14407
2026-08-31T15:20:00+00:00,29377.710000000003,29398.09,29365.59,29394.59,14371
2026-08-31T15:25:00+00:00,29394.59,29402.34,29373.460000000003,29378.210000000003,14661
2026-08-31T15:30:00+00:00,29378.210000000003,29382.59,29343.710000000003,29355.09,17951
2026-08-31T15:35:00+00:00,29355.09,29361.960000000003,29341.84,29354.460000000003,13496
2026-08-31T15:40:00+00:00,29354.460000000003,29366.710000000003,29340.59,29366.210000000003,11090
2026-08-31T15:45:00+00:00,29366.210000000003,29375.960000000003,29352.84,29368.210000000003,11184
2026-08-31T15:50:00+00:00,29368.210000000003,29389.960000000003,29367.84,29376.210000000003,10242
2026-08-31T15:55:00+00:00,29376.210000000003,29380.34,29342.34,29346.34,11675
2026-08-31T16:00:00+00:00,29346.34,29347.84,29322.710000000003,29326.84,13214
2026-08-31T16:05:00+00:00,29326.84,29335.710000000003,29320.84,29330.960000000003,10510
2026-08-31T16:10:00+00:00,29330.960000000003,29370.460000000003,29327.710000000003,29364.960000000003,12259
2026-08-31T16:15:00+00:00,29364.960000000003,29368.460000000003,29339.34,29356.84,10252
2026-08-31T16:20:00+00:00,29356.84,29364.710000000003,29347.34,29357.710000000003,9730
2026-08-31T16:25:00+00:00,29357.710000000003,29384.09,29357.09,29382.710000000003,8149
2026-08-31T16:30:00+00:00,29382.710000000003,29384.210000000003,29365.59,29373.460000000003,11372
2026-08-31T16:35:00+00:00,29373.460000000003,29383.710000000003,29352.84,29353.210000000003,8312
2026-08-31T16:40:00+00:00,29353.210000000003,29388.34,29352.34,29371.210000000003,8758
2026-08-31T16:45:00+00:00,29371.210000000003,29391.09,29366.960000000003,29383.59,8021
2026-08-31T16:50:00+00:00,29383.59,29396.960000000003,29379.460000000003,29389.210000000003,7120
2026-08-31T16:55:00+00:00,29389.210000000003,29400.460000000003,29388.34,29397.460000000003,6585
2026-08-31T17:00:00+00:00,29397.460000000003,29398.710000000003,29380.710000000003,29386.960000000003,8316
2026-08-31T17:05:00+00:00,29386.960000000003,29395.710000000003,29375.210000000003,29376.460000000003,6953
2026-08-31T17:10:00+00:00,29376.460000000003,29384.34,29372.960000000003,29381.210000000003,6622
2026-08-31T17:15:00+00:00,29381.210000000003,29391.59,29368.59,29376.84,7481
2026-08-31T17:20:00+00:00,29376.84,29383.09,29371.460000000003,29376.09,7057
2026-08-31T17:25:00+00:00,29376.09,29377.710000000003,29351.210000000003,29354.34,6634
2026-08-31T17:30:00+00:00,29354.34,29362.59,29345.84,29346.09,8170
2026-08-31T17:35:00+00:00,29346.09,29374.460000000003,29345.960000000003,29373.960000000003,6603
2026-08-31T17:40:00+00:00,29373.960000000003,29397.210000000003,29372.09,29397.210000000003,7298
2026-08-31T17:45:00+00:00,29397.210000000003,29402.210000000003,29388.34,29394.710000000003,6595
2026-08-31T17:50:00+00:00,29394.710000000003,29414.710000000003,29393.34,29410.960000000003,6919
2026-08-31T17:55:00+00:00,29410.960000000003,29413.710000000003,29389.84,29399.210000000003,7092
2026-08-31T18:00:00+00:00,29399.210000000003,29411.210000000003,29379.960000000003,29408.960000000003,12650
2026-08-31T18:05:00+00:00,29408.960000000003,29415.960000000003,29400.59,29412.460000000003,6978
2026-08-31T18:10:00+00:00,29412.460000000003,29413.460000000003,29399.710000000003,29404.460000000003,5897
2026-08-31T18:15:00+00:00,29404.460000000003,29415.09,29401.960000000003,29411.710000000003,5855
2026-08-31T18:20:00+00:00,29411.710000000003,29418.34,29402.210000000003,29411.59,5796
2026-08-31T18:25:00+00:00,29411.59,29412.710000000003,29394.84,29395.710000000003,6631
2026-08-31T18:30:00+00:00,29395.710000000003,29400.84,29379.84,29381.210000000003,6639
2026-08-31T18:35:00+00:00,29381.210000000003,29386.960000000003,29349.210000000003,29354.84,10209
2026-08-31T18:40:00+00:00,29354.84,29361.460000000003,29340.210000000003,29356.960000000003,9663
2026-08-31T18:45:00+00:00,29356.960000000003,29363.59,29347.84,29361.960000000003,7676
2026-08-31T18:50:00+00:00,29361.960000000003,29372.34,29353.460000000003,29366.210000000003,6973
2026-08-31T18:55:00+00:00,29366.210000000003,29377.84,29357.710000000003,29361.59,8017
2026-08-31T19:00:00+00:00,29361.59,29382.84,29361.460000000003,29369.460000000003,7584
2026-08-31T19:05:00+00:00,29369.460000000003,29381.34,29361.210000000003,29379.210000000003,6743
2026-08-31T19:10:00+00:00,29379.210000000003,29386.84,29372.34,29382.960000000003,6316
2026-08-31T19:15:00+00:00,29382.960000000003,29385.84,29374.710000000003,29379.210000000003,5614
2026-08-31T19:20:00+00:00,29379.210000000003,29398.960000000003,29376.34,29390.210000000003,6815
2026-08-31T19:25:00+00:00,29390.210000000003,29410.84,29385.210000000003,29405.460000000003,7092
2026-08-31T19:30:00+00:00,29405.460000000003,29407.210000000003,29388.210000000003,29402.210000000003,8870
2026-08-31T19:35:00+00:00,29402.210000000003,29413.84,29397.09,29408.960000000003,6882
2026-08-31T19:40:00+00:00,29408.960000000003,29440.34,29404.34,29434.210000000003,7825
2026-08-31T19:45:00+00:00,29434.210000000003,29442.59,29416.210000000003,29431.710000000003,9331
2026-08-31T19:50:00+00:00,29431.710000000003,29491.960000000003,29431.510000000002,29481.84,20498
2026-08-31T19:55:00+00:00,29481.84,29495.710000000003,29456.09,29463.59,27961
2026-08-31T20:00:00+00:00,29463.59,29483.940000000002,29463.440000000002,29473.440000000002,8617
2026-08-31T20:05:00+00:00,29473.440000000002,29484.190000000002,29471.31,29477.56,3456
2026-08-31T20:10:00+00:00,29477.56,29481.440000000002,29464.690000000002,29468.940000000002,3228
2026-08-31T20:15:00+00:00,29468.940000000002,29472.81,29466.190000000002,29469.690000000002,2010
2026-08-31T20:20:00+00:00,29469.690000000002,29469.690000000002,29464.440000000002,29467.940000000002,1382
2026-08-31T20:25:00+00:00,29467.940000000002,29473.690000000002,29466.440000000002,29470.81,1155
2026-08-31T20:30:00+00:00,29470.81,29473.06,29466.940000000002,29471.81,952
2026-08-31T20:35:00+00:00,29471.81,29474.56,29469.81,29473.31,960
2026-08-31T20:40:00+00:00,29473.31,29477.31,29472.56,29473.56,831
2026-08-31T20:45:00+00:00,29473.56,29474.56,29464.31,29464.690000000002,960
2026-08-31T20:50:00+00:00,29464.690000000002,29474.190000000002,29464.31,29473.56,981
2026-08-31T20:55:00+00:00,29473.56,29477.940000000002,29471.06,29477.760000000002,965
2026-08-31T22:00:00+00:00,29477.760000000002,29481.11,29461.49,29465.74,2508
2026-08-31T22:05:00+00:00,29465.74,29471.74,29460.74,29467.86,1699
2026-08-31T22:10:00+00:00,29467.86,29469.49,29462.11,29466.74,1394
2026-08-31T22:15:00+00:00,29466.74,29467.61,29458.36,29461.99,1185
2026-08-31T22:20:00+00:00,29461.99,29463.49,29459.11,29463.11,793
2026-08-31T22:25:00+00:00,29463.11,29464.36,29459.86,29461.36,516
2026-08-31T22:30:00+00:00,29461.36,29464.86,29460.99,29464.24,583
2026-08-31T22:35:00+00:00,29464.24,29466.99,29462.11,29464.36,593
2026-08-31T22:40:00+00:00,29464.36,29465.61,29462.36,29463.86,620
2026-08-31T22:45:00+00:00,29463.86,29466.36,29451.61,29453.61,1016
2026-08-31T22:50:00+00:00,29453.61,29455.36,29450.24,29451.24,796
2026-08-31T22:55:00+00:00,29451.24,29456.24,29450.86,29452.99,1035
2026-08-31T23:00:00+00:00,29452.99,29461.49,29449.61,29451.11,2170
2026-08-31T23:05:00+00:00,29451.11,29456.86,29451.11,29454.86,1264
2026-08-31T23:10:00+00:00,29454.86,29458.11,29452.36,29455.36,1280
2026-08-31T23:15:00+00:00,29455.36,29456.86,29449.99,29453.61,766
2026-08-31T23:20:00+00:00,29453.61,29454.99,29446.24,29448.49,1112
2026-08-31T23:25:00+00:00,29448.49,29458.49,29447.99,29456.11,837
2026-08-31T23:30:00+00:00,29456.11,29472.36,29453.61,29467.36,1579
2026-08-31T23:35:00+00:00,29467.36,29473.99,29453.36,29460.36,1845
2026-08-31T23:40:00+00:00,29460.36,29471.74,29459.86,29469.61,1271
2026-08-31T23:45:00+00:00,29469.61,29478.86,29461.56,29465.49,4529
2026-08-31T23:50:00+00:00,29465.49,29470.86,29461.99,29462.99,2626
2026-08-31T23:55:00+00:00,29462.99,29465.36,29456.11,29460.24,3701
2026-09-01T00:00:00+00:00,29460.24,29475.24,29439.74,29460.24,12471
2026-09-01T00:05:00+00:00,29460.24,29480.61,29456.74,29477.11,8899
2026-09-01T00:10:00+00:00,29477.11,29477.24,29446.74,29448.86,6489
2026-09-01T00:15:00+00:00,29448.86,29472.36,29437.74,29471.99,7373
2026-09-01T00:20:00+00:00,29471.99,29477.99,29461.86,29462.86,4526
2026-09-01T00:25:00+00:00,29462.86,29473.86,29455.61,29460.36,4918
2026-09-01T00:30:00+00:00,29460.36,29478.61,29443.74,29451.24,5618
2026-09-01T00:35:00+00:00,29451.24,29452.61,29445.24,29447.24,3755
2026-09-01T00:40:00+00:00,29447.24,29466.74,29444.86,29461.36,4617
2026-09-01T00:45:00+00:00,29461.36,29467.49,29451.99,29464.11,4909
2026-09-01T00:50:00+00:00,29464.11,29465.61,29453.74,29458.11,4105
2026-09-01T00:55:00+00:00,29458.11,29466.99,29451.74,29465.86,3768
2026-09-01T01:00:00+00:00,29465.86,29473.36,29461.11,29469.11,5901
2026-09-01T01:05:00+00:00,29469.11,29471.99,29451.36,29464.61,5294
2026-09-01T01:10:00+00:00,29464.61,29473.11,29458.11,29471.74,5148
2026-09-01T01:15:00+00:00,29471.74,29475.36,29467.61,29472.74,3931
2026-09-01T01:20:00+00:00,29472.74,29475.49,29463.61,29466.99,3692
2026-09-01T01:25:00+00:00,29466.99,29466.99,29436.99,29443.11,4759
2026-09-01T01:30:00+00:00,29443.11,29465.61,29434.49,29465.49,7579
2026-09-01T01:35:00+00:00,29465.49,29474.49,29450.99,29459.24,4599
2026-09-01T01:40:00+00:00,29459.24,29467.36,29454.24,29467.24,4082
2026-09-01T01:45:00+00:00,29467.24,29470.24,29462.11,29464.11,2932
2026-09-01T01:50:00+00:00,29464.11,29466.11,29450.74,29450.99,2602
2026-09-01T01:55:00+00:00,29450.99,29464.74,29449.74,29458.49,3710
2026-09-01T02:00:00+00:00,29458.49,29462.61,29451.61,29455.49,4699
2026-09-01T02:05:00+00:00,29455.49,29456.49,29441.61,29444.11,3187
2026-09-01T02:10:00+00:00,29444.11,29444.11,29434.74,29440.24,2077
2026-09-01T02:15:00+00:00,29440.24,29443.49,29435.86,29442.74,2059
2026-09-01T02:20:00+00:00,29442.74,29445.99,29432.61,29435.61,2547
2026-09-01T02:25:00+00:00,29435.61,29435.61,29412.24,29419.24,3891
2026-09-01T02:30:00+00:00,29419.24,29431.74,29418.24,29421.86,4628
2026-09-01T02:35:00+00:00,29421.86,29421.86,29399.61,29401.99,3734
2026-09-01T02:40:00+00:00,29401.99,29403.86,29395.24,29398.11,3166
2026-09-01T02:45:00+00:00,29398.11,29414.11,29395.74,29409.74,3222
2026-09-01T02:50:00+00:00,29409.74,29417.49,29409.36,29416.24,2648
2026-09-01T02:55:00+00:00,29416.24,29452.24,29414.24,29450.99,3278
2026-09-01T03:00:00+00:00,29450.99,29453.11,29430.61,29431.74,4114
2026-09-01T03:05:00+00:00,29431.74,29439.11,29427.74,29432.11,3132
2026-09-01T03:10:00+00:00,29432.11,29437.36,29427.31,29430.74,3101
2026-09-01T03:15:00+00:00,29430.74,29435.99,29426.61,29430.11,3272
2026-09-01T03:20:00+00:00,29430.11,29431.24,29423.99,29426.74,2391
2026-09-01T03:25:00+00:00,29426.74,29433.24,29418.74,29423.86,2689
2026-09-01T03:30:00+00:00,29423.86,29434.61,29420.11,29429.36,3968
2026-09-01T03:35:00+00:00,29429.36,29440.74,29425.36,29436.11,3184
2026-09-01T03:40:00+00:00,29436.11,29442.24,29432.99,29436.86,2242
2026-09-01T03:45:00+00:00,29436.86,29445.86,29434.49,29444.74,2442
2026-09-01T03:50:00+00:00,29444.74,29447.61,29439.36,29440.61,2230
2026-09-01T03:55:00+00:00,29440.61,29446.24,29438.11,29445.99,2215
2026-09-01T04:00:00+00:00,29445.99,29456.99,29441.74,29445.61,2894
2026-09-01T04:05:00+00:00,29445.61,29449.74,29440.99,29444.24,2496
2026-09-01T04:10:00+00:00,29444.24,29451.99,29442.74,29448.24,2594
2026-09-01T04:15:00+00:00,29448.24,29458.24,29446.61,29454.99,2472
2026-09-01T04:20:00+00:00,29454.99,29459.61,29452.49,29455.86,1793
2026-09-01T04:25:00+00:00,29455.86,29460.86,29445.11,29452.49,2388
2026-09-01T04:30:00+00:00,29452.49,29461.74,29449.24,29454.36,3110
2026-09-01T04:35:00+00:00,29454.36,29459.11,29446.74,29448.61,2154
2026-09-01T04:40:00+00:00,29448.61,29450.86,29429.74,29430.11,2609
2026-09-01T04:45:00+00:00,29430.11,29453.24,29426.81,29450.74,2954
2026-09-01T04:50:00+00:00,29450.74,29452.74,29433.11,29435.11,2878
2026-09-01T04:55:00+00:00,29435.11,29437.49,29425.74,29432.36,2915
2026-09-01T05:00:00+00:00,29432.36,29434.11,29419.61,29431.24,3211
2026-09-01T05:05:00+00:00,29431.24,29434.86,29429.49,29433.24,2060
2026-09-01T05:10:00+00:00,29433.24,29434.99,29423.11,29423.74,2442
2026-09-01T05:15:00+00:00,29423.74,29427.24,29411.86,29413.86,2763
2026-09-01T05:20:00+00:00,29413.86,29423.99,29406.61,29422.86,2812
2026-09-01T05:25:00+00:00,29422.86,29447.24,29420.49,29444.99,3788
2026-09-01T05:30:00+00:00,29444.99,29462.61,29441.24,29455.36,4244
2026-09-01T05:35:00+00:00,29455.36,29480.24,29450.86,29474.61,3664
2026-09-01T05:40:00+00:00,29474.61,29495.24,29474.24,29492.99,3818
2026-09-01T05:45:00+00:00,29492.99,29496.24,29484.99,29485.74,2870
2026-09-01T05:50:00+00:00,29485.74,29502.74,29481.24,29501.74,2926
2026-09-01T05:55:00+00:00,29501.74,29530.36,29501.24,29520.74,3470
2026-09-01T06:00:00+00:00,29520.74,29526.99,29499.74,29500.99,3557
2026-09-01T06:05:00+00:00,29500.99,29517.36,29489.99,29504.74,4301
2026-09-01T06:10:00+00:00,29504.74,29511.61,29500.74,29504.36,4765
2026-09-01T06:15:00+00:00,29504.36,29505.86,29488.99,29497.74,4542
2026-09-01T06:20:00+00:00,29497.74,29504.86,29484.99,29487.99,3905
2026-09-01T06:25:00+00:00,29487.99,29496.86,29473.86,29476.24,4070
2026-09-01T06:30:00+00:00,29476.24,29493.74,29473.24,29481.11,5098
2026-09-01T06:35:00+00:00,29481.11,29497.11,29473.99,29495.74,4167
2026-09-01T06:40:00+00:00,29495.74,29504.74,29491.74,29498.61,2999
2026-09-01T06:45:00+00:00,29498.61,29500.24,29484.11,29487.74,3091
2026-09-01T06:50:00+00:00,29487.74,29490.61,29483.24,29489.74,3598
2026-09-01T06:55:00+00:00,29489.74,29490.99,29473.74,29474.74,4281
2026-09-01T07:00:00+00:00,29474.74,29508.49,29471.61,29507.11,8662
2026-09-01T07:05:00+00:00,29507.11,29513.86,29491.74,29491.74,6662
2026-09-01T07:10:00+00:00,29491.74,29514.86,29474.61,29513.11,6469
2026-09-01T07:15:00+00:00,29513.11,29515.61,29488.74,29500.36,5346
2026-09-01T07:20:00+00:00,29500.36,29508.61,29487.74,29500.11,4449
2026-09-01T07:25:00+00:00,29500.11,29513.86,29499.61,29505.49,4119
2026-09-01T07:30:00+00:00,29505.49,29506.24,29474.99,29475.11,5117
2026-09-01T07:35:00+00:00,29475.11,29475.11,29427.99,29427.99,6918
2026-09-01T07:40:00+00:00,29427.99,29435.24,29421.74,29422.49,5248
2026-09-01T07:45:00+00:00,29422.49,29437.74,29398.86,29433.61,5704
2026-09-01T07:50:00+00:00,29433.61,29434.24,29413.99,29414.49,4260
2026-09-01T07:55:00+00:00,29414.49,29418.49,29389.81,29395.36,5313
2026-09-01T08:00:00+00:00,29395.36,29404.86,29372.06,29389.61,8577
2026-09-01T08:05:00+00:00,29389.61,29408.36,29286.81,29295.99,17067
2026-09-01T08:10:00+00:00,29295.99,29320.61,29289.36,29308.36,9931
2026-09-01T08:15:00+00:00,29308.36,29318.49,29277.61,29289.99,10022
2026-09-01T08:20:00+00:00,29289.99,29294.24,29260.74,29265.49,9028
2026-09-01T08:25:00+00:00,29265.49,29278.11,29238.61,29245.24,9737
2026-09-01T08:30:00+00:00,29245.24,29271.36,29240.49,29266.86,8058
2026-09-01T08:35:00+00:00,29266.86,29269.11,29220.31,29226.74,7841
2026-09-01T08:40:00+00:00,29226.74,29238.49,29206.56,29217.74,8032
2026-09-01T08:45:00+00:00,29217.74,29232.49,29208.11,29217.49,7202
2026-09-01T08:50:00+00:00,29217.49,29235.99,29207.99,29227.86,6532
2026-09-01T08:55:00+00:00,29227.86,29238.86,29191.06,29194.49,6840
2026-09-01T09:00:00+00:00,29194.49,29202.99,29171.36,29181.99,7222
2026-09-01T09:05:00+00:00,29181.99,29188.49,29160.74,29170.36,5986
2026-09-01T09:10:00+00:00,29170.36,29181.36,29163.86,29167.24,6592
2026-09-01T09:15:00+00:00,29167.24,29177.74,29155.56,29160.11,6118
2026-09-01T09:20:00+00:00,29160.11,29166.61,29145.24,29154.99,6188
2026-09-01T09:25:00+00:00,29154.99,29161.24,29148.86,29157.24,4896
2026-09-01T09:30:00+00:00,29157.24,29166.36,29152.36,29161.24,6455
2026-09-01T09:35:00+00:00,29161.24,29166.11,29143.61,29146.74,6028
2026-09-01T09:40:00+00:00,29146.74,29175.86,29143.24,29172.36,5499
2026-09-01T09:45:00+00:00,29172.36,29187.11,29170.86,29178.86,4670
2026-09-01T09:50:00+00:00,29178.86,29182.61,29173.11,29181.99,4395
2026-09-01T09:55:00+00:00,29181.99,29183.99,29171.11,29172.11,3758
2026-09-01T10:00:00+00:00,29172.11,29186.99,29160.74,29169.49,5500
2026-09-01T10:05:00+00:00,29169.49,29180.74,29166.61,29167.61,4983
2026-09-01T10:10:00+00:00,29167.61,29186.49,29163.74,29181.61,3931
2026-09-01T10:15:00+00:00,29181.61,29188.36,29171.24,29178.99,4547
2026-09-01T10:20:00+00:00,29178.99,29207.49,29176.49,29204.74,4170
2026-09-01T10:25:00+00:00,29204.74,29207.99,29192.49,29196.61,3444
2026-09-01T10:30:00+00:00,29196.61,29215.11,29195.24,29215.11,3949
2026-09-01T10:35:00+00:00,29215.11,29217.11,29208.11,29209.36,2935
2026-09-01T10:40:00+00:00,29209.36,29209.61,29186.61,29186.99,4061
2026-09-01T10:45:00+00:00,29186.99,29202.24,29178.31,29182.49,4890
2026-09-01T10:50:00+00:00,29182.49,29183.99,29156.81,29172.36,4375
2026-09-01T10:55:00+00:00,29172.36,29174.24,29167.36,29169.11,3761
2026-09-01T11:00:00+00:00,29159.86,29167.11,29150.06,29163.61,4822
2026-09-01T11:05:00+00:00,29163.61,29163.61,29138.06,29157.86,6557
2026-09-01T11:10:00+00:00,29157.86,29163.99,29152.74,29159.49,4832
2026-09-01T11:15:00+00:00,29159.49,29171.49,29158.24,29166.61,3696
2026-09-01T11:20:00+00:00,29166.61,29175.74,29155.74,29159.86,4987
2026-09-01T11:25:00+00:00,29159.86,29171.36,29155.61,29167.61,5202
2026-09-01T11:30:00+00:00,29167.61,29184.74,29165.49,29171.36,4691
2026-09-01T11:35:00+00:00,29171.36,29195.61,29169.74,29194.74,3453
2026-09-01T11:40:00+00:00,29194.74,29197.11,29185.61,29186.24,3514
2026-09-01T11:45:00+00:00,29186.24,29188.74,29164.99,29167.86,4658
2026-09-01T11:50:00+00:00,29167.86,29176.36,29157.86,29158.24,5198
2026-09-01T11:55:00+00:00,29158.24,29159.74,29126.86,29131.11,6243
2026-09-01T12:00:00+00:00,29131.11,29138.74,29116.74,29133.74,7962
2026-09-01T12:05:00+00:00,29133.74,29135.86,29114.31,29117.61,7057
2026-09-01T12:10:00+00:00,29117.61,29126.24,29113.11,29124.24,6097
2026-09-01T12:15:00+00:00,29124.24,29132.49,29105.49,29107.24,5889
2026-09-01T12:20:00+00:00,29107.24,29121.36,29097.61,29115.24,6061
2026-09-01T12:25:00+00:00,29115.24,29130.86,29110.24,29128.99,4703
2026-09-01T12:30:00+00:00,29128.99,29129.74,29100.86,29109.49,6430
2026-09-01T12:35:00+00:00,29109.49,29113.61,29085.61,29097.61,7886
2026-09-01T12:40:00+00:00,29097.61,29100.61,29082.99,29089.11,6154
2026-09-01T12:45:00+00:00,29089.11,29112.36,29083.24,29086.24,5911
2026-09-01T12:50:00+00:00,29086.24,29097.24,29083.99,29090.74,5096
2026-09-01T12:55:00+00:00,29090.74,29094.11,29082.36,29085.11,4715
2026-09-01T13:00:00+00:00,29085.11,29085.74,29054.36,29058.24,8745
2026-09-01T13:05:00+00:00,29058.24,29063.74,29045.99,29057.74,7320
2026-09-01T13:10:00+00:00,29057.74,29063.61,29048.49,29052.36,5046
2026-09-01T13:15:00+00:00,29052.36,29059.49,29043.99,29056.49,5307
2026-09-01T13:20:00+00:00,29056.49,29073.99,29054.49,29071.86,4405
2026-09-01T13:25:00+00:00,29071.86,29081.61,29059.24,29070.86,8403
2026-09-01T13:30:00+00:00,29070.86,29084.390000000003,29022.260000000002,29058.760000000002,63871
2026-09-01T13:35:00+00:00,29058.760000000002,29100.010000000002,29020.010000000002,29031.640000000003,51967
2026-09-01T13:40:00+00:00,29031.640000000003,29056.390000000003,29000.010000000002,29043.010000000002,42798
2026-09-01T13:45:00+00:00,29043.010000000002,29104.010000000002,29034.81,29103.510000000002,40957
2026-09-01T13:50:00+00:00,29103.510000000002,29117.390000000003,29066.010000000002,29083.390000000003,34081
2026-09-01T13:55:00+00:00,29083.390000000003,29089.760000000002,29051.760000000002,29063.81,24764
2026-09-01T14:00:00+00:00,29063.81,29098.010000000002,29045.31,29063.640000000003,29776
2026-09-01T14:05:00+00:00,29063.640000000003,29121.510000000002,29063.640000000003,29113.510000000002,24327
2026-09-01T14:10:00+00:00,29113.510000000002,29119.640000000003,29076.010000000002,29094.140000000003,24889
2026-09-01T14:15:00+00:00,29094.140000000003,29132.510000000002,29091.640000000003,29105.140000000003,23644
2026-09-01T14:20:00+00:00,29105.140000000003,29138.890000000003,29104.890000000003,29120.640000000003,18455
2026-09-01T14:25:00+00:00,29120.640000000003,29138.010000000002,29114.890000000003,29125.010000000002,17015
2026-09-01T14:30:00+00:00,29125.010000000002,29172.510000000002,29122.260000000002,29169.510000000002,15590
2026-09-01T14:35:00+00:00,29169.510000000002,29174.640000000003,29156.390000000003,29168.640000000003,13090
2026-09-01T14:40:00+00:00,29168.640000000003,29194.390000000003,29164.640000000003,29193.760000000002,12963
2026-09-01T14:45:00+00:00,29193.760000000002,29227.510000000002,29184.140000000003,29206.010000000002,15748
2026-09-01T14:50:00+00:00,29206.010000000002,29206.890000000003,29178.260000000002,29181.760000000002,16742
2026-09-01T14:55:00+00:00,29181.760000000002,29189.260000000002,29167.06,29188.010000000002,13145
2026-09-01T15:00:00+00:00,29188.010000000002,29201.140000000003,29161.510000000002,29172.140000000003,15903
2026-09-01T15:05:00+00:00,29172.140000000003,29175.510000000002,29141.010000000002,29141.260000000002,15916
2026-09-01T15:10:00+00:00,29141.260000000002,29159.260000000002,29140.510000000002,29143.140000000003,13882
2026-09-01T15:15:00+00:00,29143.140000000003,29163.760000000002,29140.010000000002,29158.390000000003,14420
2026-09-01T15:20:00+00:00,29158.390000000003,29177.390000000003,29146.640000000003,29175.640000000003,12747
2026-09-01T15:25:00+00:00,29175.640000000003,29192.260000000002,29167.760000000002,29192.010000000002,11562
2026-09-01T15:30:00+00:00,29192.010000000002,29204.010000000002,29184.640000000003,29192.510000000002,12686
2026-09-01T15:35:00+00:00,29192.510000000002,29229.010000000002,29189.010000000002,29226.510000000002,10513
2026-09-01T15:40:00+00:00,29226.510000000002,29249.640000000003,29226.010000000002,29247.260000000002,10585
2026-09-01T15:45:00+00:00,29247.260000000002,29276.260000000002,29246.140000000003,29271.390000000003,10820
2026-09-01T15:50:00+00:00,29271.390000000003,29276.010000000002,29256.260000000002,29269.390000000003,9049
2026-09-01T15:55:00+00:00,29269.390000000003,29271.010000000002,29249.260000000002,29255.510000000002,8113
2026-09-01T16:00:00+00:00,29255.510000000002,29260.010000000002,29236.510000000002,29239.140000000003,8560
2026-09-01T16:05:00+00:00,29239.140000000003,29242.390000000003,29217.060000000005,29218.640000000003,9417
2026-09-01T16:10:00+00:00,29218.640000000003,29224.510000000002,29191.890000000003,29191.890000000003,10901
2026-09-01T16:15:00+00:00,29191.890000000003,29195.260000000002,29162.140000000003,29164.140000000003,12206
2026-09-01T16:20:00+00:00,29164.140000000003,29169.010000000002,29131.260000000002,29155.260000000002,20386
2026-09-01T16:25:00+00:00,29155.260000000002,29161.390000000003,29123.140000000003,29137.510000000002,15612
2026-09-01T16:30:00+00:00,29137.510000000002,29143.390000000003,29092.510000000002,29094.510000000002,17515
2026-09-01T16:35:00+00:00,29094.510000000002,29123.390000000003,29093.890000000003,29123.390000000003,15991
2026-09-01T16:40:00+00:00,29123.390000000003,29128.390000000003,29096.510000000002,29097.760000000002,11762
2026-09-01T16:45:00+00:00,29097.760000000002,29121.510000000002,29093.260000000002,29121.260000000002,10403
2026-09-01T16:50:00+00:00,29121.260000000002,29126.510000000002,29112.010000000002,29122.640000000003,10179
2026-09-01T16:55:00+00:00,29122.640000000003,29156.890000000003,29122.640000000003,29150.640000000003,9563
2026-09-01T17:00:00+00:00,29150.640000000003,29151.390000000003,29109.510000000002,29110.390000000003,12993
2026-09-01T17:05:00+00:00,29110.390000000003,29118.510000000002,29099.010000000002,29107.140000000003,10937
2026-09-01T17:10:00+00:00,29107.140000000003,29124.010000000002,29100.640000000003,29115.390000000003,10170
2026-09-01T17:15:00+00:00,29115.390000000003,29123.260000000002,29094.010000000002,29101.260000000002,10586
2026-09-01T17:20:00+00:00,29101.260000000002,29110.140000000003,29092.140000000003,29099.390000000003,8773
2026-09-01T17:25:00+00:00,29099.390000000003,29105.760000000002,29063.510000000002,29102.390000000003,13704
2026-09-01T17:30:00+00:00,29102.390000000003,29118.510000000002,29098.260000000002,29112.140000000003,10902
2026-09-01T17:35:00+00:00,29112.140000000003,29121.010000000002,29100.510000000002,29103.140000000003,9775
2026-09-01T17:40:00+00:00,29103.140000000003,29118.260000000002,29101.890000000003,29111.140000000003,8078
2026-09-01T17:45:00+00:00,29111.140000000003,29112.760000000002,29082.760000000002,29083.140000000003,8719
2026-09-01T17:50:00+00:00,29083.140000000003,29097.510000000002,29078.010000000002,29084.260000000002,8576
2026-09-01T17:55:00+00:00,29084.260000000002,29102.510000000002,29079.010000000002,29100.010000000002,8407
2026-09-01T18:00:00+00:00,29100.010000000002,29110.890000000003,29080.390000000003,29084.760000000002,10281
2026-09-01T18:05:00+00:00,29084.760000000002,29084.760000000002,29071.890000000003,29080.640000000003,8236
2026-09-01T18:10:00+00:00,29080.640000000003,29085.510000000002,29061.510000000002,29062.010000000002,7585
2026-09-01T18:15:00+00:00,29062.010000000002,29075.890000000003,29050.640000000003,29071.390000000003,9452
2026-09-01T18:20:00+00:00,29071.390000000003,29077.510000000002,29065.010000000002,29075.260000000002,6800
2026-09-01T18:25:00+00:00,29075.260000000002,29075.260000000002,29045.510000000002,29053.640000000003,8498
2026-09-01T18:30:00+00:00,29053.640000000003,29056.760000000002,29028.010000000002,29032.260000000002,9387
2026-09-01T18:35:00+00:00,29032.260000000002,29039.260000000002,29018.010000000002,29021.010000000002,8653
2026-09-01T18:40:00+00:00,29021.010000000002,29024.010000000002,28974.260000000002,28974.260000000002,10997
2026-09-01T18:45:00+00:00,28974.260000000002,29002.010000000002,28962.260000000002,29001.510000000002,14085
2026-09-01T18:50:00+00:00,29001.510000000002,29010.260000000002,28993.640000000003,29008.010000000002,10426
2026-09-01T18:55:00+00:00,29008.010000000002,29040.260000000002,29005.140000000003,29035.510000000002,11809
2026-09-01T19:00:00+00:00,29035.510000000002,29064.260000000002,29031.010000000002,29059.010000000002,12865
2026-09-01T19:05:00+00:00,29059.010000000002,29067.760000000002,29048.760000000002,29062.510000000002,10336
2026-09-01T19:10:00+00:00,29062.510000000002,29080.010000000002,29059.260000000002,29079.510000000002,9602
2026-09-01T19:15:00+00:00,29079.510000000002,29084.890000000003,29068.890000000003,29075.510000000002,9602
2026-09-01T19:20:00+00:00,29075.510000000002,29083.890000000003,29063.510000000002,29076.760000000002,9355
2026-09-01T19:25:00+00:00,29076.760000000002,29088.760000000002,29070.760000000002,29086.010000000002,8242
2026-09-01T19:30:00+00:00,29086.010000000002,29087.510000000002,29053.260000000002,29078.390000000003,12119
2026-09-01T19:35:00+00:00,29078.390000000003,29084.010000000002,29063.260000000002,29063.510000000002,9396
2026-09-01T19:40:00+00:00,29063.510000000002,29083.010000000002,29058.760000000002,29077.510000000002,9761
2026-09-01T19:45:00+00:00,29077.510000000002,29100.510000000002,29072.890000000003,29092.640000000003,11458
2026-09-01T19:50:00+00:00,29092.640000000003,29092.640000000003,29046.890000000003,29063.260000000002,15454
2026-09-01T19:55:00+00:00,29063.260000000002,29090.890000000003,29056.260000000002,29084.890000000003,17674
2026-09-01T20:00:00+00:00,29084.890000000003,29116.610000000004,29076.990000000005,29090.610000000004,8492
2026-09-01T20:05:00+00:00,29090.610000000004,29103.990000000005,29072.860000000004,29088.490000000005,4681
2026-09-01T20:10:00+00:00,29088.490000000005,29096.360000000004,29084.110000000004,29093.990000000005,2868
2026-09-01T20:15:00+00:00,29093.990000000005,29116.490000000005,29093.740000000005,29115.610000000004,2569
2026-09-01T20:20:00+00:00,29115.610000000004,29118.360000000004,29108.490000000005,29109.740000000005,1723
2026-09-01T20:25:00+00:00,29109.740000000005,29112.740000000005,29095.490000000005,29095.490000000005,1815
2026-09-01T20:30:00+00:00,29095.490000000005,29102.240000000005,29093.240000000005,29094.240000000005,1442
2026-09-01T20:35:00+00:00,29094.240000000005,29099.240000000005,29094.240000000005,29096.990000000005,1196
2026-09-01T20:40:00+00:00,29096.990000000005,29114.860000000004,29091.990000000005,29105.860000000004,2383
2026-09-01T20:45:00+00:00,29105.860000000004,29106.360000000004,29096.740000000005,29101.610000000004,1714
2026-09-01T20:50:00+00:00,29101.610000000004,29105.610000000004,29095.740000000005,29095.860000000004,1315
2026-09-01T20:55:00+00:00,29095.860000000004,29100.740000000005,29089.990000000005,29097.560000000005,1836
2026-09-01T22:00:00+00:00,29097.560000000005,29111.420000000002,29079.800000000003,29084.120000000003,2040
2026-09-01T22:05:00+00:00,29084.120000000003,29084.420000000002,29074.120000000003,29076.550000000003,1175
2026-09-01T22:10:00+00:00,29076.550000000003,29076.800000000003,29070.920000000002,29072.920000000002,1711
2026-09-01T22:15:00+00:00,29072.920000000002,29077.420000000002,29070.420000000002,29072.170000000002,1417
2026-09-01T22:20:00+00:00,29072.170000000002,29076.300000000003,29065.300000000003,29074.550000000003,1164
2026-09-01T22:25:00+00:00,29074.550000000003,29088.300000000003,29069.420000000002,29077.300000000003,1696
2026-09-01T22:30:00+00:00,29077.300000000003,29083.420000000002,29076.170000000002,29080.050000000003,918
2026-09-01T22:35:00+00:00,29080.050000000003,29083.420000000002,29074.300000000003,29078.800000000003,1120
2026-09-01T22:40:00+00:00,29078.800000000003,29081.420000000002,29075.550000000003,29080.550000000003,950
2026-09-01T22:45:00+00:00,29080.550000000003,29101.050000000003,29078.300000000003,29096.670000000002,1642
2026-09-01T22:50:00+00:00,29096.670000000002,29101.170000000002,29093.300000000003,29095.420000000002,1410
2026-09-01T22:55:00+00:00,29095.420000000002,29100.800000000003,29090.420000000002,29094.050000000003,1067
2026-09-01T23:00:00+00:00,29094.050000000003,29098.170000000002,29091.670000000002,29093.420000000002,1268
2026-09-01T23:05:00+00:00,29093.420000000002,29095.920000000002,29091.800000000003,29092.050000000003,830
2026-09-01T23:10:00+00:00,29092.050000000003,29095.920000000002,29091.550000000003,29092.170000000002,836
2026-09-01T23:15:00+00:00,29092.170000000002,29095.550000000003,29091.170000000002,29092.170000000002,923
2026-09-01T23:20:00+00:00,29092.170000000002,29100.300000000003,29082.920000000002,29095.420000000002,1777
2026-09-01T23:25:00+00:00,29095.420000000002,29100.300000000003,29093.170000000002,29100.300000000003,1536
2026-09-01T23:30:00+00:00,29100.300000000003,29102.670000000002,29096.800000000003,29098.920000000002,1309
2026-09-01T23:35:00+00:00,29098.920000000002,29104.420000000002,29097.170000000002,29097.170000000002,1005
2026-09-01T23:40:00+00:00,29097.170000000002,29106.300000000003,29096.420000000002,29103.420000000002,1016
2026-09-01T23:45:00+00:00,29103.420000000002,29109.170000000002,29097.420000000002,29103.420000000002,4064
2026-09-01T23:50:00+00:00,29103.420000000002,29106.550000000003,29098.670000000002,29102.670000000002,2853
2026-09-01T23:55:00+00:00,29102.670000000002,29102.670000000002,29094.550000000003,29097.050000000003,2688
2026-09-02T00:00:00+00:00,29097.05,29106.3,29088.55,29089.92,11453
2026-09-02T00:05:00+00:00,29089.92,29097.8,29069.42,29088.17,9214
2026-09-02T00:10:00+00:00,29088.17,29102.42,29081.67,29091.92,8078
2026-09-02T00:15:00+00:00,29091.92,29115.05,29090.42,29098.3,8000
2026-09-02T00:20:00+00:00,29098.3,29132.8,29096.17,29109.67,9408
2026-09-02T00:25:00+00:00,29109.67,29111.17,29086.67,29090.42,8139
2026-09-02T00:30:00+00:00,29090.42,29110.92,29082.42,29085.92,7612
2026-09-02T00:35:00+00:00,29085.92,29103.42,29085.8,29092.17,6306
2026-09-02T00:40:00+00:00,29092.17,29105.55,29077.3,29102.92,4986
2026-09-02T00:45:00+00:00,29102.92,29108.05,29095.05,29095.92,4679
2026-09-02T00:50:00+00:00,29095.92,29096.8,29081.8,29082.05,4159
2026-09-02T00:55:00+00:00,29082.05,29089.42,29066.8,29066.92,4684
2026-09-02T01:00:00+00:00,29066.92,29089.3,29060.55,29084.42,10607
2026-09-02T01:05:00+00:00,29084.42,29084.42,29062.17,29065.92,7074
2026-09-02T01:10:00+00:00,29065.92,29070.17,29051.55,29061.3,5944
2026-09-02T01:15:00+00:00,29061.3,29081.05,29057.8,29069.92,6558
2026-09-02T01:20:00+00:00,29069.92,29087.17,29062.67,29087.05,5881
2026-09-02T01:25:00+00:00,29087.05,29092.42,29071.92,29078.3,4863
2026-09-02T01:30:00+00:00,29078.3,29085.42,29068.3,29085.05,6468
2026-09-02T01:35:00+00:00,29085.05,29085.55,29049.92,29049.92,5607
2026-09-02T01:40:00+00:00,29049.92,29054.92,29033.92,29037.42,4938
2026-09-02T01:45:00+00:00,29037.42,29041.17,29021.55,29025.67,4425
2026-09-02T01:50:00+00:00,29025.67,29027.67,29010.92,29022.67,4980
2026-09-02T01:55:00+00:00,29022.67,29040.920000000002,29018.05,29038.300000000003,5454
2026-09-02T02:00:00+00:00,29038.300000000003,29039.800000000003,29037.800000000003,29038.300000000003,222
